label,host_s,device_ms,single_deg,multi_deg,bus_v,legacy_current_ma,pwm_abs,nfault,awake,step,encoder_raw,velocity_dps,control_mode,legacy_target,phase,pwm_signed_legacy,pid_raw,pid_applied,stall_boost,settled,velocity_target_dps,current_target_ma,current_measured_ma,cascade_pwm
velocity_+3000,0.0005932999774813652,18683.0,130.63,0.0,19.46,0.0,0.0,1.0,1.0,3.0,5945.0,0.0,0.0,0.0,0.0,0.0,0.0,0.0,0.0,0.0,0.0,0.0,0.0,0.0
velocity_+3000,0.0029958999948576093,18765.0,130.63,0.0,19.47,1.0,0.0,1.0,1.0,3.0,5945.0,0.0,0.0,0.0,0.0,0.0,0.0,0.0,0.0,0.0,0.0,0.0,0.0,0.0
velocity_+3000,0.012567500001750886,18775.0,130.63,0.0,19.43,72.0,0.0,1.0,1.0,3.0,5945.0,0.0,2.0,3000.0,1.0,0.0,0.0,0.0,0.0,0.0,100.0,50.0,72.0,0.0
velocity_+3000,0.023165799997514114,18786.0,130.63,0.0,19.43,223.0,9.0,1.0,1.0,3.0,5945.0,0.0,2.0,3000.0,1.0,9.0,0.0,0.0,0.0,0.0,353.2,177.0,223.0,9.5
velocity_+3000,0.03293049999047071,18795.0,130.72,0.09,19.46,346.0,19.0,1.0,1.0,3.0,5949.0,2.8,2.0,3000.0,1.0,19.0,0.0,0.0,0.0,0.0,565.5,283.0,346.0,19.9
velocity_+3000,0.04290719999698922,18805.0,131.18,0.55,19.43,372.0,71.0,1.0,1.0,3.0,5970.0,16.2,2.0,3000.0,1.0,71.0,0.0,0.0,0.0,0.0,783.1,392.0,372.0,71.0
velocity_+3000,0.05366779997712001,18816.0,132.21,1.58,19.46,519.0,72.0,1.0,1.0,3.0,6017.0,42.6,2.0,3000.0,1.0,72.0,0.0,0.0,0.0,0.0,1000.0,500.0,519.0,72.8
velocity_+3000,0.06296549999387935,18825.0,132.8,2.18,19.46,633.0,57.0,1.0,1.0,3.0,6044.0,53.8,2.0,3000.0,1.0,57.0,0.0,0.0,0.0,0.0,1112.0,556.0,633.0,57.1
velocity_+3000,0.07276769998134114,18835.0,133.57,2.94,19.46,825.0,49.0,1.0,1.0,3.0,6079.0,54.3,2.0,3000.0,1.0,49.0,0.0,0.0,0.0,0.0,1363.7,682.0,825.0,49.2
velocity_+3000,0.08268500000122003,18845.0,133.57,2.94,19.46,861.0,93.0,1.0,1.0,3.0,6079.0,36.5,2.0,3000.0,1.0,93.0,0.0,0.0,0.0,0.0,1582.2,791.0,861.0,93.1
velocity_+3000,0.09351039998000488,18856.0,133.79,3.16,19.46,996.0,96.0,1.0,1.0,3.0,6089.0,31.4,2.0,3000.0,1.0,96.0,0.0,0.0,0.0,0.0,1799.1,900.0,996.0,96.8
velocity_+3000,0.10296799999196082,18865.0,134.01,3.38,19.43,1095.0,85.0,1.0,1.0,3.0,6099.0,32.9,2.0,3000.0,1.0,85.0,0.0,0.0,0.0,0.0,1908.9,954.0,1095.0,85.1
velocity_+3000,0.112911099975463,18875.0,134.76,4.13,19.46,1275.0,80.0,1.0,1.0,3.0,6133.0,41.9,2.0,3000.0,1.0,80.0,0.0,0.0,0.0,0.0,2159.0,1079.0,1275.0,80.9
velocity_+3000,0.12292519997572526,18885.0,135.09,4.46,19.46,1315.0,124.0,1.0,1.0,3.0,6148.0,37.7,2.0,3000.0,1.0,124.0,0.0,0.0,0.0,0.0,2382.0,1191.0,1315.0,124.5
velocity_+3000,0.13384969998151064,18896.0,135.73,5.1,19.43,1448.0,129.0,1.0,1.0,3.0,6177.0,45.1,2.0,3000.0,1.0,129.0,0.0,0.0,0.0,0.0,2600.7,1300.0,1448.0,129.4
velocity_+3000,0.14321809998364188,18906.0,136.19,5.56,19.43,1556.0,114.0,1.0,1.0,3.0,6198.0,51.5,2.0,3000.0,1.0,114.0,0.0,0.0,0.0,0.0,2714.5,1357.0,1556.0,114.1
velocity_+3000,0.15306489999056794,18915.0,137.24,6.61,19.46,1739.0,108.0,1.0,1.0,3.0,6246.0,61.2,2.0,3000.0,1.0,108.0,0.0,0.0,0.0,0.0,2968.5,1484.0,1739.0,108.3
velocity_+3000,0.1631117999786511,18925.0,137.64,7.01,19.46,1772.0,152.0,1.0,1.0,3.0,6264.0,52.3,2.0,3000.0,1.0,152.0,0.0,0.0,0.0,0.0,3000.0,1594.0,1772.0,152.5
velocity_+3000,0.1725723999843467,18935.0,137.77,7.14,19.46,1858.0,145.0,1.0,1.0,3.0,6270.0,47.1,2.0,3000.0,1.0,145.0,0.0,0.0,0.0,0.0,3000.0,1650.0,1858.0,145.0
velocity_+3000,0.18339429999468848,18946.0,138.3,7.67,19.55,2041.0,136.0,1.0,1.0,3.0,6294.0,46.6,2.0,3000.0,1.0,136.0,0.0,0.0,0.0,0.0,3000.0,1776.0,2041.0,136.7
velocity_+3000,0.19321810000110418,18956.0,139.39,8.77,19.43,2190.0,135.0,1.0,1.0,3.0,6344.0,65.0,2.0,3000.0,1.0,135.0,0.0,0.0,0.0,0.0,3000.0,1884.0,2190.0,136.0
velocity_+3000,0.20321169999078847,18966.0,140.67,10.04,19.44,2244.0,171.0,1.0,1.0,3.0,6402.0,81.7,2.0,3000.0,1.0,171.0,0.0,0.0,0.0,0.0,3000.0,1994.0,2244.0,171.9
velocity_+3000,0.21277149999514222,18975.0,141.57,10.94,19.44,2325.0,166.0,1.0,1.0,3.0,6443.0,95.1,2.0,3000.0,1.0,166.0,0.0,0.0,0.0,0.0,3000.0,2051.0,2325.0,166.8
velocity_+3000,0.22268379997694865,18985.0,146.14,15.51,19.44,2360.0,226.0,1.0,1.0,3.0,6651.0,189.1,2.0,3000.0,1.0,226.0,0.0,0.0,0.0,0.0,3000.0,2180.0,2360.0,226.6
velocity_+3000,0.23271169999497943,18995.0,157.3,26.67,19.43,1805.0,198.0,1.0,1.0,3.0,7159.0,469.6,2.0,3000.0,1.0,198.0,0.0,0.0,0.0,0.0,3000.0,1715.0,1805.0,198.3
velocity_+3000,0.24363799998536706,19006.0,178.04,47.42,19.43,1590.0,178.0,1.0,1.0,3.0,8103.0,948.8,2.0,3000.0,1.0,178.0,0.0,0.0,0.0,0.0,3000.0,1488.0,1590.0,178.2
velocity_+3000,0.2532098999945447,19016.0,190.44,59.81,19.43,1287.0,247.0,1.0,1.0,3.0,8667.0,1173.3,2.0,3000.0,1.0,247.0,0.0,0.0,0.0,0.0,3000.0,1376.0,1287.0,247.6
velocity_+3000,0.26314799999818206,19025.0,221.37,90.75,19.43,1035.0,254.0,1.0,1.0,3.0,10075.0,1599.9,2.0,3000.0,1.0,254.0,0.0,0.0,0.0,0.0,3000.0,1175.0,1035.0,254.7
velocity_+3000,0.2732237000018358,19035.0,249.74,119.11,19.43,1021.0,192.0,1.0,1.0,3.0,11366.0,1922.6,2.0,3000.0,1.0,192.0,0.0,0.0,0.0,0.0,3000.0,1027.0,1021.0,192.8
velocity_+3000,0.2826840999769047,19045.0,265.19,134.56,19.43,805.0,253.0,1.0,1.0,3.0,12069.0,2053.9,2.0,3000.0,1.0,253.0,0.0,0.0,0.0,0.0,3000.0,966.0,805.0,253.4
velocity_+3000,0.292591999983415,19055.0,298.26,167.63,19.46,755.0,239.0,1.0,1.0,3.0,13574.0,2230.1,2.0,3000.0,1.0,239.0,0.0,0.0,0.0,0.0,3000.0,889.0,755.0,239.1
velocity_+3000,0.3025752999819815,19065.0,327.52,196.9,19.44,739.0,216.0,1.0,1.0,3.0,14906.0,2377.4,2.0,3000.0,1.0,216.0,0.0,0.0,0.0,0.0,3000.0,822.0,739.0,217.0
velocity_+3000,0.3139198999851942,19076.0,357.98,227.35,19.46,699.0,211.0,1.0,1.0,3.0,16292.0,2490.1,2.0,3000.0,1.0,211.0,0.0,0.0,0.0,0.0,3000.0,772.0,699.0,211.2
velocity_+3000,0.3233736999973189,19086.0,13.67,243.04,19.46,686.0,208.0,1.0,1.0,3.0,622.0,2538.2,2.0,3000.0,1.0,208.0,0.0,0.0,0.0,0.0,3000.0,751.0,686.0,208.2
velocity_+3000,0.33320689998799935,19096.0,48.8,278.17,19.43,649.0,209.0,1.0,1.0,3.0,2221.0,2612.9,2.0,3000.0,1.0,209.0,0.0,0.0,0.0,0.0,3000.0,718.0,649.0,209.6
velocity_+3000,0.34471589999157004,19106.0,78.95,308.32,19.44,612.0,216.0,1.0,1.0,3.0,3593.0,2659.1,2.0,3000.0,1.0,216.0,0.0,0.0,0.0,0.0,3000.0,699.0,612.0,216.6
velocity_+3000,0.3526051999942865,19115.0,94.26,323.64,19.44,634.0,210.0,1.0,1.0,3.0,4290.0,2660.1,2.0,3000.0,1.0,210.0,0.0,0.0,0.0,0.0,3000.0,701.0,634.0,210.1
velocity_+3000,0.3638137999805622,19126.0,127.81,357.19,19.46,724.0,179.0,1.0,1.0,3.0,5817.0,2650.6,2.0,3000.0,1.0,179.0,0.0,0.0,0.0,0.0,3000.0,710.0,724.0,179.4
velocity_+3000,0.3734256000025198,19136.0,156.86,386.24,19.43,671.0,200.0,1.0,1.0,3.0,7139.0,2664.4,2.0,3000.0,1.0,200.0,0.0,0.0,0.0,0.0,3000.0,706.0,671.0,200.9
velocity_+3000,0.38335589997586794,19145.0,187.65,417.02,19.46,681.0,185.0,1.0,1.0,3.0,8540.0,2718.6,2.0,3000.0,1.0,185.0,0.0,0.0,0.0,0.0,3000.0,682.0,681.0,185.8
velocity_+3000,0.39309009999851696,19155.0,202.59,431.96,19.43,628.0,211.0,1.0,1.0,3.0,9220.0,2707.7,2.0,3000.0,1.0,211.0,0.0,0.0,0.0,0.0,3000.0,690.0,628.0,211.5
velocity_+3000,0.40293739998014644,19165.0,236.45,465.82,19.43,679.0,197.0,1.0,1.0,3.0,10761.0,2690.5,2.0,3000.0,1.0,197.0,0.0,0.0,0.0,0.0,3000.0,702.0,679.0,198.0
velocity_+3000,0.4130338999966625,19175.0,265.34,494.71,19.46,647.0,218.0,1.0,1.0,3.0,12076.0,2668.1,2.0,3000.0,1.0,218.0,0.0,0.0,0.0,0.0,3000.0,717.0,647.0,218.7
velocity_+3000,0.4240032999950927,19186.0,293.36,522.73,19.44,667.0,223.0,1.0,1.0,3.0,13351.0,2625.1,2.0,3000.0,1.0,223.0,0.0,0.0,0.0,0.0,3000.0,742.0,667.0,224.0
velocity_+3000,0.4329676999768708,19195.0,307.24,536.62,19.44,770.0,193.0,1.0,1.0,3.0,13983.0,2588.7,2.0,3000.0,1.0,193.0,0.0,0.0,0.0,0.0,3000.0,763.0,770.0,193.9
velocity_+3000,0.4432786999968812,19205.0,339.46,568.83,19.46,730.0,220.0,1.0,1.0,3.0,15449.0,2563.8,2.0,3000.0,1.0,220.0,0.0,0.0,0.0,0.0,3000.0,780.0,730.0,220.0
velocity_+3000,0.4528511999815237,19215.0,9.18,598.56,19.43,750.0,204.0,1.0,1.0,3.0,418.0,2609.4,2.0,3000.0,1.0,204.0,0.0,0.0,0.0,0.0,3000.0,762.0,750.0,204.2
velocity_+3000,0.46375159997842275,19226.0,39.48,628.86,19.43,734.0,199.0,1.0,1.0,3.0,1797.0,2670.0,2.0,3000.0,1.0,199.0,0.0,0.0,0.0,0.0,3000.0,736.0,734.0,199.1
velocity_+3000,0.4732606999750715,19236.0,53.94,643.32,19.44,731.0,206.0,1.0,1.0,3.0,2455.0,2653.5,2.0,3000.0,1.0,206.0,0.0,0.0,0.0,0.0,3000.0,746.0,731.0,206.1
velocity_+3000,0.48350390000268817,19245.0,88.4,677.77,19.44,701.0,217.0,1.0,1.0,3.0,4023.0,2670.9,2.0,3000.0,1.0,217.0,0.0,0.0,0.0,0.0,3000.0,741.0,701.0,217.2
velocity_+3000,0.49315939997904934,19255.0,118.15,707.52,19.44,722.0,209.0,1.0,1.0,3.0,5377.0,2678.3,2.0,3000.0,1.0,209.0,0.0,0.0,0.0,0.0,3000.0,741.0,722.0,209.4
velocity_+3000,0.502599100000225,19265.0,133.99,723.36,19.44,632.0,243.0,1.0,1.0,3.0,6098.0,2691.9,2.0,3000.0,1.0,243.0,0.0,0.0,0.0,0.0,3000.0,736.0,632.0,243.2
velocity_+3000,0.5126471999974456,19275.0,172.46,761.84,19.46,774.0,178.0,1.0,1.0,3.0,7849.0,2734.6,2.0,3000.0,1.0,178.0,0.0,0.0,0.0,0.0,3000.0,718.0,774.0,178.2
velocity_+3000,0.5234912000014447,19286.0,204.96,794.33,19.46,702.0,194.0,1.0,1.0,3.0,9328.0,2796.0,2.0,3000.0,1.0,194.0,0.0,0.0,0.0,0.0,3000.0,690.0,702.0,194.2
velocity_+3000,0.5330168999789748,19295.0,221.53,810.9,19.43,635.0,215.0,1.0,1.0,3.0,10082.0,2823.6,2.0,3000.0,1.0,215.0,0.0,0.0,0.0,0.0,3000.0,677.0,635.0,215.9
velocity_+3000,0.5429353999788873,19305.0,256.55,845.93,19.43,641.0,218.0,1.0,1.0,3.0,11676.0,2809.6,2.0,3000.0,1.0,218.0,0.0,0.0,0.0,0.0,3000.0,687.0,641.0,218.4
velocity_+3000,0.5529697999882046,19315.0,286.0,875.37,19.43,647.0,228.0,1.0,1.0,3.0,13016.0,2766.2,2.0,3000.0,1.0,228.0,0.0,0.0,0.0,0.0,3000.0,711.0,647.0,228.6
velocity_+3000,0.5640810999902897,19326.0,314.49,903.87,19.46,723.0,212.0,1.0,1.0,3.0,14313.0,2714.9,2.0,3000.0,1.0,212.0,0.0,0.0,0.0,0.0,3000.0,740.0,723.0,212.4
velocity_+3000,0.573441799991997,19336.0,330.14,919.51,19.46,695.0,225.0,1.0,1.0,3.0,15025.0,2716.7,2.0,3000.0,1.0,225.0,0.0,0.0,0.0,0.0,3000.0,740.0,695.0,225.1
velocity_+3000,0.5835373000008985,19345.0,5.32,954.69,19.43,707.0,216.0,1.0,1.0,3.0,242.0,2740.9,2.0,3000.0,1.0,216.0,0.0,0.0,0.0,0.0,3000.0,732.0,707.0,216.6
velocity_+3000,0.593094799987739,19355.0,36.76,986.13,19.41,713.0,203.0,1.0,1.0,3.0,1673.0,2793.4,2.0,3000.0,1.0,203.0,0.0,0.0,0.0,0.0,3000.0,708.0,713.0,203.5
velocity_+3000,0.6027521999785677,19365.0,51.94,1001.32,19.46,711.0,208.0,1.0,1.0,3.0,2364.0,2778.3,2.0,3000.0,1.0,208.0,0.0,0.0,0.0,0.0,3000.0,717.0,711.0,208.7
velocity_+3000,0.61302109999815,19375.0,90.18,1039.55,19.43,672.0,225.0,1.0,1.0,3.0,4104.0,2786.3,2.0,3000.0,1.0,225.0,0.0,0.0,0.0,0.0,3000.0,716.0,672.0,225.2
velocity_+3000,0.623560499981977,19386.0,121.0,1070.38,19.46,687.0,220.0,1.0,1.0,3.0,5507.0,2785.2,2.0,3000.0,1.0,220.0,0.0,0.0,0.0,0.0,3000.0,718.0,687.0,220.6
velocity_+3000,0.6332759999786504,19395.0,137.83,1087.21,19.46,700.0,209.0,1.0,1.0,3.0,6273.0,2811.4,2.0,3000.0,1.0,209.0,0.0,0.0,0.0,0.0,3000.0,706.0,700.0,209.4
velocity_+3000,0.6431998999905773,19405.0,174.88,1124.25,19.46,691.0,204.0,1.0,1.0,3.0,7959.0,2853.3,2.0,3000.0,1.0,204.0,0.0,0.0,0.0,0.0,3000.0,688.0,691.0,204.6
velocity_+3000,0.6530054999748245,19415.0,207.71,1157.08,19.46,727.0,181.0,1.0,1.0,3.0,9453.0,2895.2,2.0,3000.0,1.0,181.0,0.0,0.0,0.0,0.0,3000.0,668.0,727.0,181.2
velocity_+3000,0.6636746999865863,19426.0,238.84,1188.22,19.44,652.0,216.0,1.0,1.0,3.0,10870.0,2876.4,2.0,3000.0,1.0,216.0,0.0,0.0,0.0,0.0,3000.0,678.0,652.0,216.8
velocity_+3000,0.6737034999823663,19436.0,255.01,1204.39,19.43,641.0,222.0,1.0,1.0,3.0,11606.0,2872.4,2.0,3000.0,1.0,222.0,0.0,0.0,0.0,0.0,3000.0,681.0,641.0,222.6
velocity_+3000,0.6835558999737259,19445.0,289.45,1238.82,19.46,684.0,218.0,1.0,1.0,3.0,13173.0,2821.3,2.0,3000.0,1.0,218.0,0.0,0.0,0.0,0.0,3000.0,709.0,684.0,218.7
velocity_+3000,0.6936340999964159,19456.0,318.71,1268.09,19.43,720.0,218.0,1.0,1.0,3.0,14505.0,2770.6,2.0,3000.0,1.0,218.0,0.0,0.0,0.0,0.0,3000.0,737.0,720.0,218.8
velocity_+3000,0.702919799980009,19465.0,334.31,1283.69,19.43,762.0,206.0,1.0,1.0,3.0,15215.0,2756.4,2.0,3000.0,1.0,206.0,0.0,0.0,0.0,0.0,3000.0,745.0,762.0,206.5
velocity_+3000,0.7127140999946278,19475.0,13.12,1322.49,19.41,739.0,211.0,1.0,1.0,3.0,597.0,2782.0,2.0,3000.0,1.0,211.0,0.0,0.0,0.0,0.0,3000.0,735.0,739.0,211.9
velocity_+3000,0.7240616999915801,19486.0,45.55,1354.92,19.44,659.0,233.0,1.0,1.0,3.0,2073.0,2831.0,2.0,3000.0,1.0,233.0,0.0,0.0,0.0,0.0,3000.0,713.0,659.0,233.1
velocity_+3000,0.7331576999858953,19495.0,61.17,1370.54,19.44,681.0,227.0,1.0,1.0,3.0,2784.0,2822.1,2.0,3000.0,1.0,227.0,0.0,0.0,0.0,0.0,3000.0,718.0,681.0,227.2
velocity_+3000,0.7434539999812841,19505.0,97.82,1407.19,19.44,730.0,204.0,1.0,1.0,3.0,4452.0,2840.5,2.0,3000.0,1.0,204.0,0.0,0.0,0.0,0.0,3000.0,711.0,730.0,204.4
velocity_+3000,0.7530538999999408,19515.0,128.78,1438.15,19.43,768.0,193.0,1.0,1.0,3.0,5861.0,2830.9,2.0,3000.0,1.0,193.0,0.0,0.0,0.0,0.0,3000.0,718.0,768.0,193.1
velocity_+3000,0.7629589999851305,19525.0,146.1,1455.47,19.43,691.0,217.0,1.0,1.0,3.0,6649.0,2861.8,2.0,3000.0,1.0,217.0,0.0,0.0,0.0,0.0,3000.0,703.0,691.0,217.2
velocity_+3000,0.7732440999825485,19536.0,183.96,1493.33,19.46,643.0,223.0,1.0,1.0,3.0,8372.0,2916.1,2.0,3000.0,1.0,223.0,0.0,0.0,0.0,0.0,3000.0,678.0,643.0,223.7
velocity_+3000,0.7830832999898121,19545.0,216.45,1525.83,19.44,641.0,216.0,1.0,1.0,3.0,9851.0,2950.1,2.0,3000.0,1.0,216.0,0.0,0.0,0.0,0.0,3000.0,661.0,641.0,216.6
velocity_+3000,0.7931304999801796,19555.0,247.65,1557.03,19.43,728.0,190.0,1.0,1.0,3.0,11271.0,2916.6,2.0,3000.0,1.0,190.0,0.0,0.0,0.0,0.0,3000.0,679.0,728.0,190.7
velocity_+3000,0.8026874999923166,19565.0,263.74,1573.11,19.44,660.0,221.0,1.0,1.0,3.0,12003.0,2902.7,2.0,3000.0,1.0,221.0,0.0,0.0,0.0,0.0,3000.0,686.0,660.0,221.7
velocity_+3000,0.8126746999914758,19575.0,300.43,1609.8,19.44,661.0,239.0,1.0,1.0,3.0,13673.0,2833.4,2.0,3000.0,1.0,239.0,0.0,0.0,0.0,0.0,3000.0,723.0,661.0,239.2
velocity_+3000,0.8226947999792174,19585.0,328.69,1638.06,19.46,697.0,230.0,1.0,1.0,3.0,14959.0,2815.8,2.0,3000.0,1.0,230.0,0.0,0.0,0.0,0.0,3000.0,734.0,697.0,230.5
velocity_+3000,0.8335727999801748,19596.0,359.76,1669.13,19.41,725.0,216.0,1.0,1.0,3.0,16373.0,2832.9,2.0,3000.0,1.0,216.0,0.0,0.0,0.0,0.0,3000.0,727.0,725.0,216.7
velocity_+3000,0.8431397999811452,19605.0,16.3,1685.68,19.41,757.0,202.0,1.0,1.0,3.0,742.0,2840.2,2.0,3000.0,1.0,202.0,0.0,0.0,0.0,0.0,3000.0,724.0,757.0,202.9
velocity_+3000,0.8528634999820497,19615.0,53.13,1722.5,19.46,751.0,202.0,1.0,1.0,3.0,2418.0,2853.4,2.0,3000.0,1.0,202.0,0.0,0.0,0.0,0.0,3000.0,719.0,751.0,202.7
velocity_+3000,0.8629284999915399,19625.0,85.08,1754.45,19.46,691.0,224.0,1.0,1.0,3.0,3872.0,2868.7,2.0,3000.0,1.0,224.0,0.0,0.0,0.0,0.0,3000.0,713.0,691.0,224.2
velocity_+3000,0.8738361999858171,19636.0,116.26,1785.63,19.46,677.0,231.0,1.0,1.0,3.0,5291.0,2866.0,2.0,3000.0,1.0,231.0,0.0,0.0,0.0,0.0,3000.0,716.0,677.0,231.5
velocity_+3000,0.88331889998517,19646.0,132.58,1801.96,19.46,621.0,252.0,1.0,1.0,3.0,6034.0,2870.2,2.0,3000.0,1.0,252.0,0.0,0.0,0.0,0.0,3000.0,715.0,621.0,253.0
velocity_+3000,0.8931950999831315,19656.0,170.64,1840.01,19.43,715.0,204.0,1.0,1.0,3.0,7766.0,2918.9,2.0,3000.0,1.0,204.0,0.0,0.0,0.0,0.0,3000.0,692.0,715.0,204.5
velocity_+3000,0.9031734000018332,19666.0,205.27,1874.64,19.46,701.0,193.0,1.0,1.0,3.0,9342.0,2989.4,2.0,3000.0,1.0,193.0,0.0,0.0,0.0,0.0,3000.0,656.0,701.0,193.4
velocity_+3000,0.9129556999832857,19675.0,223.22,1892.59,19.46,639.0,212.0,1.0,1.0,3.0,10159.0,3012.3,2.0,3000.0,1.0,212.0,0.0,0.0,0.0,0.0,3000.0,645.0,639.0,212.8
velocity_+3000,0.922793499979889,19685.0,261.01,1930.39,19.43,632.0,223.0,1.0,1.0,3.0,11879.0,2978.9,2.0,3000.0,1.0,223.0,0.0,0.0,0.0,0.0,3000.0,662.0,632.0,224.0
velocity_+3000,0.932906699978048,19695.0,291.51,1960.88,19.43,662.0,227.0,1.0,1.0,3.0,13267.0,2914.0,2.0,3000.0,1.0,227.0,0.0,0.0,0.0,0.0,3000.0,695.0,662.0,227.9
velocity_+3000,0.9438045999850146,19706.0,321.75,1991.12,19.46,675.0,234.0,1.0,1.0,3.0,14643.0,2866.8,2.0,3000.0,1.0,234.0,0.0,0.0,0.0,0.0,3000.0,720.0,675.0,234.9
velocity_+3000,0.9533292999840342,19716.0,337.24,2006.61,19.43,799.0,191.0,1.0,1.0,3.0,15348.0,2845.2,2.0,3000.0,1.0,191.0,0.0,0.0,0.0,0.0,3000.0,732.0,799.0,191.5
velocity_+3000,0.9631742999772541,19726.0,14.33,2043.7,19.44,698.0,227.0,1.0,1.0,3.0,652.0,2871.0,2.0,3000.0,1.0,227.0,0.0,0.0,0.0,0.0,3000.0,721.0,698.0,227.1
velocity_+3000,0.973168500000611,19736.0,46.96,2076.33,19.46,660.0,234.0,1.0,1.0,3.0,2137.0,2903.0,2.0,3000.0,1.0,234.0,0.0,0.0,0.0,0.0,3000.0,706.0,660.0,234.7
velocity_+3000,0.982603399985237,19745.0,63.41,2092.79,19.46,685.0,226.0,1.0,1.0,3.0,2886.0,2895.2,2.0,3000.0,1.0,226.0,0.0,0.0,0.0,0.0,3000.0,710.0,685.0,226.7
velocity_+3000,0.9924947999825235,19755.0,100.68,2130.05,19.46,697.0,220.0,1.0,1.0,3.0,4582.0,2903.8,2.0,3000.0,1.0,220.0,0.0,0.0,0.0,0.0,3000.0,707.0,697.0,220.5
velocity_+3000,1.0034420999872964,19766.0,132.12,2161.49,19.46,792.0,184.0,1.0,1.0,3.0,6013.0,2895.7,2.0,3000.0,1.0,184.0,0.0,0.0,0.0,0.0,3000.0,712.0,792.0,184.9
velocity_+3000,1.0139107999857515,19776.0,165.54,2194.91,19.44,729.0,208.0,1.0,1.0,3.0,7534.0,2909.8,2.0,3000.0,1.0,208.0,0.0,0.0,0.0,0.0,3000.0,706.0,729.0,208.0
velocity_+3000,1.0225228999915998,19785.0,183.8,2213.17,19.44,664.0,221.0,1.0,1.0,3.0,8365.0,2961.7,2.0,3000.0,1.0,221.0,0.0,0.0,0.0,0.0,3000.0,681.0,664.0,221.4
velocity_+3000,1.0333238999883179,19796.0,219.57,2248.95,19.41,616.0,233.0,1.0,1.0,3.0,9993.0,2995.1,2.0,3000.0,1.0,233.0,0.0,0.0,0.0,0.0,3000.0,664.0,616.0,233.3
velocity_+3000,1.0432183999801055,19806.0,251.06,2280.43,19.41,641.0,229.0,1.0,1.0,3.0,11426.0,2967.1,2.0,3000.0,1.0,229.0,0.0,0.0,0.0,0.0,3000.0,678.0,641.0,229.7
velocity_+3000,1.0532316999742761,19816.0,282.26,2311.63,19.44,721.0,208.0,1.0,1.0,3.0,12846.0,2923.5,2.0,3000.0,1.0,208.0,0.0,0.0,0.0,0.0,3000.0,701.0,721.0,208.4
velocity_+3000,1.062682899995707,19825.0,298.26,2327.63,19.44,693.0,227.0,1.0,1.0,3.0,13574.0,2895.2,2.0,3000.0,1.0,227.0,0.0,0.0,0.0,0.0,3000.0,716.0,693.0,227.1
velocity_+3000,1.0725759999768343,19835.0,334.03,2363.4,19.4,734.0,218.0,1.0,1.0,3.0,15202.0,2868.3,2.0,3000.0,1.0,218.0,0.0,0.0,0.0,0.0,3000.0,731.0,734.0,218.9
velocity_+3000,1.0825668999750633,19845.0,6.46,2395.83,19.46,710.0,220.0,1.0,1.0,3.0,294.0,2897.8,2.0,3000.0,1.0,220.0,0.0,0.0,0.0,0.0,3000.0,717.0,710.0,220.9
velocity_+3000,1.093435499991756,19856.0,39.42,2428.79,19.46,706.0,211.0,1.0,1.0,3.0,1794.0,2945.1,2.0,3000.0,1.0,211.0,0.0,0.0,0.0,0.0,3000.0,694.0,706.0,211.7
velocity_+3000,1.1029436999815516,19865.0,55.22,2444.59,19.46,727.0,209.0,1.0,1.0,3.0,2513.0,2922.3,2.0,3000.0,1.0,209.0,0.0,0.0,0.0,0.0,3000.0,706.0,727.0,209.1
velocity_+3000,1.1129429999855347,19875.0,94.97,2484.34,19.46,752.0,200.0,1.0,1.0,3.0,4322.0,2921.9,2.0,3000.0,1.0,200.0,0.0,0.0,0.0,0.0,3000.0,707.0,752.0,200.4
velocity_+3000,1.1238543999788817,19886.0,126.69,2516.07,19.46,706.0,224.0,1.0,1.0,3.0,5766.0,2900.8,2.0,3000.0,1.0,224.0,0.0,0.0,0.0,0.0,3000.0,719.0,706.0,224.5
velocity_+3000,1.1332638000021689,19896.0,144.4,2533.78,19.46,691.0,222.0,1.0,1.0,3.0,6572.0,2932.0,2.0,3000.0,1.0,222.0,0.0,0.0,0.0,0.0,3000.0,704.0,691.0,222.6
velocity_+3000,1.1431061999755912,19905.0,183.3,2572.67,19.44,667.0,218.0,1.0,1.0,3.0,8342.0,2988.5,2.0,3000.0,1.0,218.0,0.0,0.0,0.0,0.0,3000.0,676.0,667.0,218.7
velocity_+3000,1.153149099991424,19915.0,217.16,2606.53,19.46,719.0,189.0,1.0,1.0,3.0,9883.0,3023.0,2.0,3000.0,1.0,189.0,0.0,0.0,0.0,0.0,3000.0,659.0,719.0,189.2
velocity_+3000,1.1626753000018653,19925.0,233.55,2622.92,19.43,696.0,204.0,1.0,1.0,3.0,10629.0,3002.6,2.0,3000.0,1.0,204.0,0.0,0.0,0.0,0.0,3000.0,669.0,696.0,204.1
velocity_+3000,1.1725046999927144,19935.0,269.56,2658.93,19.43,682.0,223.0,1.0,1.0,3.0,12268.0,2947.1,2.0,3000.0,1.0,223.0,0.0,0.0,0.0,0.0,3000.0,697.0,682.0,223.2
velocity_+3000,1.1825003999983892,19945.0,299.99,2689.37,19.46,693.0,233.0,1.0,1.0,3.0,13653.0,2886.3,2.0,3000.0,1.0,233.0,0.0,0.0,0.0,0.0,3000.0,728.0,693.0,233.3
velocity_+3000,1.1934217999805696,19956.0,330.8,2720.17,19.46,710.0,232.0,1.0,1.0,3.0,15055.0,2867.8,2.0,3000.0,1.0,232.0,0.0,0.0,0.0,0.0,3000.0,739.0,710.0,232.3
velocity_+3000,1.2029303000017535,19965.0,347.01,2736.39,19.46,708.0,235.0,1.0,1.0,3.0,15793.0,2858.9,2.0,3000.0,1.0,235.0,0.0,0.0,0.0,0.0,3000.0,744.0,708.0,235.6
velocity_+3000,1.2128926999866962,19975.0,28.81,2778.18,19.43,809.0,180.0,1.0,1.0,3.0,1311.0,2923.1,2.0,3000.0,1.0,180.0,0.0,0.0,0.0,0.0,3000.0,714.0,809.0,180.7
velocity_+3000,1.2238407999975607,19986.0,61.7,2811.07,19.43,727.0,211.0,1.0,1.0,3.0,2808.0,2934.5,2.0,3000.0,1.0,211.0,0.0,0.0,0.0,0.0,3000.0,709.0,727.0,211.9
velocity_+3000,1.23329889998422,19996.0,78.77,2828.14,19.46,704.0,217.0,1.0,1.0,3.0,3585.0,2952.7,2.0,3000.0,1.0,217.0,0.0,0.0,0.0,0.0,3000.0,700.0,704.0,217.3
velocity_+3000,1.2431705999770202,20006.0,115.82,2865.19,19.44,699.0,221.0,1.0,1.0,3.0,5271.0,2944.8,2.0,3000.0,1.0,221.0,0.0,0.0,0.0,0.0,3000.0,704.0,699.0,221.4
velocity_+3000,1.2531681999971624,20016.0,149.02,2898.39,19.43,715.0,208.0,1.0,1.0,3.0,6782.0,2973.9,2.0,3000.0,1.0,208.0,0.0,0.0,0.0,0.0,3000.0,690.0,715.0,208.2
velocity_+3000,1.2626356999971904,20025.0,166.14,2915.51,19.43,708.0,211.0,1.0,1.0,3.0,7561.0,2971.8,2.0,3000.0,1.0,211.0,0.0,0.0,0.0,0.0,3000.0,691.0,708.0,211.2
velocity_+3000,1.2725052000023425,20035.0,206.41,2955.78,19.43,735.0,187.0,1.0,1.0,3.0,9394.0,3025.3,2.0,3000.0,1.0,187.0,0.0,0.0,0.0,0.0,3000.0,664.0,735.0,187.2
velocity_+3000,1.2825657999783289,20045.0,239.24,2988.61,19.46,645.0,226.0,1.0,1.0,3.0,10888.0,3009.7,2.0,3000.0,1.0,226.0,0.0,0.0,0.0,0.0,3000.0,672.0,645.0,226.9
velocity_+3000,1.2934373999887612,20056.0,270.77,3020.14,19.46,674.0,225.0,1.0,1.0,3.0,12323.0,2966.0,2.0,3000.0,1.0,225.0,0.0,0.0,0.0,0.0,3000.0,694.0,674.0,225.3
velocity_+3000,1.3029708999965806,20065.0,286.83,3036.2,19.46,661.0,235.0,1.0,1.0,3.0,13054.0,2944.6,2.0,3000.0,1.0,235.0,0.0,0.0,0.0,0.0,3000.0,705.0,661.0,235.7
velocity_+3000,1.3129775999987032,20075.0,325.02,3074.39,19.46,669.0,243.0,1.0,1.0,3.0,14792.0,2904.1,2.0,3000.0,1.0,243.0,0.0,0.0,0.0,0.0,3000.0,726.0,669.0,243.3
velocity_+3000,1.3230002999771386,20085.0,354.24,3103.62,19.46,775.0,203.0,1.0,1.0,3.0,16122.0,2895.8,2.0,3000.0,1.0,203.0,0.0,0.0,0.0,0.0,3000.0,732.0,775.0,203.2
velocity_+3000,1.3339220999914687,20096.0,26.85,3136.22,19.43,751.0,206.0,1.0,1.0,3.0,1222.0,2925.6,2.0,3000.0,1.0,206.0,0.0,0.0,0.0,0.0,3000.0,718.0,751.0,206.7
velocity_+3000,1.3433575999806635,20106.0,44.27,3153.65,19.43,734.0,209.0,1.0,1.0,3.0,2015.0,2944.9,2.0,3000.0,1.0,209.0,0.0,0.0,0.0,0.0,3000.0,708.0,734.0,209.5
velocity_+3000,1.353577599977143,20116.0,81.47,3190.85,19.46,671.0,235.0,1.0,1.0,3.0,3708.0,2944.7,2.0,3000.0,1.0,235.0,0.0,0.0,0.0,0.0,3000.0,709.0,671.0,235.1
velocity_+3000,1.3631149999855552,20125.0,113.51,3222.88,19.46,682.0,231.0,1.0,1.0,3.0,5166.0,2943.7,2.0,3000.0,1.0,231.0,0.0,0.0,0.0,0.0,3000.0,710.0,682.0,231.3
velocity_+3000,1.372670199983986,20135.0,129.9,3239.27,19.43,695.0,227.0,1.0,1.0,3.0,5912.0,2937.8,2.0,3000.0,1.0,227.0,0.0,0.0,0.0,0.0,3000.0,714.0,695.0,227.4
velocity_+3000,1.3825741999899037,20145.0,168.6,3277.97,19.46,746.0,198.0,1.0,1.0,3.0,7673.0,2972.7,2.0,3000.0,1.0,198.0,0.0,0.0,0.0,0.0,3000.0,697.0,746.0,198.1
velocity_+3000,1.3925824999751057,20155.0,203.47,3312.84,19.43,674.0,213.0,1.0,1.0,3.0,9260.0,3029.2,2.0,3000.0,1.0,213.0,0.0,0.0,0.0,0.0,3000.0,668.0,674.0,214.0
velocity_+3000,1.4034658999880776,20166.0,236.58,3345.95,19.46,664.0,217.0,1.0,1.0,3.0,10767.0,3025.1,2.0,3000.0,1.0,217.0,0.0,0.0,0.0,0.0,3000.0,670.0,664.0,218.0
velocity_+3000,1.4131991999747697,20176.0,253.78,3363.16,19.46,656.0,222.0,1.0,1.0,3.0,11550.0,3017.5,2.0,3000.0,1.0,222.0,0.0,0.0,0.0,0.0,3000.0,673.0,656.0,222.6
velocity_+3000,1.4235047999827657,20185.0,290.83,3400.2,19.46,683.0,224.0,1.0,1.0,3.0,13236.0,2965.2,2.0,3000.0,1.0,224.0,0.0,0.0,0.0,0.0,3000.0,700.0,683.0,224.6
velocity_+3000,1.4335467999917455,20195.0,321.55,3430.92,19.46,686.0,235.0,1.0,1.0,3.0,14634.0,2917.1,2.0,3000.0,1.0,235.0,0.0,0.0,0.0,0.0,3000.0,725.0,686.0,235.3
velocity_+3000,1.443053900002269,20205.0,337.41,3446.78,19.46,809.0,191.0,1.0,1.0,3.0,15356.0,2896.0,2.0,3000.0,1.0,191.0,0.0,0.0,0.0,0.0,3000.0,736.0,809.0,191.6
velocity_+3000,1.4526208999741357,20215.0,15.14,3484.51,19.43,719.0,222.0,1.0,1.0,3.0,689.0,2922.0,2.0,3000.0,1.0,222.0,0.0,0.0,0.0,0.0,3000.0,724.0,719.0,222.7
velocity_+3000,1.4634423999814317,20226.0,48.1,3517.47,19.44,696.0,225.0,1.0,1.0,3.0,2189.0,2948.8,2.0,3000.0,1.0,225.0,0.0,0.0,0.0,0.0,3000.0,711.0,696.0,225.6
velocity_+3000,1.4733785999997053,20236.0,80.62,3549.99,19.46,656.0,240.0,1.0,1.0,3.0,3669.0,2955.8,2.0,3000.0,1.0,240.0,0.0,0.0,0.0,0.0,3000.0,708.0,656.0,240.0
velocity_+3000,1.4828365999856032,20245.0,97.49,3566.87,19.46,705.0,221.0,1.0,1.0,3.0,4437.0,2951.9,2.0,3000.0,1.0,221.0,0.0,0.0,0.0,0.0,3000.0,710.0,705.0,221.3
velocity_+3000,1.4926761999959126,20255.0,135.22,3604.59,19.43,765.0,195.0,1.0,1.0,3.0,6154.0,2961.2,2.0,3000.0,1.0,195.0,0.0,0.0,0.0,0.0,3000.0,706.0,765.0,195.5
velocity_+3000,1.502725999976974,20265.0,168.22,3637.6,19.43,731.0,206.0,1.0,1.0,3.0,7656.0,2973.2,2.0,3000.0,1.0,206.0,0.0,0.0,0.0,0.0,3000.0,701.0,731.0,206.5
velocity_+3000,1.5137963999877684,20276.0,202.63,3672.0,19.46,676.0,215.0,1.0,1.0,3.0,9222.0,3026.2,2.0,3000.0,1.0,215.0,0.0,0.0,0.0,0.0,3000.0,674.0,676.0,215.4
velocity_+3000,1.5234064999967813,20286.0,220.89,3690.26,19.43,627.0,228.0,1.0,1.0,3.0,10053.0,3050.6,2.0,3000.0,1.0,228.0,0.0,0.0,0.0,0.0,3000.0,661.0,627.0,229.0
velocity_+3000,1.5332339000015054,20296.0,258.44,3727.81,19.43,639.0,229.0,1.0,1.0,3.0,11762.0,3026.0,2.0,3000.0,1.0,229.0,0.0,0.0,0.0,0.0,3000.0,673.0,639.0,229.9
velocity_+3000,1.543275599979097,20306.0,289.8,3759.17,19.43,686.0,224.0,1.0,1.0,3.0,13189.0,2968.7,2.0,3000.0,1.0,224.0,0.0,0.0,0.0,0.0,3000.0,702.0,686.0,224.5
velocity_+3000,1.553126999991946,20315.0,305.57,3774.95,19.43,784.0,195.0,1.0,1.0,3.0,13907.0,2926.7,2.0,3000.0,1.0,195.0,0.0,0.0,0.0,0.0,3000.0,724.0,784.0,195.7
velocity_+3000,1.5626329999940936,20325.0,341.74,3811.11,19.43,795.0,201.0,1.0,1.0,3.0,15553.0,2890.5,2.0,3000.0,1.0,201.0,0.0,0.0,0.0,0.0,3000.0,743.0,795.0,201.2
velocity_+3000,1.5725930999906268,20335.0,14.52,3843.9,19.46,734.0,218.0,1.0,1.0,3.0,661.0,2920.2,2.0,3000.0,1.0,218.0,0.0,0.0,0.0,0.0,3000.0,729.0,734.0,218.5
velocity_+3000,1.5835288999951445,20346.0,47.37,3876.75,19.44,660.0,241.0,1.0,1.0,3.0,2156.0,2948.2,2.0,3000.0,1.0,241.0,0.0,0.0,0.0,0.0,3000.0,716.0,660.0,242.0
velocity_+3000,1.5930465999990702,20355.0,63.72,3893.09,19.44,675.0,237.0,1.0,1.0,3.0,2900.0,2939.9,2.0,3000.0,1.0,237.0,0.0,0.0,0.0,0.0,3000.0,720.0,675.0,237.7
velocity_+3000,1.603007899975637,20365.0,101.51,3930.89,19.46,716.0,218.0,1.0,1.0,3.0,4620.0,2952.4,2.0,3000.0,1.0,218.0,0.0,0.0,0.0,0.0,3000.0,714.0,716.0,218.6
velocity_+3000,1.6141055999905802,20376.0,137.13,3966.5,19.46,823.0,174.0,1.0,1.0,3.0,6241.0,2959.5,2.0,3000.0,1.0,174.0,0.0,0.0,0.0,0.0,3000.0,712.0,823.0,174.3
velocity_+3000,1.6226385999761987,20385.0,154.97,3984.35,19.46,712.0,216.0,1.0,1.0,3.0,7053.0,2970.7,2.0,3000.0,1.0,216.0,0.0,0.0,0.0,0.0,3000.0,706.0,712.0,216.4
velocity_+3000,1.632526000001235,20395.0,192.3,4021.68,19.44,646.0,226.0,1.0,1.0,3.0,8752.0,3038.0,2.0,3000.0,1.0,226.0,0.0,0.0,0.0,0.0,3000.0,672.0,646.0,226.9
velocity_+3000,1.642513799975859,20405.0,226.45,4055.82,19.46,662.0,213.0,1.0,1.0,3.0,10306.0,3063.3,2.0,3000.0,1.0,213.0,0.0,0.0,0.0,0.0,3000.0,659.0,662.0,213.7
velocity_+3000,1.6533750999951735,20416.0,258.77,4088.14,19.43,671.0,216.0,1.0,1.0,3.0,11777.0,3033.0,2.0,3000.0,1.0,216.0,0.0,0.0,0.0,0.0,3000.0,674.0,671.0,217.0
velocity_+3000,1.66293439999572,20425.0,274.44,4103.81,19.46,654.0,234.0,1.0,1.0,3.0,12490.0,2989.8,2.0,3000.0,1.0,234.0,0.0,0.0,0.0,0.0,3000.0,695.0,654.0,234.1
velocity_+3000,1.673072699981276,20435.0,309.99,4139.36,19.46,724.0,221.0,1.0,1.0,3.0,14108.0,2926.2,2.0,3000.0,1.0,221.0,0.0,0.0,0.0,0.0,3000.0,728.0,724.0,221.7
velocity_+3000,1.682923699991079,20445.0,341.96,4171.33,19.46,709.0,232.0,1.0,1.0,3.0,15563.0,2910.6,2.0,3000.0,1.0,232.0,0.0,0.0,0.0,0.0,3000.0,737.0,709.0,232.5
velocity_+3000,1.6938357999897562,20456.0,15.69,4205.06,19.44,696.0,225.0,1.0,1.0,3.0,714.0,2964.4,2.0,3000.0,1.0,225.0,0.0,0.0,0.0,0.0,3000.0,710.0,696.0,225.5
velocity_+3000,1.7031948999792803,20466.0,33.82,4223.19,19.44,652.0,234.0,1.0,1.0,3.0,1539.0,3000.1,2.0,3000.0,1.0,234.0,0.0,0.0,0.0,0.0,3000.0,692.0,652.0,234.2
velocity_+3000,1.71229699999094,20475.0,55.24,4244.61,19.43,684.0,222.0,1.0,1.0,3.0,2514.0,2993.0,2.0,3000.0,1.0,222.0,0.0,0.0,0.0,0.0,3000.0,696.0,684.0,222.9
velocity_+3000,1.723079699993832,20485.0,98.64,4288.01,19.46,666.0,229.0,1.0,1.0,3.0,4489.0,2996.3,2.0,3000.0,1.0,229.0,0.0,0.0,0.0,0.0,3000.0,694.0,666.0,229.5
velocity_+3000,1.733005599991884,20495.0,130.47,4319.85,19.43,772.0,190.0,1.0,1.0,3.0,5938.0,2981.9,2.0,3000.0,1.0,190.0,0.0,0.0,0.0,0.0,3000.0,702.0,772.0,190.6
velocity_+3000,1.7430039999890141,20505.0,164.0,4353.38,19.46,726.0,205.0,1.0,1.0,3.0,7464.0,2997.2,2.0,3000.0,1.0,205.0,0.0,0.0,0.0,0.0,3000.0,694.0,726.0,205.7
velocity_+3000,1.7539461999840569,20516.0,198.92,4388.29,19.43,670.0,213.0,1.0,1.0,3.0,9053.0,3056.9,2.0,3000.0,1.0,213.0,0.0,0.0,0.0,0.0,3000.0,664.0,670.0,213.5
velocity_+3000,1.762421199993696,20525.0,217.16,4406.53,19.43,635.0,222.0,1.0,1.0,3.0,9883.0,3075.8,2.0,3000.0,1.0,222.0,0.0,0.0,0.0,0.0,3000.0,654.0,635.0,222.3
velocity_+3000,1.7732189999951515,20536.0,252.07,4441.44,19.44,636.0,229.0,1.0,1.0,3.0,11472.0,3042.7,2.0,3000.0,1.0,229.0,0.0,0.0,0.0,0.0,3000.0,670.0,636.0,229.1
velocity_+3000,1.783090999990236,20545.0,283.01,4472.38,19.44,664.0,232.0,1.0,1.0,3.0,12880.0,2983.7,2.0,3000.0,1.0,232.0,0.0,0.0,0.0,0.0,3000.0,699.0,664.0,232.0
velocity_+3000,1.793090299994219,20555.0,313.73,4503.1,19.46,730.0,220.0,1.0,1.0,3.0,14278.0,2924.7,2.0,3000.0,1.0,220.0,0.0,0.0,0.0,0.0,3000.0,729.0,730.0,220.0
velocity_+3000,1.802643499977421,20565.0,330.27,4519.64,19.43,699.0,233.0,1.0,1.0,3.0,15031.0,2924.8,2.0,3000.0,1.0,233.0,0.0,0.0,0.0,0.0,3000.0,730.0,699.0,233.5
velocity_+3000,1.8135750999790616,20576.0,13.95,4563.33,19.44,692.0,229.0,1.0,1.0,3.0,635.0,2952.1,2.0,3000.0,1.0,229.0,0.0,0.0,0.0,0.0,3000.0,717.0,692.0,229.8
velocity_+3000,1.8229685999976937,20585.0,32.54,4581.91,19.44,668.0,230.0,1.0,1.0,3.0,1481.0,2988.3,2.0,3000.0,1.0,230.0,0.0,0.0,0.0,0.0,3000.0,699.0,668.0,230.7
velocity_+3000,1.832858399982797,20595.0,70.95,4620.32,19.43,643.0,236.0,1.0,1.0,3.0,3229.0,3004.7,2.0,3000.0,1.0,236.0,0.0,0.0,0.0,0.0,3000.0,691.0,643.0,236.7
velocity_+3000,1.842907699989155,20605.0,103.84,4653.22,19.43,676.0,224.0,1.0,1.0,3.0,4726.0,3002.7,2.0,3000.0,1.0,224.0,0.0,0.0,0.0,0.0,3000.0,692.0,676.0,224.5
velocity_+3000,1.8537359999900218,20616.0,136.43,4685.8,19.43,723.0,205.0,1.0,1.0,3.0,6209.0,3003.2,2.0,3000.0,1.0,205.0,0.0,0.0,0.0,0.0,3000.0,692.0,723.0,205.6
velocity_+3000,1.8633084999746643,20626.0,153.59,4702.96,19.44,741.0,196.0,1.0,1.0,3.0,6990.0,3009.6,2.0,3000.0,1.0,196.0,0.0,0.0,0.0,0.0,3000.0,688.0,741.0,196.8
velocity_+3000,1.8731991999957245,20636.0,193.56,4742.93,19.41,665.0,215.0,1.0,1.0,3.0,8809.0,3061.2,2.0,3000.0,1.0,215.0,0.0,0.0,0.0,0.0,3000.0,662.0,665.0,215.1
velocity_+3000,1.883206300000893,20646.0,227.55,4776.92,19.42,643.0,221.0,1.0,1.0,3.0,10356.0,3069.3,2.0,3000.0,1.0,221.0,0.0,0.0,0.0,0.0,3000.0,657.0,643.0,221.0
velocity_+3000,1.892651999980444,20655.0,244.34,4793.71,19.42,652.0,224.0,1.0,1.0,3.0,11120.0,3040.8,2.0,3000.0,1.0,224.0,0.0,0.0,0.0,0.0,3000.0,671.0,652.0,224.0
velocity_+3000,1.9025552999810316,20665.0,281.18,4830.56,19.43,687.0,222.0,1.0,1.0,3.0,12797.0,2987.0,2.0,3000.0,1.0,222.0,0.0,0.0,0.0,0.0,3000.0,698.0,687.0,222.7
velocity_+3000,1.9137266999750864,20676.0,314.69,4864.06,19.43,742.0,215.0,1.0,1.0,3.0,14322.0,2926.6,2.0,3000.0,1.0,215.0,0.0,0.0,0.0,0.0,3000.0,729.0,742.0,215.6
velocity_+3000,1.9232859999756329,20686.0,331.59,4880.96,19.43,724.0,224.0,1.0,1.0,3.0,15091.0,2923.5,2.0,3000.0,1.0,224.0,0.0,0.0,0.0,0.0,3000.0,731.0,724.0,224.5
velocity_+3000,1.9331085000012536,20696.0,9.47,4918.84,19.44,688.0,232.0,1.0,1.0,3.0,431.0,2949.6,2.0,3000.0,1.0,232.0,0.0,0.0,0.0,0.0,3000.0,719.0,688.0,232.6
velocity_+3000,1.9431284999882337,20706.0,43.55,4952.92,19.44,675.0,224.0,1.0,1.0,3.0,1982.0,3004.1,2.0,3000.0,1.0,224.0,0.0,0.0,0.0,0.0,3000.0,692.0,675.0,224.8
velocity_+3000,1.9525299999804702,20715.0,60.34,4969.71,19.44,670.0,230.0,1.0,1.0,3.0,2746.0,2988.8,2.0,3000.0,1.0,230.0,0.0,0.0,0.0,0.0,3000.0,699.0,670.0,230.6
velocity_+3000,1.9633384999760892,20726.0,98.72,5008.1,19.46,685.0,222.0,1.0,1.0,3.0,4493.0,2996.5,2.0,3000.0,1.0,222.0,0.0,0.0,0.0,0.0,3000.0,695.0,685.0,222.7
velocity_+3000,1.9731324999884237,20736.0,130.54,5039.91,19.44,763.0,194.0,1.0,1.0,3.0,5941.0,2984.9,2.0,3000.0,1.0,194.0,0.0,0.0,0.0,0.0,3000.0,701.0,763.0,194.7
velocity_+3000,1.9831157999869902,20745.0,163.87,5073.24,19.58,691.0,217.0,1.0,1.0,3.0,7458.0,3003.4,2.0,3000.0,1.0,217.0,0.0,0.0,0.0,0.0,3000.0,692.0,691.0,217.6
velocity_+3000,1.9926459999987856,20755.0,182.44,5091.81,19.44,662.0,218.0,1.0,1.0,3.0,8303.0,3055.5,2.0,3000.0,1.0,218.0,0.0,0.0,0.0,0.0,3000.0,666.0,662.0,218.1
velocity_+3000,2.0025550999853294,20765.0,222.39,5131.76,19.43,629.0,222.0,1.0,1.0,3.0,10121.0,3090.0,2.0,3000.0,1.0,222.0,0.0,0.0,0.0,0.0,3000.0,647.0,629.0,222.3
velocity_+3000,2.0136478999920655,20776.0,257.89,5167.27,19.41,613.0,237.0,1.0,1.0,3.0,11737.0,3052.4,2.0,3000.0,1.0,237.0,0.0,0.0,0.0,0.0,3000.0,666.0,613.0,237.4
velocity_+3000,2.023118799988879,20785.0,274.42,5183.79,19.41,635.0,239.0,1.0,1.0,3.0,12489.0,3005.2,2.0,3000.0,1.0,239.0,0.0,0.0,0.0,0.0,3000.0,689.0,635.0,239.6
velocity_+3000,2.0329597999807447,20795.0,310.21,5219.58,19.46,713.0,224.0,1.0,1.0,3.0,14118.0,2938.2,2.0,3000.0,1.0,224.0,0.0,0.0,0.0,0.0,3000.0,723.0,713.0,224.4
velocity_+3000,2.0430350999813527,20805.0,342.05,5251.42,19.44,699.0,234.0,1.0,1.0,3.0,15567.0,2921.4,2.0,3000.0,1.0,234.0,0.0,0.0,0.0,0.0,3000.0,732.0,699.0,234.8
velocity_+3000,2.0525800999894273,20815.0,359.56,5268.93,19.46,700.0,226.0,1.0,1.0,3.0,16364.0,2954.8,2.0,3000.0,1.0,226.0,0.0,0.0,0.0,0.0,3000.0,716.0,700.0,226.1
velocity_+3000,2.063323999987915,20826.0,39.09,5308.46,19.46,643.0,234.0,1.0,1.0,3.0,1779.0,3016.4,2.0,3000.0,1.0,234.0,0.0,0.0,0.0,0.0,3000.0,685.0,643.0,234.5
velocity_+3000,2.07318419998046,20836.0,71.56,5340.94,19.46,641.0,234.0,1.0,1.0,3.0,3257.0,3018.5,2.0,3000.0,1.0,234.0,0.0,0.0,0.0,0.0,3000.0,684.0,641.0,234.4
velocity_+3000,2.083199599990621,20846.0,104.57,5373.94,19.47,672.0,222.0,1.0,1.0,3.0,4759.0,3015.1,2.0,3000.0,1.0,222.0,0.0,0.0,0.0,0.0,3000.0,686.0,672.0,222.9
velocity_+3000,2.092611999978544,20855.0,121.29,5390.66,19.47,762.0,191.0,1.0,1.0,3.0,5520.0,2995.1,2.0,3000.0,1.0,191.0,0.0,0.0,0.0,0.0,3000.0,696.0,762.0,191.4
velocity_+3000,2.102557699981844,20865.0,159.94,5429.31,19.46,725.0,205.0,1.0,1.0,3.0,7279.0,3002.1,2.0,3000.0,1.0,205.0,0.0,0.0,0.0,0.0,3000.0,692.0,725.0,205.2
velocity_+3000,2.113681799994083,20876.0,197.89,5467.26,19.46,678.0,209.0,1.0,1.0,3.0,9006.0,3058.2,2.0,3000.0,1.0,209.0,0.0,0.0,0.0,0.0,3000.0,663.0,678.0,209.8
velocity_+3000,2.1232264999998733,20886.0,216.04,5485.41,19.43,660.0,213.0,1.0,1.0,3.0,9832.0,3071.4,2.0,3000.0,1.0,213.0,0.0,0.0,0.0,0.0,3000.0,656.0,660.0,213.7
velocity_+3000,2.1331321999896318,20896.0,253.43,5522.81,19.43,656.0,224.0,1.0,1.0,3.0,11534.0,3031.1,2.0,3000.0,1.0,224.0,0.0,0.0,0.0,0.0,3000.0,676.0,656.0,224.3
velocity_+3000,2.1431269999884535,20906.0,284.46,5553.83,19.46,674.0,232.0,1.0,1.0,3.0,12946.0,2963.6,2.0,3000.0,1.0,232.0,0.0,0.0,0.0,0.0,3000.0,710.0,674.0,232.9
velocity_+3000,2.1526059999887366,20915.0,300.28,5569.65,19.46,709.0,229.0,1.0,1.0,3.0,13666.0,2923.0,2.0,3000.0,1.0,229.0,0.0,0.0,0.0,0.0,3000.0,731.0,709.0,229.1
velocity_+3000,2.1624892999825533,20925.0,336.49,5605.86,19.43,753.0,219.0,1.0,1.0,3.0,15314.0,2893.9,2.0,3000.0,1.0,219.0,0.0,0.0,0.0,0.0,3000.0,747.0,753.0,219.7
velocity_+3000,2.1724424999847542,20935.0,9.54,5638.91,19.46,709.0,227.0,1.0,1.0,3.0,434.0,2935.3,2.0,3000.0,1.0,227.0,0.0,0.0,0.0,0.0,3000.0,727.0,709.0,227.2
velocity_+3000,2.183303400001023,20946.0,43.09,5672.46,19.43,713.0,213.0,1.0,1.0,3.0,1961.0,2988.2,2.0,3000.0,1.0,213.0,0.0,0.0,0.0,0.0,3000.0,701.0,713.0,213.4
velocity_+3000,2.1928059999772813,20955.0,59.26,5688.63,19.46,672.0,234.0,1.0,1.0,3.0,2697.0,2969.6,2.0,3000.0,1.0,234.0,0.0,0.0,0.0,0.0,3000.0,710.0,672.0,234.1
velocity_+3000,2.2026911999855656,20965.0,97.1,5726.47,19.46,742.0,205.0,1.0,1.0,3.0,4419.0,2974.6,2.0,3000.0,1.0,205.0,0.0,0.0,0.0,0.0,3000.0,708.0,742.0,205.3
velocity_+3000,2.2138420999981463,20976.0,132.34,5761.71,19.43,770.0,196.0,1.0,1.0,3.0,6023.0,2966.6,2.0,3000.0,1.0,196.0,0.0,0.0,0.0,0.0,3000.0,712.0,770.0,196.2
velocity_+3000,2.2232139999978244,20986.0,150.51,5779.89,19.43,729.0,208.0,1.0,1.0,3.0,6850.0,2986.6,2.0,3000.0,1.0,208.0,0.0,0.0,0.0,0.0,3000.0,702.0,729.0,208.6
velocity_+3000,2.2330636999977287,20995.0,190.46,5819.83,19.46,660.0,221.0,1.0,1.0,3.0,8668.0,3046.1,2.0,3000.0,1.0,221.0,0.0,0.0,0.0,0.0,3000.0,672.0,660.0,221.0
velocity_+3000,2.2430619999940973,21005.0,224.54,5853.91,19.46,655.0,216.0,1.0,1.0,3.0,10219.0,3071.5,2.0,3000.0,1.0,216.0,0.0,0.0,0.0,0.0,3000.0,659.0,655.0,216.3
velocity_+3000,2.252658799989149,21015.0,240.95,5870.32,19.44,677.0,214.0,1.0,1.0,3.0,10966.0,3043.2,2.0,3000.0,1.0,214.0,0.0,0.0,0.0,0.0,3000.0,673.0,677.0,214.1
velocity_+3000,2.2625728999846615,21025.0,277.87,5907.24,19.46,762.0,192.0,1.0,1.0,3.0,12646.0,2989.7,2.0,3000.0,1.0,192.0,0.0,0.0,0.0,0.0,3000.0,699.0,762.0,192.6
velocity_+3000,2.2725644999882206,21035.0,308.36,5937.74,19.46,708.0,233.0,1.0,1.0,3.0,14034.0,2914.1,2.0,3000.0,1.0,233.0,0.0,0.0,0.0,0.0,3000.0,738.0,708.0,233.0
velocity_+3000,2.2834255999769084,21046.0,339.43,5968.81,19.46,748.0,223.0,1.0,1.0,3.0,15448.0,2887.2,2.0,3000.0,1.0,223.0,0.0,0.0,0.0,0.0,3000.0,752.0,748.0,223.7
velocity_+3000,2.2928661999758333,21055.0,356.73,5986.1,19.46,731.0,224.0,1.0,1.0,3.0,16235.0,2911.3,2.0,3000.0,1.0,224.0,0.0,0.0,0.0,0.0,3000.0,741.0,731.0,224.5
velocity_+3000,2.3027817999827676,21065.0,35.71,6025.08,19.43,696.0,225.0,1.0,1.0,3.0,1625.0,2967.1,2.0,3000.0,1.0,225.0,0.0,0.0,0.0,0.0,3000.0,714.0,696.0,226.0
velocity_+3000,2.31392980000237,21076.0,71.28,6060.65,19.46,674.0,233.0,1.0,1.0,3.0,3244.0,2972.5,2.0,3000.0,1.0,233.0,0.0,0.0,0.0,0.0,3000.0,711.0,674.0,233.9
velocity_+3000,2.322483399999328,21085.0,88.31,6077.68,19.46,759.0,201.0,1.0,1.0,3.0,4019.0,2968.1,2.0,3000.0,1.0,201.0,0.0,0.0,0.0,0.0,3000.0,714.0,759.0,201.1
velocity_+3000,2.3333082999743056,21096.0,122.76,6112.13,19.46,759.0,205.0,1.0,1.0,3.0,5587.0,2952.8,2.0,3000.0,1.0,205.0,0.0,0.0,0.0,0.0,3000.0,722.0,759.0,205.6
velocity_+3000,2.343182699987665,21106.0,155.79,6145.16,19.41,707.0,220.0,1.0,1.0,3.0,7090.0,2981.3,2.0,3000.0,1.0,220.0,0.0,0.0,0.0,0.0,3000.0,708.0,707.0,220.2
velocity_+3000,2.353211999987252,21116.0,191.01,6180.38,19.46,679.0,211.0,1.0,1.0,3.0,8693.0,3057.8,2.0,3000.0,1.0,211.0,0.0,0.0,0.0,0.0,3000.0,669.0,679.0,211.9
velocity_+3000,2.362638999999035,21125.0,208.92,6198.29,19.46,636.0,227.0,1.0,1.0,3.0,9508.0,3065.4,2.0,3000.0,1.0,227.0,0.0,0.0,0.0,0.0,3000.0,665.0,636.0,227.2
velocity_+3000,2.3725455999956466,21135.0,247.41,6236.78,19.46,686.0,210.0,1.0,1.0,3.0,11260.0,3048.3,2.0,3000.0,1.0,210.0,0.0,0.0,0.0,0.0,3000.0,673.0,686.0,210.5
velocity_+3000,2.3825688999786507,21145.0,279.23,6268.6,19.43,728.0,207.0,1.0,1.0,3.0,12708.0,2994.6,2.0,3000.0,1.0,207.0,0.0,0.0,0.0,0.0,3000.0,699.0,728.0,207.1
velocity_+3000,2.3934896999853663,21156.0,309.95,6299.32,19.46,672.0,245.0,1.0,1.0,3.0,14106.0,2931.6,2.0,3000.0,1.0,245.0,0.0,0.0,0.0,0.0,3000.0,731.0,672.0,245.0
velocity_+3000,2.4030889999994542,21165.0,326.69,6316.06,19.43,734.0,219.0,1.0,1.0,3.0,14868.0,2936.9,2.0,3000.0,1.0,219.0,0.0,0.0,0.0,0.0,3000.0,729.0,734.0,219.3
velocity_+3000,2.414008499996271,21176.0,10.5,6359.88,19.43,731.0,214.0,1.0,1.0,3.0,478.0,2961.8,2.0,3000.0,1.0,214.0,0.0,0.0,0.0,0.0,3000.0,718.0,731.0,214.8
velocity_+3000,2.4228596999892034,21185.0,28.85,6378.22,19.43,696.0,222.0,1.0,1.0,3.0,1313.0,2989.6,2.0,3000.0,1.0,222.0,0.0,0.0,0.0,0.0,3000.0,704.0,696.0,222.1
velocity_+3000,2.433264199993573,21196.0,64.38,6413.75,19.46,686.0,224.0,1.0,1.0,3.0,2930.0,2995.7,2.0,3000.0,1.0,224.0,0.0,0.0,0.0,0.0,3000.0,701.0,686.0,224.5
velocity_+3000,2.443071899993811,21206.0,96.64,6446.01,19.43,735.0,205.0,1.0,1.0,3.0,4398.0,2996.5,2.0,3000.0,1.0,205.0,0.0,0.0,0.0,0.0,3000.0,700.0,735.0,205.3
velocity_+3000,2.453049399977317,21215.0,128.76,6478.13,19.46,726.0,213.0,1.0,1.0,3.0,5860.0,2978.5,2.0,3000.0,1.0,213.0,0.0,0.0,0.0,0.0,3000.0,709.0,726.0,213.5
velocity_+3000,2.4626097999862395,21225.0,146.47,6495.84,19.46,698.0,217.0,1.0,1.0,3.0,6666.0,3007.8,2.0,3000.0,1.0,217.0,0.0,0.0,0.0,0.0,3000.0,695.0,698.0,217.2
velocity_+3000,2.4724693999742158,21235.0,186.22,6535.59,19.43,653.0,221.0,1.0,1.0,3.0,8475.0,3064.8,2.0,3000.0,1.0,221.0,0.0,0.0,0.0,0.0,3000.0,666.0,653.0,221.3
velocity_+3000,2.482509499997832,21245.0,220.78,6570.15,19.43,644.0,217.0,1.0,1.0,3.0,10048.0,3092.0,2.0,3000.0,1.0,217.0,0.0,0.0,0.0,0.0,3000.0,651.0,644.0,217.4
velocity_+3000,2.493405899993377,21256.0,253.08,6602.45,19.46,672.0,215.0,1.0,1.0,3.0,11518.0,3050.5,2.0,3000.0,1.0,215.0,0.0,0.0,0.0,0.0,3000.0,671.0,672.0,215.3
velocity_+3000,2.5028598999779206,21265.0,269.54,6618.91,19.46,718.0,205.0,1.0,1.0,3.0,12267.0,3013.8,2.0,3000.0,1.0,205.0,0.0,0.0,0.0,0.0,3000.0,690.0,718.0,205.8
velocity_+3000,2.5141492999973707,21276.0,310.28,6659.65,19.46,694.0,234.0,1.0,1.0,3.0,14121.0,2938.0,2.0,3000.0,1.0,234.0,0.0,0.0,0.0,0.0,3000.0,728.0,694.0,234.5
velocity_+3000,2.522506399982376,21285.0,327.26,6676.63,19.43,709.0,229.0,1.0,1.0,3.0,14894.0,2934.6,2.0,3000.0,1.0,229.0,0.0,0.0,0.0,0.0,3000.0,730.0,709.0,230.0
velocity_+3000,2.5334762999846134,21296.0,2.07,6711.44,19.43,693.0,231.0,1.0,1.0,3.0,94.0,2953.2,2.0,3000.0,1.0,231.0,0.0,0.0,0.0,0.0,3000.0,722.0,693.0,232.0
velocity_+3000,2.543059399991762,21306.0,35.35,6744.73,19.43,669.0,229.0,1.0,1.0,3.0,1609.0,3003.7,2.0,3000.0,1.0,229.0,0.0,0.0,0.0,0.0,3000.0,697.0,669.0,229.2
velocity_+3000,2.5531050999998115,21316.0,68.27,6777.64,19.46,698.0,217.0,1.0,1.0,3.0,3107.0,3003.6,2.0,3000.0,1.0,217.0,0.0,0.0,0.0,0.0,3000.0,697.0,698.0,217.7
velocity_+3000,2.5625150999985635,21325.0,85.45,6794.82,19.46,742.0,201.0,1.0,1.0,3.0,3889.0,3000.6,2.0,3000.0,1.0,201.0,0.0,0.0,0.0,0.0,3000.0,698.0,742.0,201.3
velocity_+3000,2.57330719998572,21336.0,122.83,6832.2,19.43,765.0,198.0,1.0,1.0,3.0,5590.0,2974.7,2.0,3000.0,1.0,198.0,0.0,0.0,0.0,0.0,3000.0,711.0,765.0,198.6
velocity_+3000,2.583162099996116,21346.0,155.57,6864.94,19.44,697.0,220.0,1.0,1.0,3.0,7080.0,2994.6,2.0,3000.0,1.0,220.0,0.0,0.0,0.0,0.0,3000.0,701.0,697.0,220.9
velocity_+3000,2.5931124999769963,21356.0,190.33,6899.7,19.46,676.0,213.0,1.0,1.0,3.0,8662.0,3060.5,2.0,3000.0,1.0,213.0,0.0,0.0,0.0,0.0,3000.0,668.0,676.0,213.2
velocity_+3000,2.6030401999887545,21365.0,207.66,6917.04,19.46,656.0,219.0,1.0,1.0,3.0,9451.0,3064.3,2.0,3000.0,1.0,219.0,0.0,0.0,0.0,0.0,3000.0,666.0,656.0,219.6
velocity_+3000,2.6135892999882344,21376.0,251.63,6961.0,19.44,675.0,215.0,1.0,1.0,3.0,11452.0,3049.5,2.0,3000.0,1.0,215.0,0.0,0.0,0.0,0.0,3000.0,672.0,675.0,215.3
velocity_+3000,2.623617999983253,21386.0,280.9,6990.27,19.44,756.0,197.0,1.0,1.0,3.0,12784.0,2990.6,2.0,3000.0,1.0,197.0,0.0,0.0,0.0,0.0,3000.0,702.0,756.0,197.3
velocity_+3000,2.633052299992414,21395.0,297.11,7006.49,19.44,723.0,218.0,1.0,1.0,3.0,13522.0,2958.4,2.0,3000.0,1.0,218.0,0.0,0.0,0.0,0.0,3000.0,718.0,723.0,218.8
velocity_+3000,2.643349299993133,21405.0,333.13,7042.5,19.43,715.0,232.0,1.0,1.0,3.0,15161.0,2918.9,2.0,3000.0,1.0,232.0,0.0,0.0,0.0,0.0,3000.0,739.0,715.0,232.0
velocity_+3000,2.6529649999865796,21415.0,5.91,7075.28,19.46,726.0,221.0,1.0,1.0,3.0,269.0,2943.9,2.0,3000.0,1.0,221.0,0.0,0.0,0.0,0.0,3000.0,727.0,726.0,221.2
velocity_+3000,2.6624606999976095,21425.0,22.83,7092.2,19.46,726.0,218.0,1.0,1.0,3.0,1039.0,2957.4,2.0,3000.0,1.0,218.0,0.0,0.0,0.0,0.0,3000.0,721.0,726.0,218.2
velocity_+3000,2.6732761999883223,21436.0,60.86,7130.24,19.46,720.0,218.0,1.0,1.0,3.0,2770.0,2966.3,2.0,3000.0,1.0,218.0,0.0,0.0,0.0,0.0,3000.0,716.0,720.0,218.9
velocity_+3000,2.683107499993639,21446.0,93.25,7162.62,19.44,758.0,202.0,1.0,1.0,3.0,4244.0,2973.4,2.0,3000.0,1.0,202.0,0.0,0.0,0.0,0.0,3000.0,713.0,758.0,202.3
velocity_+3000,2.693102399993222,21456.0,125.38,7194.75,19.43,695.0,232.0,1.0,1.0,3.0,5706.0,2956.2,2.0,3000.0,1.0,232.0,0.0,0.0,0.0,0.0,3000.0,722.0,695.0,232.4
velocity_+3000,2.702567899978021,21465.0,143.5,7212.88,19.43,688.0,226.0,1.0,1.0,3.0,6531.0,2989.0,2.0,3000.0,1.0,226.0,0.0,0.0,0.0,0.0,3000.0,706.0,688.0,226.7
velocity_+3000,2.713532399997348,21476.0,189.54,7258.91,19.43,676.0,217.0,1.0,1.0,3.0,8626.0,3046.8,2.0,3000.0,1.0,217.0,0.0,0.0,0.0,0.0,3000.0,677.0,676.0,217.2
velocity_+3000,2.7230617000022903,21486.0,207.6,7276.97,19.43,648.0,225.0,1.0,1.0,3.0,9448.0,3058.2,2.0,3000.0,1.0,225.0,0.0,0.0,0.0,0.0,3000.0,671.0,648.0,225.1
velocity_+3000,2.733025399997132,21495.0,246.36,7315.73,19.46,692.0,208.0,1.0,1.0,3.0,11212.0,3051.5,2.0,3000.0,1.0,208.0,0.0,0.0,0.0,0.0,3000.0,673.0,692.0,208.3
velocity_+3000,2.7430498999892734,21505.0,278.53,7347.9,19.44,747.0,198.0,1.0,1.0,3.0,12676.0,3001.3,2.0,3000.0,1.0,198.0,0.0,0.0,0.0,0.0,3000.0,698.0,747.0,198.3
velocity_+3000,2.7525147999986075,21515.0,295.0,7364.38,19.44,679.0,232.0,1.0,1.0,3.0,13426.0,2974.9,2.0,3000.0,1.0,232.0,0.0,0.0,0.0,0.0,3000.0,711.0,679.0,232.4
velocity_+3000,2.7628780999802984,21525.0,331.46,7400.83,19.46,710.0,228.0,1.0,1.0,3.0,15085.0,2939.4,2.0,3000.0,1.0,228.0,0.0,0.0,0.0,0.0,3000.0,730.0,710.0,228.7
velocity_+3000,2.7724397999991197,21535.0,4.33,7433.7,19.46,711.0,222.0,1.0,1.0,3.0,197.0,2962.5,2.0,3000.0,1.0,222.0,0.0,0.0,0.0,0.0,3000.0,719.0,711.0,222.7
velocity_+3000,2.7832290999940597,21546.0,37.95,7467.32,19.46,711.0,211.0,1.0,1.0,3.0,1727.0,3010.9,2.0,3000.0,1.0,211.0,0.0,0.0,0.0,0.0,3000.0,695.0,711.0,211.3
velocity_+3000,2.792723099992145,21555.0,54.23,7483.6,19.46,705.0,218.0,1.0,1.0,3.0,2468.0,2990.4,2.0,3000.0,1.0,218.0,0.0,0.0,0.0,0.0,3000.0,705.0,705.0,218.8
velocity_+3000,2.8026364999823272,21565.0,91.93,7521.31,19.46,765.0,196.0,1.0,1.0,3.0,4184.0,2985.5,2.0,3000.0,1.0,196.0,0.0,0.0,0.0,0.0,3000.0,708.0,765.0,196.2
velocity_+3000,2.813699299993459,21576.0,126.96,7556.33,19.46,756.0,204.0,1.0,1.0,3.0,5778.0,2966.6,2.0,3000.0,1.0,204.0,0.0,0.0,0.0,0.0,3000.0,717.0,756.0,204.8
velocity_+3000,2.823120099987136,21586.0,145.59,7574.96,19.46,692.0,222.0,1.0,1.0,3.0,6626.0,2998.5,2.0,3000.0,1.0,222.0,0.0,0.0,0.0,0.0,3000.0,701.0,692.0,222.4
velocity_+3000,2.832965499983402,21595.0,185.41,7614.78,19.43,654.0,222.0,1.0,1.0,3.0,8438.0,3059.1,2.0,3000.0,1.0,222.0,0.0,0.0,0.0,0.0,3000.0,671.0,654.0,222.8
velocity_+3000,2.842966299998807,21605.0,219.95,7649.32,19.44,660.0,211.0,1.0,1.0,3.0,10010.0,3092.4,2.0,3000.0,1.0,211.0,0.0,0.0,0.0,0.0,3000.0,653.0,660.0,211.3
velocity_+3000,2.8525207999919076,21615.0,236.51,7665.89,19.46,698.0,202.0,1.0,1.0,3.0,10764.0,3065.9,2.0,3000.0,1.0,202.0,0.0,0.0,0.0,0.0,3000.0,666.0,698.0,202.3
velocity_+3000,2.8624246999970637,21625.0,273.36,7702.73,19.46,710.0,211.0,1.0,1.0,3.0,12441.0,3004.9,2.0,3000.0,1.0,211.0,0.0,0.0,0.0,0.0,3000.0,696.0,710.0,211.9
velocity_+3000,2.8733838999760337,21636.0,304.23,7733.61,19.43,745.0,214.0,1.0,1.0,3.0,13846.0,2937.5,2.0,3000.0,1.0,214.0,0.0,0.0,0.0,0.0,3000.0,730.0,745.0,214.9
velocity_+3000,2.883367000002181,21646.0,335.68,7765.05,19.46,732.0,226.0,1.0,1.0,3.0,15277.0,2911.7,2.0,3000.0,1.0,226.0,0.0,0.0,0.0,0.0,3000.0,744.0,732.0,226.1
velocity_+3000,2.8928578999766614,21655.0,352.77,7782.14,19.46,717.0,230.0,1.0,1.0,3.0,16055.0,2920.2,2.0,3000.0,1.0,230.0,0.0,0.0,0.0,0.0,3000.0,740.0,717.0,230.0
velocity_+3000,2.902710299997125,21665.0,31.95,7821.32,19.46,691.0,227.0,1.0,1.0,3.0,1454.0,2975.3,2.0,3000.0,1.0,227.0,0.0,0.0,0.0,0.0,3000.0,713.0,691.0,227.6
velocity_+3000,2.913910599978408,21676.0,67.94,7857.31,19.46,689.0,226.0,1.0,1.0,3.0,3092.0,2986.3,2.0,3000.0,1.0,226.0,0.0,0.0,0.0,0.0,3000.0,708.0,689.0,226.2
velocity_+3000,2.922503899986623,21685.0,85.28,7874.65,19.46,736.0,207.0,1.0,1.0,3.0,3881.0,2988.3,2.0,3000.0,1.0,207.0,0.0,0.0,0.0,0.0,3000.0,707.0,736.0,207.6
velocity_+3000,2.9332633999874815,21696.0,120.08,7909.45,19.46,711.0,220.0,1.0,1.0,3.0,5465.0,2978.4,2.0,3000.0,1.0,220.0,0.0,0.0,0.0,0.0,3000.0,712.0,711.0,220.1
velocity_+3000,2.943158499983838,21706.0,153.48,7942.85,19.46,666.0,229.0,1.0,1.0,3.0,6985.0,3013.0,2.0,3000.0,1.0,229.0,0.0,0.0,0.0,0.0,3000.0,695.0,666.0,229.6
velocity_+3000,2.953161599987652,21716.0,189.1,7978.47,19.46,665.0,210.0,1.0,1.0,3.0,8606.0,3091.8,2.0,3000.0,1.0,210.0,0.0,0.0,0.0,0.0,3000.0,655.0,665.0,210.6
velocity_+3000,2.9626108999946155,21725.0,207.16,7996.53,19.46,636.0,219.0,1.0,1.0,3.0,9428.0,3099.3,2.0,3000.0,1.0,219.0,0.0,0.0,0.0,0.0,3000.0,650.0,636.0,219.8
velocity_+3000,2.9725067999970634,21735.0,246.09,8035.47,19.46,706.0,195.0,1.0,1.0,3.0,11200.0,3079.1,2.0,3000.0,1.0,195.0,0.0,0.0,0.0,0.0,3000.0,659.0,706.0,195.7
velocity_+3000,2.9825479999999516,21745.0,277.82,8067.19,19.46,717.0,207.0,1.0,1.0,3.0,12644.0,3011.5,2.0,3000.0,1.0,207.0,0.0,0.0,0.0,0.0,3000.0,693.0,717.0,207.8
velocity_+3000,2.993484999984503,21756.0,308.36,8097.74,19.44,696.0,234.0,1.0,1.0,3.0,14034.0,2936.4,2.0,3000.0,1.0,234.0,0.0,0.0,0.0,0.0,3000.0,731.0,696.0,234.3
velocity_+3000,3.0030501000001095,21766.0,324.93,8114.3,19.46,716.0,226.0,1.0,1.0,3.0,14788.0,2935.1,2.0,3000.0,1.0,226.0,0.0,0.0,0.0,0.0,3000.0,732.0,716.0,226.3
velocity_+3000,3.013962700002594,21776.0,8.06,8157.44,19.46,709.0,226.0,1.0,1.0,3.0,367.0,2946.0,2.0,3000.0,1.0,226.0,0.0,0.0,0.0,0.0,3000.0,727.0,709.0,226.9
velocity_+3000,3.0224542999931145,21785.0,25.97,8175.34,19.46,708.0,222.0,1.0,1.0,3.0,1182.0,2965.9,2.0,3000.0,1.0,222.0,0.0,0.0,0.0,0.0,3000.0,718.0,708.0,222.3
velocity_+3000,3.0332697999838274,21796.0,61.52,8210.9,19.46,695.0,225.0,1.0,1.0,3.0,2800.0,2977.3,2.0,3000.0,1.0,225.0,0.0,0.0,0.0,0.0,3000.0,712.0,695.0,225.2
velocity_+3000,3.043034699978307,21806.0,93.87,8243.24,19.41,776.0,191.0,1.0,1.0,3.0,4272.0,2986.1,2.0,3000.0,1.0,191.0,0.0,0.0,0.0,0.0,3000.0,708.0,776.0,191.5
velocity_+3000,3.053020999999717,21815.0,125.9,8275.28,19.46,706.0,223.0,1.0,1.0,3.0,5730.0,2967.3,2.0,3000.0,1.0,223.0,0.0,0.0,0.0,0.0,3000.0,717.0,706.0,224.0
velocity_+3000,3.0625721999967936,21825.0,143.59,8292.96,19.46,688.0,223.0,1.0,1.0,3.0,6535.0,2998.9,2.0,3000.0,1.0,223.0,0.0,0.0,0.0,0.0,3000.0,702.0,688.0,223.3
velocity_+3000,3.0724135999917053,21835.0,183.08,8332.45,19.43,674.0,215.0,1.0,1.0,3.0,8332.0,3054.8,2.0,3000.0,1.0,215.0,0.0,0.0,0.0,0.0,3000.0,673.0,674.0,215.2
velocity_+3000,3.0823832000023685,21845.0,217.62,8366.99,19.43,669.0,208.0,1.0,1.0,3.0,9904.0,3088.2,2.0,3000.0,1.0,208.0,0.0,0.0,0.0,0.0,3000.0,656.0,669.0,208.5
velocity_+3000,3.0932299999985844,21856.0,249.85,8399.22,19.41,678.0,214.0,1.0,1.0,3.0,11371.0,3048.7,2.0,3000.0,1.0,214.0,0.0,0.0,0.0,0.0,3000.0,675.0,678.0,214.5
velocity_+3000,3.102620099991327,21865.0,266.51,8415.88,19.41,720.0,203.0,1.0,1.0,3.0,12129.0,3022.7,2.0,3000.0,1.0,203.0,0.0,0.0,0.0,0.0,3000.0,688.0,720.0,204.0
velocity_+3000,3.1136071999790147,21876.0,307.18,8456.55,19.46,732.0,217.0,1.0,1.0,3.0,13980.0,2945.1,2.0,3000.0,1.0,217.0,0.0,0.0,0.0,0.0,3000.0,727.0,732.0,217.4
velocity_+3000,3.1231762999959756,21886.0,324.16,8473.54,19.46,705.0,229.0,1.0,1.0,3.0,14753.0,2940.9,2.0,3000.0,1.0,229.0,0.0,0.0,0.0,0.0,3000.0,730.0,705.0,229.7
velocity_+3000,3.133017699990887,21896.0,1.45,8510.82,19.44,709.0,225.0,1.0,1.0,3.0,66.0,2950.8,2.0,3000.0,1.0,225.0,0.0,0.0,0.0,0.0,3000.0,725.0,709.0,225.7
velocity_+3000,3.1430057999968994,21905.0,35.16,8544.53,19.46,726.0,207.0,1.0,1.0,3.0,1600.0,2996.6,2.0,3000.0,1.0,207.0,0.0,0.0,0.0,0.0,3000.0,703.0,726.0,207.9
velocity_+3000,3.1524045999976806,21915.0,51.92,8561.29,19.46,712.0,217.0,1.0,1.0,3.0,2363.0,2983.3,2.0,3000.0,1.0,217.0,0.0,0.0,0.0,0.0,3000.0,710.0,712.0,217.2
velocity_+3000,3.163203199976124,21926.0,89.82,8599.2,19.43,741.0,207.0,1.0,1.0,3.0,4088.0,2978.6,2.0,3000.0,1.0,207.0,0.0,0.0,0.0,0.0,3000.0,712.0,741.0,207.3
velocity_+3000,3.1730257000017446,21935.0,121.38,8630.75,19.46,727.0,216.0,1.0,1.0,3.0,5524.0,2962.7,2.0,3000.0,1.0,216.0,0.0,0.0,0.0,0.0,3000.0,720.0,727.0,216.8
velocity_+3000,3.183095799991861,21945.0,154.75,8664.12,19.46,692.0,224.0,1.0,1.0,3.0,7043.0,2989.8,2.0,3000.0,1.0,224.0,0.0,0.0,0.0,0.0,3000.0,707.0,692.0,224.1
velocity_+3000,3.192629400000442,21955.0,172.44,8681.81,19.46,713.0,210.0,1.0,1.0,3.0,7848.0,3010.3,2.0,3000.0,1.0,210.0,0.0,0.0,0.0,0.0,3000.0,697.0,713.0,210.6
velocity_+3000,3.202528199995868,21965.0,212.89,8722.26,19.46,689.0,206.0,1.0,1.0,3.0,9689.0,3067.1,2.0,3000.0,1.0,206.0,0.0,0.0,0.0,0.0,3000.0,667.0,689.0,206.1
velocity_+3000,3.213620599999558,21976.0,248.64,8758.01,19.43,753.0,187.0,1.0,1.0,3.0,11316.0,3038.9,2.0,3000.0,1.0,187.0,0.0,0.0,0.0,0.0,3000.0,681.0,753.0,187.0
velocity_+3000,3.2230658999760635,21986.0,265.87,8775.24,19.43,730.0,202.0,1.0,1.0,3.0,12100.0,3015.8,2.0,3000.0,1.0,202.0,0.0,0.0,0.0,0.0,3000.0,692.0,730.0,202.2
velocity_+3000,3.232935899985023,21995.0,301.2,8810.57,19.46,724.0,224.0,1.0,1.0,3.0,13708.0,2935.3,2.0,3000.0,1.0,224.0,0.0,0.0,0.0,0.0,3000.0,733.0,724.0,224.0
velocity_+3000,3.2429621999908704,22005.0,332.47,8841.84,19.46,730.0,228.0,1.0,1.0,3.0,15131.0,2908.3,2.0,3000.0,1.0,228.0,0.0,0.0,0.0,0.0,3000.0,748.0,730.0,228.6
velocity_+3000,3.2524986999924295,22015.0,348.68,8858.06,19.41,737.0,228.0,1.0,1.0,3.0,15869.0,2900.9,2.0,3000.0,1.0,228.0,0.0,0.0,0.0,0.0,3000.0,752.0,737.0,228.0
velocity_+3000,3.2623866999929305,22025.0,27.36,8896.73,19.46,774.0,200.0,1.0,1.0,3.0,1245.0,2953.4,2.0,3000.0,1.0,200.0,0.0,0.0,0.0,0.0,3000.0,726.0,774.0,200.4
velocity_+3000,3.273316499980865,22036.0,60.05,8929.42,19.46,756.0,206.0,1.0,1.0,3.0,2733.0,2958.2,2.0,3000.0,1.0,206.0,0.0,0.0,0.0,0.0,3000.0,724.0,756.0,207.0
velocity_+3000,3.2833259999752045,22046.0,92.83,8962.21,19.46,720.0,221.0,1.0,1.0,3.0,4225.0,2962.3,2.0,3000.0,1.0,221.0,0.0,0.0,0.0,0.0,3000.0,723.0,720.0,221.2
velocity_+3000,3.292755099973874,22055.0,110.04,8979.41,19.46,720.0,220.0,1.0,1.0,3.0,5008.0,2967.4,2.0,3000.0,1.0,220.0,0.0,0.0,0.0,0.0,3000.0,720.0,720.0,220.2
velocity_+3000,3.3025595999788493,22065.0,148.43,9017.8,19.43,710.0,217.0,1.0,1.0,3.0,6755.0,2994.7,2.0,3000.0,1.0,217.0,0.0,0.0,0.0,0.0,3000.0,707.0,710.0,217.6
velocity_+3000,3.313673700002255,22076.0,186.17,9055.55,19.46,654.0,225.0,1.0,1.0,3.0,8473.0,3054.1,2.0,3000.0,1.0,225.0,0.0,0.0,0.0,0.0,3000.0,677.0,654.0,225.3
velocity_+3000,3.3231954999791924,22086.0,203.84,9073.21,19.46,705.0,203.0,1.0,1.0,3.0,9277.0,3057.4,2.0,3000.0,1.0,203.0,0.0,0.0,0.0,0.0,3000.0,675.0,705.0,203.3
velocity_+3000,3.333092199987732,22096.0,242.25,9111.62,19.42,741.0,193.0,1.0,1.0,3.0,11025.0,3038.1,2.0,3000.0,1.0,193.0,0.0,0.0,0.0,0.0,3000.0,684.0,741.0,193.7
velocity_+3000,3.343103399995016,22106.0,274.02,9143.39,19.46,685.0,229.0,1.0,1.0,3.0,12471.0,2983.2,2.0,3000.0,1.0,229.0,0.0,0.0,0.0,0.0,3000.0,711.0,685.0,229.3
velocity_+3000,3.3525416999764275,22115.0,290.63,9160.0,19.46,686.0,233.0,1.0,1.0,3.0,13227.0,2963.9,2.0,3000.0,1.0,233.0,0.0,0.0,0.0,0.0,3000.0,721.0,686.0,233.4
velocity_+3000,3.362452499975916,22125.0,326.98,9196.35,19.46,704.0,233.0,1.0,1.0,3.0,14881.0,2935.4,2.0,3000.0,1.0,233.0,0.0,0.0,0.0,0.0,3000.0,736.0,704.0,233.2
velocity_+3000,3.372462799976347,22135.0,359.71,9229.09,19.46,709.0,226.0,1.0,1.0,3.0,16371.0,2954.9,2.0,3000.0,1.0,226.0,0.0,0.0,0.0,0.0,3000.0,727.0,709.0,227.0
velocity_+3000,3.383361899992451,22146.0,33.62,9262.99,19.43,703.0,217.0,1.0,1.0,3.0,1530.0,3006.1,2.0,3000.0,1.0,217.0,0.0,0.0,0.0,0.0,3000.0,702.0,703.0,217.9
velocity_+3000,3.392923499981407,22155.0,50.38,9279.76,19.43,736.0,205.0,1.0,1.0,3.0,2293.0,3002.0,2.0,3000.0,1.0,205.0,0.0,0.0,0.0,0.0,3000.0,704.0,736.0,205.8
velocity_+3000,3.402849799982505,22165.0,88.35,9317.72,19.46,699.0,221.0,1.0,1.0,3.0,4021.0,2997.6,2.0,3000.0,1.0,221.0,0.0,0.0,0.0,0.0,3000.0,706.0,699.0,221.9
velocity_+3000,3.4142954999988433,22176.0,123.77,9353.14,19.43,684.0,231.0,1.0,1.0,3.0,5633.0,2983.4,2.0,3000.0,1.0,231.0,0.0,0.0,0.0,0.0,3000.0,713.0,684.0,231.4
velocity_+3000,3.422437399975024,22185.0,142.43,9371.8,19.43,720.0,209.0,1.0,1.0,3.0,6482.0,3014.6,2.0,3000.0,1.0,209.0,0.0,0.0,0.0,0.0,3000.0,697.0,720.0,209.2
velocity_+3000,3.4332121999759693,22196.0,179.32,9408.69,19.46,674.0,216.0,1.0,1.0,3.0,8161.0,3059.4,2.0,3000.0,1.0,216.0,0.0,0.0,0.0,0.0,3000.0,675.0,674.0,216.1
velocity_+3000,3.4433694999897853,22206.0,213.42,9442.79,19.46,683.0,203.0,1.0,1.0,3.0,9713.0,3094.1,2.0,3000.0,1.0,203.0,0.0,0.0,0.0,0.0,3000.0,656.0,683.0,203.5
velocity_+3000,3.4534717999922577,22215.0,245.92,9475.29,19.43,743.0,188.0,1.0,1.0,3.0,11192.0,3054.0,2.0,3000.0,1.0,188.0,0.0,0.0,0.0,0.0,3000.0,676.0,743.0,188.7
velocity_+3000,3.462559199979296,22225.0,262.64,9492.01,19.46,680.0,218.0,1.0,1.0,3.0,11953.0,3036.0,2.0,3000.0,1.0,218.0,0.0,0.0,0.0,0.0,3000.0,684.0,680.0,218.3
velocity_+3000,3.4725125999830198,22235.0,298.06,9527.43,19.43,706.0,227.0,1.0,1.0,3.0,13565.0,2957.7,2.0,3000.0,1.0,227.0,0.0,0.0,0.0,0.0,3000.0,724.0,706.0,227.2
velocity_+3000,3.4828753999900073,22245.0,329.63,9559.01,19.46,699.0,236.0,1.0,1.0,3.0,15002.0,2929.9,2.0,3000.0,1.0,236.0,0.0,0.0,0.0,0.0,3000.0,738.0,699.0,236.7
velocity_+3000,3.4933462999761105,22256.0,2.18,9591.55,19.46,725.0,220.0,1.0,1.0,3.0,99.0,2951.4,2.0,3000.0,1.0,220.0,0.0,0.0,0.0,0.0,3000.0,728.0,725.0,220.9
velocity_+3000,3.5027776999922935,22265.0,19.31,9608.69,19.46,766.0,201.0,1.0,1.0,3.0,879.0,2963.0,2.0,3000.0,1.0,201.0,0.0,0.0,0.0,0.0,3000.0,723.0,766.0,201.9
velocity_+3000,3.513677499984624,22276.0,63.26,9652.63,19.46,769.0,197.0,1.0,1.0,3.0,2879.0,2978.1,2.0,3000.0,1.0,197.0,0.0,0.0,0.0,0.0,3000.0,716.0,769.0,197.5
velocity_+3000,3.5232374999905005,22286.0,80.75,9670.12,19.43,716.0,217.0,1.0,1.0,3.0,3675.0,2986.8,2.0,3000.0,1.0,217.0,0.0,0.0,0.0,0.0,3000.0,711.0,716.0,218.0
velocity_+3000,3.5330593999824487,22296.0,117.93,9707.3,19.41,718.0,221.0,1.0,1.0,3.0,5367.0,2969.8,2.0,3000.0,1.0,221.0,0.0,0.0,0.0,0.0,3000.0,720.0,718.0,221.6
velocity_+3000,3.543052799999714,22306.0,151.55,9740.92,19.41,716.0,214.0,1.0,1.0,3.0,6897.0,3001.3,2.0,3000.0,1.0,214.0,0.0,0.0,0.0,0.0,3000.0,704.0,716.0,214.6
velocity_+3000,3.5525210999767296,22315.0,169.08,9758.45,19.41,711.0,214.0,1.0,1.0,3.0,7695.0,3009.5,2.0,3000.0,1.0,214.0,0.0,0.0,0.0,0.0,3000.0,700.0,711.0,214.1
velocity_+3000,3.5623904999811202,22325.0,210.01,9799.39,19.43,713.0,198.0,1.0,1.0,3.0,9558.0,3069.2,2.0,3000.0,1.0,198.0,0.0,0.0,0.0,0.0,3000.0,670.0,713.0,198.4
velocity_+3000,3.5723988999961875,22335.0,243.06,9832.44,19.41,701.0,208.0,1.0,1.0,3.0,11062.0,3047.5,2.0,3000.0,1.0,208.0,0.0,0.0,0.0,0.0,3000.0,680.0,701.0,208.5
velocity_+3000,3.5833221999928355,22346.0,274.81,9864.19,19.46,672.0,231.0,1.0,1.0,3.0,12507.0,2998.0,2.0,3000.0,1.0,231.0,0.0,0.0,0.0,0.0,3000.0,704.0,672.0,231.1
velocity_+3000,3.592905899975449,22355.0,291.12,9880.49,19.46,686.0,230.0,1.0,1.0,3.0,13249.0,2978.2,2.0,3000.0,1.0,230.0,0.0,0.0,0.0,0.0,3000.0,714.0,686.0,230.2
velocity_+3000,3.6028043999976944,22365.0,327.5,9916.88,19.46,686.0,237.0,1.0,1.0,3.0,14905.0,2951.0,2.0,3000.0,1.0,237.0,0.0,0.0,0.0,0.0,3000.0,729.0,686.0,237.0
velocity_+3000,3.614184399979422,22376.0,3.52,9952.89,19.46,696.0,228.0,1.0,1.0,3.0,160.0,2969.2,2.0,3000.0,1.0,228.0,0.0,0.0,0.0,0.0,3000.0,720.0,696.0,228.8
velocity_+3000,3.622363599977689,22385.0,21.29,9970.66,19.46,748.0,205.0,1.0,1.0,3.0,969.0,2980.7,2.0,3000.0,1.0,205.0,0.0,0.0,0.0,0.0,3000.0,714.0,748.0,205.2
velocity_+3000,3.633489300002111,22396.0,56.78,10006.15,19.43,756.0,201.0,1.0,1.0,3.0,2584.0,2986.9,2.0,3000.0,1.0,201.0,0.0,0.0,0.0,0.0,3000.0,711.0,756.0,201.3
velocity_+3000,3.6433383999974467,22405.0,89.08,10038.45,19.46,728.0,212.0,1.0,1.0,3.0,4054.0,2986.4,2.0,3000.0,1.0,212.0,0.0,0.0,0.0,0.0,3000.0,712.0,728.0,213.0
velocity_+3000,3.6535103999776766,22415.0,121.18,10070.55,19.43,727.0,218.0,1.0,1.0,3.0,5515.0,2965.7,2.0,3000.0,1.0,218.0,0.0,0.0,0.0,0.0,3000.0,722.0,727.0,218.4
velocity_+3000,3.662755899975309,22425.0,138.65,10088.02,19.46,741.0,206.0,1.0,1.0,3.0,6310.0,2987.6,2.0,3000.0,1.0,206.0,0.0,0.0,0.0,0.0,3000.0,711.0,741.0,206.9
velocity_+3000,3.672500199987553,22435.0,177.65,10127.02,19.46,681.0,221.0,1.0,1.0,3.0,8085.0,3028.0,2.0,3000.0,1.0,221.0,0.0,0.0,0.0,0.0,3000.0,691.0,681.0,221.0
velocity_+3000,3.6824406999803614,22445.0,212.41,10161.78,19.43,689.0,208.0,1.0,1.0,3.0,9667.0,3069.0,2.0,3000.0,1.0,208.0,0.0,0.0,0.0,0.0,3000.0,670.0,689.0,208.2
velocity_+3000,3.6933263999817427,22456.0,245.1,10194.48,19.43,703.0,208.0,1.0,1.0,3.0,11155.0,3042.5,2.0,3000.0,1.0,208.0,0.0,0.0,0.0,0.0,3000.0,683.0,703.0,208.7
velocity_+3000,3.7027900999819394,22465.0,262.33,10211.7,19.43,669.0,224.0,1.0,1.0,3.0,11939.0,3032.6,2.0,3000.0,1.0,224.0,0.0,0.0,0.0,0.0,3000.0,687.0,669.0,224.8
velocity_+3000,3.7138634999864735,22476.0,303.77,10253.14,19.43,700.0,228.0,1.0,1.0,3.0,13825.0,2966.5,2.0,3000.0,1.0,228.0,0.0,0.0,0.0,0.0,3000.0,721.0,700.0,228.4
velocity_+3000,3.7224554999847896,22485.0,320.91,10270.28,19.43,679.0,237.0,1.0,1.0,3.0,14605.0,2960.2,2.0,3000.0,1.0,237.0,0.0,0.0,0.0,0.0,3000.0,724.0,679.0,238.0
velocity_+3000,3.733285900001647,22496.0,355.76,10305.13,19.46,689.0,231.0,1.0,1.0,3.0,16191.0,2969.0,2.0,3000.0,1.0,231.0,0.0,0.0,0.0,0.0,3000.0,720.0,689.0,231.7
velocity_+3000,3.7431892000022344,22506.0,29.29,10338.66,19.46,694.0,219.0,1.0,1.0,3.0,1333.0,3011.6,2.0,3000.0,1.0,219.0,0.0,0.0,0.0,0.0,3000.0,699.0,694.0,219.6
velocity_+3000,3.7531741999846417,22516.0,62.51,10371.88,19.41,700.0,218.0,1.0,1.0,3.0,2845.0,3009.8,2.0,3000.0,1.0,218.0,0.0,0.0,0.0,0.0,3000.0,700.0,700.0,218.2
velocity_+3000,3.762587999983225,22525.0,80.16,10389.53,19.41,703.0,215.0,1.0,1.0,3.0,3648.0,3019.7,2.0,3000.0,1.0,215.0,0.0,0.0,0.0,0.0,3000.0,694.0,703.0,215.4
velocity_+3000,3.772424700000556,22535.0,117.82,10427.19,19.43,682.0,227.0,1.0,1.0,3.0,5362.0,3002.8,2.0,3000.0,1.0,227.0,0.0,0.0,0.0,0.0,3000.0,703.0,682.0,227.5
velocity_+3000,3.78246930000023,22545.0,151.7,10461.07,19.46,695.0,215.0,1.0,1.0,3.0,6904.0,3029.4,2.0,3000.0,1.0,215.0,0.0,0.0,0.0,0.0,3000.0,689.0,695.0,215.0
velocity_+3000,3.793401199975051,22556.0,186.72,10496.1,19.46,669.0,209.0,1.0,1.0,3.0,8498.0,3091.6,2.0,3000.0,1.0,209.0,0.0,0.0,0.0,0.0,3000.0,657.0,669.0,209.9
velocity_+3000,3.803014799981611,22565.0,204.26,10513.63,19.44,680.0,205.0,1.0,1.0,3.0,9296.0,3092.5,2.0,3000.0,1.0,205.0,0.0,0.0,0.0,0.0,3000.0,657.0,680.0,205.1
velocity_+3000,3.814003599982243,22576.0,248.44,10557.82,19.47,715.0,196.0,1.0,1.0,3.0,11307.0,3066.6,2.0,3000.0,1.0,196.0,0.0,0.0,0.0,0.0,3000.0,668.0,715.0,196.2
velocity_+3000,3.822539599990705,22585.0,263.3,10572.67,19.47,664.0,221.0,1.0,1.0,3.0,11983.0,3044.8,2.0,3000.0,1.0,221.0,0.0,0.0,0.0,0.0,3000.0,679.0,664.0,221.9
velocity_+3000,3.832451399997808,22595.0,298.96,10608.33,19.46,708.0,224.0,1.0,1.0,3.0,13606.0,2961.6,2.0,3000.0,1.0,224.0,0.0,0.0,0.0,0.0,3000.0,721.0,708.0,224.3
velocity_+3000,3.842477699974552,22605.0,330.31,10639.69,19.43,698.0,236.0,1.0,1.0,3.0,15033.0,2930.8,2.0,3000.0,1.0,236.0,0.0,0.0,0.0,0.0,3000.0,737.0,698.0,236.6
velocity_+3000,3.8533790999790654,22616.0,3.03,10672.4,19.46,737.0,214.0,1.0,1.0,3.0,138.0,2954.2,2.0,3000.0,1.0,214.0,0.0,0.0,0.0,0.0,3000.0,726.0,737.0,215.0
velocity_+3000,3.8629438999923877,22625.0,20.0,10689.37,19.41,731.0,215.0,1.0,1.0,3.0,910.0,2966.5,2.0,3000.0,1.0,215.0,0.0,0.0,0.0,0.0,3000.0,720.0,731.0,215.6
velocity_+3000,3.8728559000010137,22635.0,58.36,10727.73,19.43,761.0,200.0,1.0,1.0,3.0,2656.0,2976.0,2.0,3000.0,1.0,200.0,0.0,0.0,0.0,0.0,3000.0,715.0,761.0,201.0
velocity_+3000,3.8829551999806426,22645.0,91.6,10760.98,19.43,700.0,224.0,1.0,1.0,3.0,4169.0,2983.5,2.0,3000.0,1.0,224.0,0.0,0.0,0.0,0.0,3000.0,712.0,700.0,224.6
velocity_+3000,3.8938984999840613,22656.0,124.06,10793.43,19.46,712.0,221.0,1.0,1.0,3.0,5646.0,2975.0,2.0,3000.0,1.0,221.0,0.0,0.0,0.0,0.0,3000.0,716.0,712.0,221.5
velocity_+3000,3.9032523999921978,22666.0,142.29,10811.67,19.46,691.0,221.0,1.0,1.0,3.0,6476.0,3008.2,2.0,3000.0,1.0,221.0,0.0,0.0,0.0,0.0,3000.0,699.0,691.0,221.6
velocity_+3000,3.913290899974527,22676.0,185.47,10854.84,19.44,660.0,219.0,1.0,1.0,3.0,8441.0,3065.7,2.0,3000.0,1.0,219.0,0.0,0.0,0.0,0.0,3000.0,670.0,660.0,219.7
velocity_+3000,3.9228457999997772,22685.0,203.42,10872.79,19.46,711.0,197.0,1.0,1.0,3.0,9258.0,3070.5,2.0,3000.0,1.0,197.0,0.0,0.0,0.0,0.0,3000.0,667.0,711.0,197.6
velocity_+3000,3.9327511999872513,22695.0,241.9,10911.27,19.46,741.0,190.0,1.0,1.0,3.0,11009.0,3047.3,2.0,3000.0,1.0,190.0,0.0,0.0,0.0,0.0,3000.0,678.0,741.0,190.6
velocity_+3000,3.942853999993531,22705.0,273.76,10943.13,19.43,686.0,227.0,1.0,1.0,3.0,12459.0,2986.0,2.0,3000.0,1.0,227.0,0.0,0.0,0.0,0.0,3000.0,709.0,686.0,227.8
velocity_+3000,3.95385879999958,22716.0,304.61,10973.98,19.43,710.0,232.0,1.0,1.0,3.0,13863.0,2924.0,2.0,3000.0,1.0,232.0,0.0,0.0,0.0,0.0,3000.0,740.0,710.0,233.0
velocity_+3000,3.9632757999934256,22726.0,321.44,10990.81,19.43,722.0,228.0,1.0,1.0,3.0,14629.0,2921.2,2.0,3000.0,1.0,228.0,0.0,0.0,0.0,0.0,3000.0,742.0,722.0,229.0
velocity_+3000,3.973118699999759,22736.0,358.97,11028.34,19.44,695.0,234.0,1.0,1.0,3.0,16337.0,2942.5,2.0,3000.0,1.0,234.0,0.0,0.0,0.0,0.0,3000.0,732.0,695.0,234.6
velocity_+3000,3.983130299980985,22746.0,32.87,11062.24,19.46,723.0,211.0,1.0,1.0,3.0,1496.0,2993.7,2.0,3000.0,1.0,211.0,0.0,0.0,0.0,0.0,3000.0,707.0,723.0,211.4
velocity_+3000,3.992633699992439,22755.0,49.72,11079.1,19.46,739.0,205.0,1.0,1.0,3.0,2263.0,2993.5,2.0,3000.0,1.0,205.0,0.0,0.0,0.0,0.0,3000.0,707.0,739.0,205.4
velocity_+3000,4.00256699998863,22765.0,87.6,11116.98,19.43,709.0,218.0,1.0,1.0,3.0,3987.0,2990.9,2.0,3000.0,1.0,218.0,0.0,0.0,0.0,0.0,3000.0,709.0,709.0,218.8
velocity_-3000,0.0013115000037942082,23648.0,131.15,11160.53,19.46,1.0,0.0,1.0,1.0,3.0,5969.0,0.0,0.0,0.0,1.0,0.0,0.0,0.0,0.0,0.0,0.0,0.0,0.0,0.0
velocity_-3000,0.011336900002788752,23659.0,131.15,11160.53,19.13,-74.0,0.0,1.0,1.0,3.0,5969.0,0.0,2.0,-3000.0,0.0,0.0,0.0,0.0,0.0,0.0,-100.0,-50.0,-74.0,0.0
velocity_-3000,0.021272300014970824,23668.0,131.11,11160.49,19.41,-224.0,11.0,1.0,1.0,3.0,5967.0,-0.8,2.0,-3000.0,0.0,-11.0,0.0,0.0,0.0,0.0,-362.2,-181.0,-224.0,-11.8
velocity_-3000,0.03175550000742078,23678.0,131.07,11160.45,19.44,-268.0,56.0,1.0,1.0,3.0,5965.0,-2.1,2.0,-3000.0,0.0,-56.0,0.0,0.0,0.0,0.0,-583.3,-292.0,-268.0,-56.2
velocity_-3000,0.04083589999936521,23688.0,130.96,11160.34,19.44,-386.0,40.0,1.0,1.0,3.0,5960.0,-5.1,2.0,-3000.0,0.0,-40.0,0.0,0.0,0.0,0.0,-698.2,-349.0,-386.0,-40.0
velocity_-3000,0.050668700016103685,23698.0,130.94,11160.31,19.43,-581.0,32.0,1.0,1.0,3.0,5959.0,-3.6,2.0,-3000.0,0.0,-32.0,0.0,0.0,0.0,0.0,-953.7,-477.0,-581.0,-32.7
velocity_-3000,0.06073709999327548,23708.0,130.87,11160.25,19.43,-634.0,71.0,1.0,1.0,3.0,5956.0,-4.1,2.0,-3000.0,0.0,-71.0,0.0,0.0,0.0,0.0,-1174.3,-587.0,-634.0,-71.8
velocity_-3000,0.07168419999652542,23719.0,130.65,11160.03,19.46,-764.0,79.0,1.0,1.0,3.0,5946.0,-9.7,2.0,-3000.0,0.0,-79.0,0.0,0.0,0.0,0.0,-1393.6,-697.0,-764.0,-79.0
velocity_-3000,0.08181249999324791,23728.0,130.47,11159.85,19.46,-856.0,71.0,1.0,1.0,3.0,5938.0,-13.6,2.0,-3000.0,0.0,-71.0,0.0,0.0,0.0,0.0,-1506.1,-753.0,-856.0,-71.5
velocity_-3000,0.09132500001578592,23738.0,129.97,11159.35,19.44,-1046.0,65.0,1.0,1.0,3.0,5915.0,-22.2,2.0,-3000.0,0.0,-65.0,0.0,0.0,0.0,0.0,-1762.2,-881.0,-1046.0,-65.5
velocity_-3000,0.10147880000295117,23749.0,129.51,11158.88,19.46,-1105.0,102.0,1.0,1.0,3.0,5894.0,-28.4,2.0,-3000.0,0.0,-102.0,0.0,0.0,0.0,0.0,-1985.1,-993.0,-1105.0,-102.2
velocity_-3000,0.11131030000979081,23758.0,129.18,11158.55,19.46,-1260.0,69.0,1.0,1.0,3.0,5879.0,-33.3,2.0,-3000.0,0.0,-69.0,0.0,0.0,0.0,0.0,-2101.8,-1051.0,-1260.0,-69.4
velocity_-3000,0.1213075999985449,23768.0,128.1,11157.48,19.44,-1396.0,86.0,1.0,1.0,3.0,5830.0,-47.8,2.0,-3000.0,0.0,-86.0,0.0,0.0,0.0,0.0,-2364.3,-1182.0,-1396.0,-86.6
velocity_-3000,0.13139600001159124,23778.0,127.55,11156.93,19.49,-1443.0,125.0,1.0,1.0,3.0,5805.0,-48.0,2.0,-3000.0,0.0,-125.0,0.0,0.0,0.0,0.0,-2585.2,-1293.0,-1443.0,-125.9
velocity_-3000,0.14105070001096465,23788.0,127.24,11156.62,19.46,-1540.0,115.0,1.0,1.0,3.0,5791.0,-49.0,2.0,-3000.0,0.0,-115.0,0.0,0.0,0.0,0.0,-2699.4,-1350.0,-1540.0,-115.7
velocity_-3000,0.15113470001961105,23798.0,126.06,11155.44,19.44,-1718.0,113.0,1.0,1.0,3.0,5737.0,-64.1,2.0,-3000.0,0.0,-113.0,0.0,0.0,0.0,0.0,-2957.2,-1479.0,-1718.0,-113.9
velocity_-3000,0.16133890001219697,23808.0,124.39,11153.77,19.43,-1771.0,153.0,1.0,1.0,3.0,5661.0,-93.0,2.0,-3000.0,0.0,-153.0,0.0,0.0,0.0,0.0,-3000.0,-1591.0,-1771.0,-153.3
velocity_-3000,0.17092450000927784,23818.0,122.81,11152.18,19.43,-1829.0,160.0,1.0,1.0,3.0,5589.0,-124.4,2.0,-3000.0,0.0,-160.0,0.0,0.0,0.0,0.0,-3000.0,-1649.0,-1829.0,-160.3
velocity_-3000,0.18098400000599213,23828.0,114.68,11144.05,19.43,-1902.0,209.0,1.0,1.0,3.0,5219.0,-305.6,2.0,-3000.0,0.0,-209.0,0.0,0.0,0.0,0.0,-3000.0,-1779.0,-1902.0,-209.5
velocity_-3000,0.19121230000746436,23838.0,96.46,11125.84,19.44,-1750.0,182.0,1.0,1.0,3.0,4390.0,-753.8,2.0,-3000.0,0.0,-182.0,0.0,0.0,0.0,0.0,-3000.0,-1589.0,-1750.0,-182.1
velocity_-3000,0.20085930000641383,23848.0,84.46,11113.84,19.44,-1518.0,219.0,1.0,1.0,3.0,3844.0,-991.6,2.0,-3000.0,0.0,-219.0,0.0,0.0,0.0,0.0,-3000.0,-1470.0,-1518.0,-219.7
velocity_-3000,0.2111661999952048,23858.0,53.46,11082.84,19.41,-1206.0,240.0,1.0,1.0,3.0,2433.0,-1464.8,2.0,-3000.0,0.0,-240.0,0.0,0.0,0.0,0.0,-3000.0,-1247.0,-1206.0,-240.1
velocity_-3000,0.22138709999853745,23868.0,22.76,11052.14,19.43,-1065.0,203.0,1.0,1.0,3.0,1036.0,-1883.0,2.0,-3000.0,0.0,-203.0,0.0,0.0,0.0,0.0,-3000.0,-1046.0,-1065.0,-203.0
velocity_-3000,0.2309077999962028,23878.0,5.8,11035.18,19.43,-972.0,203.0,1.0,1.0,3.0,264.0,-2059.6,2.0,-3000.0,0.0,-203.0,0.0,0.0,0.0,0.0,-3000.0,-963.0,-972.0,-203.2
velocity_-3000,0.24092450001626275,23888.0,329.0,10998.38,19.46,-797.0,218.0,1.0,1.0,3.0,14973.0,-2318.3,2.0,-3000.0,0.0,-218.0,0.0,0.0,0.0,0.0,-3000.0,-843.0,-797.0,-218.2
velocity_-3000,0.2510963999957312,23898.0,297.66,10967.04,19.46,-695.0,225.0,1.0,1.0,3.0,13547.0,-2480.8,2.0,-3000.0,0.0,-225.0,0.0,0.0,0.0,0.0,-3000.0,-768.0,-695.0,-225.5
velocity_-3000,0.2607608000107575,23908.0,281.78,10951.16,19.46,-669.0,227.0,1.0,1.0,3.0,12824.0,-2528.9,2.0,-3000.0,0.0,-227.0,0.0,0.0,0.0,0.0,-3000.0,-747.0,-669.0,-227.4
velocity_-3000,0.2707910000171978,23918.0,245.28,10914.66,19.43,-636.0,218.0,1.0,1.0,3.0,11163.0,-2640.0,2.0,-3000.0,0.0,-218.0,0.0,0.0,0.0,0.0,-3000.0,-696.0,-636.0,-218.3
velocity_-3000,0.28092580000520684,23928.0,212.72,10882.1,19.46,-614.0,207.0,1.0,1.0,3.0,9681.0,-2731.0,2.0,-3000.0,0.0,-207.0,0.0,0.0,0.0,0.0,-3000.0,-654.0,-614.0,-207.4
velocity_-3000,0.2919746999978088,23939.0,179.06,10848.44,19.43,-631.0,179.0,1.0,1.0,3.0,8149.0,-2830.0,2.0,-3000.0,0.0,-179.0,0.0,0.0,0.0,0.0,-3000.0,-607.0,-631.0,-179.6
velocity_-3000,0.3015414999972563,23949.0,160.58,10829.96,19.43,-522.0,211.0,1.0,1.0,3.0,7308.0,-2885.3,2.0,-3000.0,0.0,-211.0,0.0,0.0,0.0,0.0,-3000.0,-580.0,-522.0,-211.4
velocity_-3000,0.3110551999998279,23958.0,122.54,10791.92,19.44,-549.0,200.0,1.0,1.0,3.0,5577.0,-2889.1,2.0,-3000.0,0.0,-200.0,0.0,0.0,0.0,0.0,-3000.0,-579.0,-549.0,-200.6
velocity_-3000,0.32080950000090525,23968.0,106.88,10776.26,19.44,-549.0,210.0,1.0,1.0,3.0,4864.0,-2851.6,2.0,-3000.0,0.0,-210.0,0.0,0.0,0.0,0.0,-3000.0,-599.0,-549.0,-210.6
velocity_-3000,0.33084780001081526,23978.0,71.46,10740.84,19.43,-674.0,171.0,1.0,1.0,3.0,3252.0,-2813.8,2.0,-3000.0,0.0,-171.0,0.0,0.0,0.0,0.0,-3000.0,-620.0,-674.0,-171.2
velocity_-3000,0.34094769999501295,23988.0,41.46,10710.84,19.43,-642.0,196.0,1.0,1.0,3.0,1887.0,-2768.9,2.0,-3000.0,0.0,-196.0,0.0,0.0,0.0,0.0,-3000.0,-645.0,-642.0,-196.6
velocity_-3000,0.35193900001468137,23999.0,10.94,10680.32,19.46,-611.0,211.0,1.0,1.0,3.0,498.0,-2765.2,2.0,-3000.0,0.0,-211.0,0.0,0.0,0.0,0.0,-3000.0,-649.0,-611.0,-211.6
velocity_-3000,0.3615363000135403,24009.0,355.34,10664.72,19.46,-604.0,219.0,1.0,1.0,3.0,16172.0,-2747.5,2.0,-3000.0,0.0,-219.0,0.0,0.0,0.0,0.0,-3000.0,-660.0,-604.0,-219.3
velocity_-3000,0.3714979000214953,24019.0,321.75,10631.13,19.44,-723.0,184.0,1.0,1.0,3.0,14643.0,-2700.1,2.0,-3000.0,0.0,-184.0,0.0,0.0,0.0,0.0,-3000.0,-687.0,-723.0,-184.8
velocity_-3000,0.3815399000013713,24029.0,293.16,10602.54,19.41,-690.0,211.0,1.0,1.0,3.0,13342.0,-2658.0,2.0,-3000.0,0.0,-211.0,0.0,0.0,0.0,0.0,-3000.0,-712.0,-690.0,-211.1
velocity_-3000,0.3912817999953404,24038.0,278.33,10587.71,19.46,-661.0,226.0,1.0,1.0,3.0,12667.0,-2645.1,2.0,-3000.0,0.0,-226.0,0.0,0.0,0.0,0.0,-3000.0,-720.0,-661.0,-226.5
velocity_-3000,0.40129939999314956,24048.0,244.12,10553.5,19.46,-706.0,207.0,1.0,1.0,3.0,11110.0,-2659.2,2.0,-3000.0,0.0,-207.0,0.0,0.0,0.0,0.0,-3000.0,-718.0,-706.0,-207.8
velocity_-3000,0.4118974000157323,24059.0,212.26,10521.64,19.46,-688.0,209.0,1.0,1.0,3.0,9660.0,-2691.7,2.0,-3000.0,0.0,-209.0,0.0,0.0,0.0,0.0,-3000.0,-705.0,-688.0,-209.4
velocity_-3000,0.4219814999960363,24069.0,182.66,10492.04,19.43,-687.0,194.0,1.0,1.0,3.0,8313.0,-2761.5,2.0,-3000.0,0.0,-194.0,0.0,0.0,0.0,0.0,-3000.0,-673.0,-687.0,-194.9
velocity_-3000,0.4315542000113055,24079.0,164.51,10473.89,19.43,-604.0,215.0,1.0,1.0,3.0,7487.0,-2819.2,2.0,-3000.0,0.0,-215.0,0.0,0.0,0.0,0.0,-3000.0,-645.0,-604.0,-215.1
velocity_-3000,0.4414612000109628,24089.0,128.08,10437.46,19.43,-640.0,197.0,1.0,1.0,3.0,5829.0,-2837.2,2.0,-3000.0,0.0,-197.0,0.0,0.0,0.0,0.0,-3000.0,-638.0,-640.0,-197.7
velocity_-3000,0.4515380999946501,24099.0,97.67,10407.05,19.43,-640.0,205.0,1.0,1.0,3.0,4445.0,-2810.8,2.0,-3000.0,0.0,-205.0,0.0,0.0,0.0,0.0,-3000.0,-653.0,-640.0,-205.4
velocity_-3000,0.4611907000071369,24108.0,81.67,10391.06,19.46,-669.0,195.0,1.0,1.0,3.0,3717.0,-2807.1,2.0,-3000.0,0.0,-195.0,0.0,0.0,0.0,0.0,-3000.0,-656.0,-669.0,-195.8
velocity_-3000,0.47124470002017915,24118.0,46.21,10355.59,19.46,-649.0,208.0,1.0,1.0,3.0,2103.0,-2794.4,2.0,-3000.0,0.0,-208.0,0.0,0.0,0.0,0.0,-3000.0,-665.0,-649.0,-208.5
velocity_-3000,0.48137429999769665,24128.0,14.48,10323.86,19.43,-633.0,212.0,1.0,1.0,3.0,659.0,-2814.5,2.0,-3000.0,0.0,-212.0,0.0,0.0,0.0,0.0,-3000.0,-657.0,-633.0,-212.2
velocity_-3000,0.4909287000191398,24138.0,358.22,10307.6,19.43,-626.0,217.0,1.0,1.0,3.0,16303.0,-2806.8,2.0,-3000.0,0.0,-217.0,0.0,0.0,0.0,0.0,-3000.0,-662.0,-626.0,-217.2
velocity_-3000,0.5009850000205915,24148.0,323.0,10272.38,19.41,-698.0,197.0,1.0,1.0,3.0,14700.0,-2773.3,2.0,-3000.0,0.0,-197.0,0.0,0.0,0.0,0.0,-3000.0,-682.0,-698.0,-198.0
velocity_-3000,0.5116246000106912,24159.0,292.13,10241.51,19.44,-684.0,214.0,1.0,1.0,3.0,13295.0,-2736.3,2.0,-3000.0,0.0,-214.0,0.0,0.0,0.0,0.0,-3000.0,-703.0,-684.0,-214.1
velocity_-3000,0.5213017000060063,24168.0,276.5,10225.89,19.46,-659.0,227.0,1.0,1.0,3.0,12584.0,-2725.3,2.0,-3000.0,0.0,-227.0,0.0,0.0,0.0,0.0,-3000.0,-710.0,-659.0,-228.0
velocity_-3000,0.5313412999967113,24178.0,241.24,10190.62,19.41,-662.0,225.0,1.0,1.0,3.0,10979.0,-2742.7,2.0,-3000.0,0.0,-225.0,0.0,0.0,0.0,0.0,-3000.0,-705.0,-662.0,-225.1
velocity_-3000,0.5414943000068888,24189.0,209.38,10158.76,19.46,-719.0,192.0,1.0,1.0,3.0,9529.0,-2786.3,2.0,-3000.0,0.0,-192.0,0.0,0.0,0.0,0.0,-3000.0,-686.0,-719.0,-192.5
velocity_-3000,0.5510154000076,24198.0,191.71,10141.09,19.46,-693.0,194.0,1.0,1.0,3.0,8725.0,-2826.1,2.0,-3000.0,0.0,-194.0,0.0,0.0,0.0,0.0,-3000.0,-667.0,-693.0,-194.5
velocity_-3000,0.5610633000032976,24208.0,152.82,10102.2,19.46,-614.0,213.0,1.0,1.0,3.0,6955.0,-2884.9,2.0,-3000.0,0.0,-213.0,0.0,0.0,0.0,0.0,-3000.0,-639.0,-614.0,-213.2
velocity_-3000,0.5712343000050168,24218.0,120.28,10069.66,19.46,-589.0,219.0,1.0,1.0,3.0,5474.0,-2903.8,2.0,-3000.0,0.0,-219.0,0.0,0.0,0.0,0.0,-3000.0,-631.0,-589.0,-219.1
velocity_-3000,0.5808795000193641,24228.0,104.41,10053.8,19.44,-600.0,221.0,1.0,1.0,3.0,4752.0,-2876.4,2.0,-3000.0,0.0,-221.0,0.0,0.0,0.0,0.0,-3000.0,-645.0,-600.0,-221.8
velocity_-3000,0.591305400012061,24238.0,67.9,10017.28,19.43,-671.0,197.0,1.0,1.0,3.0,3090.0,-2864.9,2.0,-3000.0,0.0,-197.0,0.0,0.0,0.0,0.0,-3000.0,-653.0,-671.0,-197.7
velocity_-3000,0.601010700018378,24248.0,36.56,9985.95,19.46,-637.0,216.0,1.0,1.0,3.0,1664.0,-2843.8,2.0,-3000.0,0.0,-216.0,0.0,0.0,0.0,0.0,-3000.0,-665.0,-637.0,-217.0
velocity_-3000,0.6108346999972127,24258.0,18.98,9968.37,19.46,-606.0,224.0,1.0,1.0,3.0,864.0,-2869.5,2.0,-3000.0,0.0,-224.0,0.0,0.0,0.0,0.0,-3000.0,-653.0,-606.0,-224.6
velocity_-3000,0.6208407999947667,24268.0,341.26,9930.64,19.43,-657.0,202.0,1.0,1.0,3.0,15531.0,-2876.6,2.0,-3000.0,0.0,-202.0,0.0,0.0,0.0,0.0,-3000.0,-651.0,-657.0,-203.0
velocity_-3000,0.6309446000086609,24278.0,311.0,9900.38,19.43,-640.0,221.0,1.0,1.0,3.0,14154.0,-2833.0,2.0,-3000.0,0.0,-221.0,0.0,0.0,0.0,0.0,-3000.0,-674.0,-640.0,-221.3
velocity_-3000,0.6420555000077002,24289.0,281.49,9870.88,19.43,-718.0,204.0,1.0,1.0,3.0,12811.0,-2781.2,2.0,-3000.0,0.0,-204.0,0.0,0.0,0.0,0.0,-3000.0,-703.0,-718.0,-204.1
velocity_-3000,0.6508216000220273,24298.0,265.39,9854.77,19.46,-725.0,203.0,1.0,1.0,3.0,12078.0,-2777.5,2.0,-3000.0,0.0,-203.0,0.0,0.0,0.0,0.0,-3000.0,-706.0,-725.0,-203.1
velocity_-3000,0.6612941000203136,24308.0,231.83,9821.22,19.43,-681.0,218.0,1.0,1.0,3.0,10551.0,-2793.1,2.0,-3000.0,0.0,-218.0,0.0,0.0,0.0,0.0,-3000.0,-700.0,-681.0,-218.8
velocity_-3000,0.6709836999943946,24318.0,198.76,9788.15,19.43,-679.0,204.0,1.0,1.0,3.0,9046.0,-2857.7,2.0,-3000.0,0.0,-204.0,0.0,0.0,0.0,0.0,-3000.0,-670.0,-679.0,-205.0
velocity_-3000,0.682027900009416,24329.0,164.82,9754.2,19.43,-673.0,189.0,1.0,1.0,3.0,7501.0,-2935.1,2.0,-3000.0,0.0,-189.0,0.0,0.0,0.0,0.0,-3000.0,-632.0,-673.0,-189.5
velocity_-3000,0.6921216000046115,24339.0,147.83,9737.21,19.43,-640.0,205.0,1.0,1.0,3.0,6728.0,-2926.1,2.0,-3000.0,0.0,-205.0,0.0,0.0,0.0,0.0,-3000.0,-637.0,-640.0,-205.4
velocity_-3000,0.7014178000099491,24349.0,111.03,9700.41,19.4,-667.0,199.0,1.0,1.0,3.0,5053.0,-2908.0,2.0,-3000.0,0.0,-199.0,0.0,0.0,0.0,0.0,-3000.0,-647.0,-667.0,-199.8
velocity_-3000,0.7119884999992792,24359.0,78.51,9667.89,19.44,-625.0,222.0,1.0,1.0,3.0,3573.0,-2884.8,2.0,-3000.0,0.0,-222.0,0.0,0.0,0.0,0.0,-3000.0,-660.0,-625.0,-222.5
velocity_-3000,0.7207458000048064,24368.0,61.81,9651.19,19.44,-669.0,205.0,1.0,1.0,3.0,2813.0,-2883.4,2.0,-3000.0,0.0,-205.0,0.0,0.0,0.0,0.0,-3000.0,-662.0,-669.0,-205.2
velocity_-3000,0.7307174000015948,24378.0,28.23,9617.62,19.46,-656.0,214.0,1.0,1.0,3.0,1285.0,-2871.0,2.0,-3000.0,0.0,-214.0,0.0,0.0,0.0,0.0,-3000.0,-669.0,-656.0,-214.2
velocity_-3000,0.7408482000173535,24388.0,355.94,9585.32,19.44,-731.0,183.0,1.0,1.0,3.0,16199.0,-2880.0,2.0,-3000.0,0.0,-183.0,0.0,0.0,0.0,0.0,-3000.0,-666.0,-731.0,-183.1
velocity_-3000,0.751896100002341,24399.0,325.06,9554.45,19.43,-659.0,222.0,1.0,1.0,3.0,14794.0,-2842.0,2.0,-3000.0,0.0,-222.0,0.0,0.0,0.0,0.0,-3000.0,-687.0,-659.0,-222.6
velocity_-3000,0.7614818000001833,24409.0,308.52,9537.9,19.43,-650.0,227.0,1.0,1.0,3.0,14041.0,-2836.1,2.0,-3000.0,0.0,-227.0,0.0,0.0,0.0,0.0,-3000.0,-691.0,-650.0,-227.8
velocity_-3000,0.771601800021017,24419.0,273.6,9502.99,19.43,-679.0,224.0,1.0,1.0,3.0,12452.0,-2806.8,2.0,-3000.0,0.0,-224.0,0.0,0.0,0.0,0.0,-3000.0,-708.0,-679.0,-224.6
velocity_-3000,0.781518200004939,24429.0,242.31,9471.7,19.46,-691.0,217.0,1.0,1.0,3.0,11028.0,-2819.6,2.0,-3000.0,0.0,-217.0,0.0,0.0,0.0,0.0,-3000.0,-703.0,-691.0,-217.9
velocity_-3000,0.7911642999970354,24438.0,225.81,9455.2,19.46,-722.0,203.0,1.0,1.0,3.0,10277.0,-2829.2,2.0,-3000.0,0.0,-203.0,0.0,0.0,0.0,0.0,-3000.0,-700.0,-722.0,-203.5
velocity_-3000,0.8012237000220921,24448.0,186.92,9416.3,19.44,-675.0,207.0,1.0,1.0,3.0,8507.0,-2896.2,2.0,-3000.0,0.0,-207.0,0.0,0.0,0.0,0.0,-3000.0,-668.0,-675.0,-207.5
velocity_-3000,0.8115986000047997,24459.0,151.83,9381.21,19.43,-655.0,199.0,1.0,1.0,3.0,6910.0,-2965.6,2.0,-3000.0,0.0,-199.0,0.0,0.0,0.0,0.0,-3000.0,-633.0,-655.0,-199.2
velocity_-3000,0.8216437000082806,24469.0,120.85,9350.23,19.43,-601.0,215.0,1.0,1.0,3.0,5500.0,-2988.4,2.0,-3000.0,0.0,-215.0,0.0,0.0,0.0,0.0,-3000.0,-622.0,-601.0,-215.3
velocity_-3000,0.8311671999981627,24478.0,104.39,9333.77,19.43,-597.0,224.0,1.0,1.0,3.0,4751.0,-2957.4,2.0,-3000.0,0.0,-224.0,0.0,0.0,0.0,0.0,-3000.0,-638.0,-597.0,-224.6
velocity_-3000,0.8411025000095833,24488.0,67.1,9296.49,19.43,-641.0,211.0,1.0,1.0,3.0,3054.0,-2940.6,2.0,-3000.0,0.0,-211.0,0.0,0.0,0.0,0.0,-3000.0,-647.0,-641.0,-211.7
velocity_-3000,0.8512144999986049,24498.0,35.27,9264.65,19.44,-627.0,222.0,1.0,1.0,3.0,1605.0,-2919.5,2.0,-3000.0,0.0,-222.0,0.0,0.0,0.0,0.0,-3000.0,-658.0,-627.0,-222.8
velocity_-3000,0.8608305999950971,24508.0,17.64,9247.02,19.44,-621.0,218.0,1.0,1.0,3.0,803.0,-2947.0,2.0,-3000.0,0.0,-218.0,0.0,0.0,0.0,0.0,-3000.0,-645.0,-621.0,-218.9
velocity_-3000,0.8708458000037353,24518.0,339.79,9209.17,19.46,-627.0,214.0,1.0,1.0,3.0,15464.0,-2957.1,2.0,-3000.0,0.0,-214.0,0.0,0.0,0.0,0.0,-3000.0,-641.0,-627.0,-214.1
velocity_-3000,0.8811700000078417,24528.0,308.34,9177.72,19.43,-639.0,219.0,1.0,1.0,3.0,14033.0,-2917.1,2.0,-3000.0,0.0,-219.0,0.0,0.0,0.0,0.0,-3000.0,-661.0,-639.0,-219.4
velocity_-3000,0.892235300008906,24539.0,277.95,9147.34,19.44,-664.0,222.0,1.0,1.0,3.0,12650.0,-2864.9,2.0,-3000.0,0.0,-222.0,0.0,0.0,0.0,0.0,-3000.0,-689.0,-664.0,-222.6
velocity_-3000,0.9020507000095677,24549.0,261.54,9130.92,19.44,-721.0,203.0,1.0,1.0,3.0,11903.0,-2851.4,2.0,-3000.0,0.0,-203.0,0.0,0.0,0.0,0.0,-3000.0,-697.0,-721.0,-203.6
velocity_-3000,0.9112306000024546,24558.0,224.06,9093.44,19.46,-712.0,205.0,1.0,1.0,3.0,10197.0,-2863.6,2.0,-3000.0,0.0,-205.0,0.0,0.0,0.0,0.0,-3000.0,-692.0,-712.0,-205.3
velocity_-3000,0.9211489000008442,24568.0,192.37,9061.75,19.43,-662.0,209.0,1.0,1.0,3.0,8755.0,-2934.2,2.0,-3000.0,0.0,-209.0,0.0,0.0,0.0,0.0,-3000.0,-658.0,-662.0,-209.0
velocity_-3000,0.9306970000034198,24578.0,174.35,9043.74,19.46,-647.0,206.0,1.0,1.0,3.0,7935.0,-2970.0,2.0,-3000.0,0.0,-206.0,0.0,0.0,0.0,0.0,-3000.0,-640.0,-647.0,-206.3
velocity_-3000,0.9411148999934085,24588.0,135.51,9004.89,19.46,-635.0,207.0,1.0,1.0,3.0,6167.0,-2986.0,2.0,-3000.0,0.0,-207.0,0.0,0.0,0.0,0.0,-3000.0,-632.0,-635.0,-207.3
velocity_-3000,0.9512589999940246,24598.0,103.05,8972.44,19.46,-643.0,210.0,1.0,1.0,3.0,4690.0,-2959.7,2.0,-3000.0,0.0,-210.0,0.0,0.0,0.0,0.0,-3000.0,-646.0,-643.0,-210.7
velocity_-3000,0.9622471000184305,24609.0,71.08,8940.46,19.43,-686.0,200.0,1.0,1.0,3.0,3235.0,-2936.0,2.0,-3000.0,0.0,-200.0,0.0,0.0,0.0,0.0,-3000.0,-658.0,-686.0,-200.2
velocity_-3000,0.9717844999977387,24618.0,53.79,8923.17,19.43,-654.0,212.0,1.0,1.0,3.0,2448.0,-2940.7,2.0,-3000.0,0.0,-212.0,0.0,0.0,0.0,0.0,-3000.0,-656.0,-654.0,-212.2
velocity_-3000,0.9816805000009481,24628.0,16.26,8885.64,19.46,-616.0,225.0,1.0,1.0,3.0,740.0,-2948.9,2.0,-3000.0,0.0,-225.0,0.0,0.0,0.0,0.0,-3000.0,-653.0,-616.0,-225.8
velocity_-3000,0.991386900015641,24638.0,343.59,8852.97,19.43,-612.0,226.0,1.0,1.0,3.0,15637.0,-2954.2,2.0,-3000.0,0.0,-226.0,0.0,0.0,0.0,0.0,-3000.0,-651.0,-612.0,-226.2
velocity_-3000,1.0010265000164509,24648.0,327.52,8836.91,19.44,-674.0,208.0,1.0,1.0,3.0,14906.0,-2924.7,2.0,-3000.0,0.0,-208.0,0.0,0.0,0.0,0.0,-3000.0,-666.0,-674.0,-208.7
velocity_-3000,1.0112892000179272,24658.0,288.96,8798.34,19.46,-711.0,206.0,1.0,1.0,3.0,13151.0,-2875.7,2.0,-3000.0,0.0,-206.0,0.0,0.0,0.0,0.0,-3000.0,-692.0,-711.0,-206.3
velocity_-3000,1.0213763000210747,24668.0,260.0,8769.38,19.46,-698.0,217.0,1.0,1.0,3.0,11833.0,-2852.6,2.0,-3000.0,0.0,-217.0,0.0,0.0,0.0,0.0,-3000.0,-705.0,-698.0,-217.9
velocity_-3000,1.0308920000097714,24678.0,242.78,8752.16,19.46,-669.0,226.0,1.0,1.0,3.0,11049.0,-2868.8,2.0,-3000.0,0.0,-226.0,0.0,0.0,0.0,0.0,-3000.0,-697.0,-669.0,-226.0
velocity_-3000,1.0408911000122316,24688.0,203.73,8713.11,19.43,-651.0,218.0,1.0,1.0,3.0,9272.0,-2933.4,2.0,-3000.0,0.0,-218.0,0.0,0.0,0.0,0.0,-3000.0,-666.0,-651.0,-218.4
velocity_-3000,1.0510338000021875,24698.0,168.24,8677.63,19.43,-648.0,197.0,1.0,1.0,3.0,7657.0,-3024.5,2.0,-3000.0,0.0,-197.0,0.0,0.0,0.0,0.0,-3000.0,-621.0,-648.0,-197.9
velocity_-3000,1.0607160000072327,24708.0,150.64,8660.03,19.46,-665.0,188.0,1.0,1.0,3.0,6856.0,-3031.7,2.0,-3000.0,0.0,-188.0,0.0,0.0,0.0,0.0,-3000.0,-617.0,-665.0,-189.0
velocity_-3000,1.0706533000047784,24718.0,112.63,8622.01,19.46,-636.0,206.0,1.0,1.0,3.0,5126.0,-3009.3,2.0,-3000.0,0.0,-206.0,0.0,0.0,0.0,0.0,-3000.0,-628.0,-636.0,-206.3
velocity_-3000,1.0808109000208788,24728.0,80.46,8589.85,19.43,-618.0,222.0,1.0,1.0,3.0,3662.0,-2973.2,2.0,-3000.0,0.0,-222.0,0.0,0.0,0.0,0.0,-3000.0,-646.0,-618.0,-222.5
velocity_-3000,1.0919585000083316,24739.0,48.12,8557.5,19.46,-629.0,220.0,1.0,1.0,3.0,2190.0,-2960.9,2.0,-3000.0,0.0,-220.0,0.0,0.0,0.0,0.0,-3000.0,-653.0,-629.0,-220.9
velocity_-3000,1.1017392000067048,24748.0,31.38,8540.76,19.46,-666.0,209.0,1.0,1.0,3.0,1428.0,-2944.0,2.0,-3000.0,0.0,-209.0,0.0,0.0,0.0,0.0,-3000.0,-662.0,-666.0,-209.8
velocity_-3000,1.1115019000135362,24759.0,349.94,8499.32,19.28,-654.0,213.0,1.0,1.0,3.0,15926.0,-2959.5,2.0,-3000.0,0.0,-213.0,0.0,0.0,0.0,0.0,-3000.0,-654.0,-654.0,-213.5
velocity_-3000,1.1215948000026401,24769.0,321.02,8470.4,19.43,-680.0,212.0,1.0,1.0,3.0,14610.0,-2912.0,2.0,-3000.0,0.0,-212.0,0.0,0.0,0.0,0.0,-3000.0,-679.0,-680.0,-212.8
velocity_-3000,1.13122559999465,24778.0,304.52,8453.9,19.41,-648.0,228.0,1.0,1.0,3.0,13859.0,-2903.1,2.0,-3000.0,0.0,-228.0,0.0,0.0,0.0,0.0,-3000.0,-684.0,-648.0,-228.8
velocity_-3000,1.141297800000757,24788.0,268.88,8418.26,19.46,-658.0,232.0,1.0,1.0,3.0,12237.0,-2871.9,2.0,-3000.0,0.0,-232.0,0.0,0.0,0.0,0.0,-3000.0,-701.0,-658.0,-232.1
velocity_-3000,1.1513856000092346,24799.0,236.4,8385.79,19.46,-670.0,222.0,1.0,1.0,3.0,10759.0,-2893.3,2.0,-3000.0,0.0,-222.0,0.0,0.0,0.0,0.0,-3000.0,-692.0,-670.0,-222.8
velocity_-3000,1.1609078000183217,24808.0,219.11,8368.49,19.46,-716.0,202.0,1.0,1.0,3.0,9972.0,-2902.9,2.0,-3000.0,0.0,-202.0,0.0,0.0,0.0,0.0,-3000.0,-688.0,-716.0,-202.5
velocity_-3000,1.1709482000151183,24818.0,178.53,8327.91,19.46,-687.0,195.0,1.0,1.0,3.0,8125.0,-2982.2,2.0,-3000.0,0.0,-195.0,0.0,0.0,0.0,0.0,-3000.0,-648.0,-687.0,-195.8
velocity_-3000,1.181102300004568,24828.0,143.96,8293.35,19.46,-646.0,204.0,1.0,1.0,3.0,6552.0,-3016.2,2.0,-3000.0,0.0,-204.0,0.0,0.0,0.0,0.0,-3000.0,-631.0,-646.0,-204.1
velocity_-3000,1.1907820000196807,24838.0,126.06,8275.44,19.46,-583.0,225.0,1.0,1.0,3.0,5737.0,-3032.7,2.0,-3000.0,0.0,-225.0,0.0,0.0,0.0,0.0,-3000.0,-623.0,-583.0,-225.3
velocity_-3000,1.200764600012917,24848.0,88.46,8237.84,19.37,-590.0,229.0,1.0,1.0,3.0,4026.0,-3006.8,2.0,-3000.0,0.0,-229.0,0.0,0.0,0.0,0.0,-3000.0,-636.0,-590.0,-229.6
velocity_-3000,1.2110969000204932,24858.0,55.13,8204.51,19.43,-605.0,224.0,1.0,1.0,3.0,2509.0,-2999.7,2.0,-3000.0,0.0,-224.0,0.0,0.0,0.0,0.0,-3000.0,-639.0,-605.0,-224.3
velocity_-3000,1.221245499997167,24868.0,24.98,8174.36,19.43,-636.0,216.0,1.0,1.0,3.0,1137.0,-2983.0,2.0,-3000.0,0.0,-216.0,0.0,0.0,0.0,0.0,-3000.0,-648.0,-636.0,-216.1
velocity_-3000,1.2307470999949146,24878.0,7.32,8156.7,19.43,-737.0,174.0,1.0,1.0,3.0,333.0,-2989.6,2.0,-3000.0,0.0,-174.0,0.0,0.0,0.0,0.0,-3000.0,-644.0,-737.0,-174.4
velocity_-3000,1.2407632000104059,24888.0,329.96,8119.34,19.44,-710.0,193.0,1.0,1.0,3.0,15017.0,-2955.6,2.0,-3000.0,0.0,-193.0,0.0,0.0,0.0,0.0,-3000.0,-662.0,-710.0,-193.6
velocity_-3000,1.2508944000001065,24898.0,299.14,8088.52,19.43,-652.0,231.0,1.0,1.0,3.0,13614.0,-2897.2,2.0,-3000.0,0.0,-231.0,0.0,0.0,0.0,0.0,-3000.0,-692.0,-652.0,-231.2
velocity_-3000,1.261935300019104,24909.0,268.62,8058.0,19.43,-664.0,235.0,1.0,1.0,3.0,12225.0,-2859.2,2.0,-3000.0,0.0,-235.0,0.0,0.0,0.0,0.0,-3000.0,-712.0,-664.0,-235.9
velocity_-3000,1.2715636000211816,24919.0,252.6,8041.98,19.46,-695.0,226.0,1.0,1.0,3.0,11496.0,-2845.9,2.0,-3000.0,0.0,-226.0,0.0,0.0,0.0,0.0,-3000.0,-720.0,-695.0,-226.8
velocity_-3000,1.2815415000077337,24929.0,214.61,8003.99,19.44,-688.0,220.0,1.0,1.0,3.0,9767.0,-2887.1,2.0,-3000.0,0.0,-220.0,0.0,0.0,0.0,0.0,-3000.0,-701.0,-688.0,-220.7
velocity_-3000,1.2916342999960762,24939.0,179.6,7968.98,19.41,-699.0,195.0,1.0,1.0,3.0,8174.0,-2975.7,2.0,-3000.0,0.0,-195.0,0.0,0.0,0.0,0.0,-3000.0,-657.0,-699.0,-195.8
velocity_-3000,1.301215300016338,24948.0,160.25,7949.63,19.41,-633.0,209.0,1.0,1.0,3.0,7293.0,-3032.0,2.0,-3000.0,0.0,-209.0,0.0,0.0,0.0,0.0,-3000.0,-629.0,-633.0,-209.1
velocity_-3000,1.3114024999958929,24959.0,118.04,7907.42,19.46,-595.0,221.0,1.0,1.0,3.0,5372.0,-3040.7,2.0,-3000.0,0.0,-221.0,0.0,0.0,0.0,0.0,-3000.0,-624.0,-595.0,-221.4
velocity_-3000,1.3214376000105403,24969.0,87.74,7877.12,19.46,-586.0,231.0,1.0,1.0,3.0,3993.0,-3014.7,2.0,-3000.0,0.0,-231.0,0.0,0.0,0.0,0.0,-3000.0,-637.0,-586.0,-231.1
velocity_-3000,1.3310511000163388,24978.0,70.99,7860.37,19.46,-638.0,213.0,1.0,1.0,3.0,3231.0,-3000.2,2.0,-3000.0,0.0,-213.0,0.0,0.0,0.0,0.0,-3000.0,-644.0,-638.0,-213.6
velocity_-3000,1.3410725000139792,24988.0,33.0,7822.38,19.46,-644.0,214.0,1.0,1.0,3.0,1502.0,-2987.4,2.0,-3000.0,0.0,-214.0,0.0,0.0,0.0,0.0,-3000.0,-651.0,-644.0,-214.5
velocity_-3000,1.3512310000078287,24998.0,358.97,7788.35,19.43,-672.0,199.0,1.0,1.0,3.0,16337.0,-3006.3,2.0,-3000.0,0.0,-199.0,0.0,0.0,0.0,0.0,-3000.0,-641.0,-672.0,-199.3
velocity_-3000,1.3607957000203896,25008.0,341.06,7770.44,19.43,-624.0,217.0,1.0,1.0,3.0,15522.0,-3012.6,2.0,-3000.0,0.0,-217.0,0.0,0.0,0.0,0.0,-3000.0,-638.0,-624.0,-217.1
velocity_-3000,1.3708039000048302,25018.0,304.3,7733.68,19.43,-642.0,221.0,1.0,1.0,3.0,13849.0,-2965.2,2.0,-3000.0,0.0,-221.0,0.0,0.0,0.0,0.0,-3000.0,-662.0,-642.0,-221.3
velocity_-3000,1.3809714000090025,25028.0,273.21,7702.59,19.46,-661.0,225.0,1.0,1.0,3.0,12434.0,-2913.5,2.0,-3000.0,0.0,-225.0,0.0,0.0,0.0,0.0,-3000.0,-689.0,-661.0,-225.9
velocity_-3000,1.3906817999959458,25038.0,257.08,7686.46,19.43,-708.0,212.0,1.0,1.0,3.0,11700.0,-2891.1,2.0,-3000.0,0.0,-212.0,0.0,0.0,0.0,0.0,-3000.0,-700.0,-708.0,-213.0
velocity_-3000,1.400664200016763,25048.0,219.27,7648.65,19.43,-729.0,200.0,1.0,1.0,3.0,9979.0,-2909.2,2.0,-3000.0,0.0,-200.0,0.0,0.0,0.0,0.0,-3000.0,-693.0,-729.0,-200.9
velocity_-3000,1.4110482000105549,25058.0,184.24,7613.62,19.41,-708.0,194.0,1.0,1.0,3.0,8385.0,-2973.3,2.0,-3000.0,0.0,-194.0,0.0,0.0,0.0,0.0,-3000.0,-661.0,-708.0,-194.7
velocity_-3000,1.421177100011846,25068.0,151.68,7581.06,19.46,-613.0,217.0,1.0,1.0,3.0,6903.0,-3034.9,2.0,-3000.0,0.0,-217.0,0.0,0.0,0.0,0.0,-3000.0,-630.0,-613.0,-217.2
velocity_-3000,1.4307338000216987,25078.0,134.03,7563.41,19.46,-614.0,217.0,1.0,1.0,3.0,6100.0,-3029.9,2.0,-3000.0,0.0,-217.0,0.0,0.0,0.0,0.0,-3000.0,-632.0,-614.0,-217.2
velocity_-3000,1.4407352000125684,25088.0,95.93,7525.31,19.32,-619.0,222.0,1.0,1.0,3.0,4366.0,-3005.5,2.0,-3000.0,0.0,-222.0,0.0,0.0,0.0,0.0,-3000.0,-644.0,-619.0,-222.6
velocity_-3000,1.4507943000062369,25098.0,63.41,7492.79,19.41,-648.0,215.0,1.0,1.0,3.0,2886.0,-2985.5,2.0,-3000.0,0.0,-215.0,0.0,0.0,0.0,0.0,-3000.0,-654.0,-648.0,-215.0
velocity_-3000,1.4618444000079762,25109.0,31.2,7460.58,19.46,-674.0,209.0,1.0,1.0,3.0,1420.0,-2964.0,2.0,-3000.0,0.0,-209.0,0.0,0.0,0.0,0.0,-3000.0,-665.0,-674.0,-209.1
velocity_-3000,1.471429099998204,25119.0,13.56,7442.94,19.43,-667.0,207.0,1.0,1.0,3.0,617.0,-2985.8,2.0,-3000.0,0.0,-207.0,0.0,0.0,0.0,0.0,-3000.0,-654.0,-667.0,-207.6
velocity_-3000,1.481391800014535,25129.0,335.7,7405.08,19.46,-610.0,231.0,1.0,1.0,3.0,15278.0,-2981.7,2.0,-3000.0,0.0,-231.0,0.0,0.0,0.0,0.0,-3000.0,-657.0,-610.0,-231.1
velocity_-3000,1.4915228000027128,25139.0,304.04,7373.42,19.42,-657.0,221.0,1.0,1.0,3.0,13837.0,-2943.7,2.0,-3000.0,0.0,-221.0,0.0,0.0,0.0,0.0,-3000.0,-676.0,-657.0,-222.0
velocity_-3000,1.5011049000022467,25148.0,287.86,7357.24,19.42,-697.0,214.0,1.0,1.0,3.0,13101.0,-2908.4,2.0,-3000.0,0.0,-214.0,0.0,0.0,0.0,0.0,-3000.0,-695.0,-697.0,-214.7
velocity_-3000,1.5113167999952566,25158.0,247.94,7317.32,19.46,-707.0,214.0,1.0,1.0,3.0,11284.0,-2897.0,2.0,-3000.0,0.0,-214.0,0.0,0.0,0.0,0.0,-3000.0,-702.0,-707.0,-214.2
velocity_-3000,1.5213959999964572,25169.0,217.51,7286.89,19.46,-744.0,194.0,1.0,1.0,3.0,9899.0,-2920.2,2.0,-3000.0,0.0,-194.0,0.0,0.0,0.0,0.0,-3000.0,-691.0,-744.0,-194.6
velocity_-3000,1.5310152000165544,25178.0,199.34,7268.72,19.38,-718.0,194.0,1.0,1.0,3.0,9072.0,-2967.2,2.0,-3000.0,0.0,-194.0,0.0,0.0,0.0,0.0,-3000.0,-668.0,-718.0,-194.8
velocity_-3000,1.5410531999950763,25188.0,158.66,7228.04,19.41,-615.0,218.0,1.0,1.0,3.0,7221.0,-3041.3,2.0,-3000.0,0.0,-218.0,0.0,0.0,0.0,0.0,-3000.0,-630.0,-615.0,-218.0
velocity_-3000,1.5512127999973018,25198.0,124.8,7194.19,19.46,-617.0,214.0,1.0,1.0,3.0,5680.0,-3046.4,2.0,-3000.0,0.0,-214.0,0.0,0.0,0.0,0.0,-3000.0,-627.0,-617.0,-214.7
velocity_-3000,1.5607250000175554,25208.0,107.91,7177.29,19.46,-621.0,220.0,1.0,1.0,3.0,4911.0,-3015.8,2.0,-3000.0,0.0,-220.0,0.0,0.0,0.0,0.0,-3000.0,-643.0,-621.0,-220.2
velocity_-3000,1.5706772000121418,25218.0,70.22,7139.6,19.46,-726.0,185.0,1.0,1.0,3.0,3196.0,-2987.8,2.0,-3000.0,0.0,-185.0,0.0,0.0,0.0,0.0,-3000.0,-657.0,-726.0,-185.2
velocity_-3000,1.5807732999965083,25228.0,37.99,7107.37,19.41,-721.0,194.0,1.0,1.0,3.0,1729.0,-2960.0,2.0,-3000.0,0.0,-194.0,0.0,0.0,0.0,0.0,-3000.0,-671.0,-721.0,-194.8
velocity_-3000,1.591742200020235,25239.0,4.86,7074.24,19.43,-669.0,212.0,1.0,1.0,3.0,221.0,-2973.1,2.0,-3000.0,0.0,-212.0,0.0,0.0,0.0,0.0,-3000.0,-665.0,-669.0,-212.6
velocity_-3000,1.6014301000104751,25249.0,347.89,7057.27,19.46,-638.0,224.0,1.0,1.0,3.0,15833.0,-2973.9,2.0,-3000.0,0.0,-224.0,0.0,0.0,0.0,0.0,-3000.0,-664.0,-638.0,-224.3
velocity_-3000,1.611690300022019,25259.0,308.32,7017.7,19.46,-628.0,236.0,1.0,1.0,3.0,14032.0,-2938.6,2.0,-3000.0,0.0,-236.0,0.0,0.0,0.0,0.0,-3000.0,-683.0,-628.0,-236.7
velocity_-3000,1.6220850000099745,25269.0,280.06,6989.44,19.46,-735.0,208.0,1.0,1.0,3.0,12746.0,-2880.7,2.0,-3000.0,0.0,-208.0,0.0,0.0,0.0,0.0,-3000.0,-713.0,-735.0,-208.2
velocity_-3000,1.6313015000196174,25278.0,263.41,6972.79,19.46,-745.0,206.0,1.0,1.0,3.0,11988.0,-2872.5,2.0,-3000.0,0.0,-206.0,0.0,0.0,0.0,0.0,-3000.0,-718.0,-745.0,-206.9
velocity_-3000,1.6412896999972872,25288.0,225.99,6935.37,19.46,-731.0,210.0,1.0,1.0,3.0,10285.0,-2886.8,2.0,-3000.0,0.0,-210.0,0.0,0.0,0.0,0.0,-3000.0,-712.0,-731.0,-210.2
velocity_-3000,1.6513898000121117,25299.0,191.47,6900.85,19.43,-652.0,224.0,1.0,1.0,3.0,8714.0,-2963.1,2.0,-3000.0,0.0,-224.0,0.0,0.0,0.0,0.0,-3000.0,-674.0,-652.0,-224.2
velocity_-3000,1.661012299999129,25308.0,172.95,6882.33,19.46,-637.0,218.0,1.0,1.0,3.0,7871.0,-3010.4,2.0,-3000.0,0.0,-218.0,0.0,0.0,0.0,0.0,-3000.0,-651.0,-637.0,-218.2
velocity_-3000,1.6710339999990538,25318.0,133.07,6842.45,19.46,-625.0,215.0,1.0,1.0,3.0,6056.0,-3041.7,2.0,-3000.0,0.0,-215.0,0.0,0.0,0.0,0.0,-3000.0,-635.0,-625.0,-215.3
velocity_-3000,1.6812105000135489,25328.0,99.82,6809.2,19.46,-639.0,214.0,1.0,1.0,3.0,4543.0,-3019.7,2.0,-3000.0,0.0,-214.0,0.0,0.0,0.0,0.0,-3000.0,-645.0,-639.0,-214.6
velocity_-3000,1.6908028000034392,25338.0,82.27,6791.65,19.46,-665.0,205.0,1.0,1.0,3.0,3744.0,-3014.1,2.0,-3000.0,0.0,-205.0,0.0,0.0,0.0,0.0,-3000.0,-648.0,-665.0,-206.0
velocity_-3000,1.7006926000176463,25348.0,44.27,6753.66,19.46,-700.0,196.0,1.0,1.0,3.0,2015.0,-2993.9,2.0,-3000.0,0.0,-196.0,0.0,0.0,0.0,0.0,-3000.0,-658.0,-700.0,-196.9
velocity_-3000,1.7110420000099111,25358.0,10.39,6719.77,19.43,-621.0,225.0,1.0,1.0,3.0,473.0,-3009.8,2.0,-3000.0,0.0,-225.0,0.0,0.0,0.0,0.0,-3000.0,-650.0,-621.0,-225.5
velocity_-3000,1.7207501000084449,25368.0,352.99,6702.37,19.44,-662.0,210.0,1.0,1.0,3.0,16065.0,-3002.7,2.0,-3000.0,0.0,-210.0,0.0,0.0,0.0,0.0,-3000.0,-654.0,-662.0,-210.3
velocity_-3000,1.7307176000031177,25378.0,315.92,6665.3,19.46,-668.0,217.0,1.0,1.0,3.0,14378.0,-2961.7,2.0,-3000.0,0.0,-217.0,0.0,0.0,0.0,0.0,-3000.0,-674.0,-668.0,-217.3
velocity_-3000,1.7408583000069484,25388.0,284.85,6634.23,19.43,-706.0,216.0,1.0,1.0,3.0,12964.0,-2903.6,2.0,-3000.0,0.0,-216.0,0.0,0.0,0.0,0.0,-3000.0,-704.0,-706.0,-216.8
velocity_-3000,1.751941499998793,25399.0,253.21,6602.59,19.44,-741.0,208.0,1.0,1.0,3.0,11524.0,-2885.0,2.0,-3000.0,0.0,-208.0,0.0,0.0,0.0,0.0,-3000.0,-715.0,-741.0,-208.1
velocity_-3000,1.7615034000191372,25409.0,235.44,6584.82,19.44,-737.0,204.0,1.0,1.0,3.0,10715.0,-2909.0,2.0,-3000.0,0.0,-204.0,0.0,0.0,0.0,0.0,-3000.0,-703.0,-737.0,-204.5
velocity_-3000,1.7714196000015363,25419.0,196.02,6545.4,19.46,-652.0,222.0,1.0,1.0,3.0,8921.0,-2975.5,2.0,-3000.0,0.0,-222.0,0.0,0.0,0.0,0.0,-3000.0,-671.0,-652.0,-222.9
velocity_-3000,1.7814762000052724,25429.0,160.29,6509.67,19.43,-639.0,206.0,1.0,1.0,3.0,7295.0,-3065.0,2.0,-3000.0,0.0,-206.0,0.0,0.0,0.0,0.0,-3000.0,-626.0,-639.0,-206.5
velocity_-3000,1.791107800003374,25438.0,143.17,6492.55,19.46,-640.0,208.0,1.0,1.0,3.0,6516.0,-3052.6,2.0,-3000.0,0.0,-208.0,0.0,0.0,0.0,0.0,-3000.0,-632.0,-640.0,-208.8
velocity_-3000,1.80117320001591,25448.0,104.61,6453.99,19.46,-654.0,208.0,1.0,1.0,3.0,4761.0,-3029.2,2.0,-3000.0,0.0,-208.0,0.0,0.0,0.0,0.0,-3000.0,-643.0,-654.0,-208.7
velocity_-3000,1.8115270000125747,25459.0,71.28,6420.66,19.46,-700.0,196.0,1.0,1.0,3.0,3244.0,-3004.8,2.0,-3000.0,0.0,-196.0,0.0,0.0,0.0,0.0,-3000.0,-655.0,-700.0,-196.2
velocity_-3000,1.8215758000151254,25469.0,40.98,6390.36,19.46,-713.0,194.0,1.0,1.0,3.0,1865.0,-2988.7,2.0,-3000.0,0.0,-194.0,0.0,0.0,0.0,0.0,-3000.0,-663.0,-713.0,-194.7
velocity_-3000,1.8310801000043284,25478.0,23.09,6372.47,19.46,-648.0,217.0,1.0,1.0,3.0,1051.0,-3002.0,2.0,-3000.0,0.0,-217.0,0.0,0.0,0.0,0.0,-3000.0,-656.0,-648.0,-218.0
velocity_-3000,1.8411624000000302,25488.0,344.33,6333.71,19.43,-668.0,207.0,1.0,1.0,3.0,15671.0,-3010.5,2.0,-3000.0,0.0,-207.0,0.0,0.0,0.0,0.0,-3000.0,-652.0,-668.0,-207.5
velocity_-3000,1.8512964000110514,25498.0,312.67,6302.05,19.41,-659.0,223.0,1.0,1.0,3.0,14230.0,-2961.4,2.0,-3000.0,0.0,-223.0,0.0,0.0,0.0,0.0,-3000.0,-677.0,-659.0,-223.4
velocity_-3000,1.8609061000170186,25508.0,296.56,6285.95,19.43,-724.0,204.0,1.0,1.0,3.0,13497.0,-2931.9,2.0,-3000.0,0.0,-204.0,0.0,0.0,0.0,0.0,-3000.0,-692.0,-724.0,-204.3
velocity_-3000,1.8709690000105184,25518.0,260.53,6249.91,19.43,-777.0,193.0,1.0,1.0,3.0,11857.0,-2892.5,2.0,-3000.0,0.0,-193.0,0.0,0.0,0.0,0.0,-3000.0,-713.0,-777.0,-193.5
velocity_-3000,1.881114300020272,25528.0,227.64,6217.02,19.46,-710.0,216.0,1.0,1.0,3.0,10360.0,-2909.1,2.0,-3000.0,0.0,-216.0,0.0,0.0,0.0,0.0,-3000.0,-705.0,-710.0,-216.6
velocity_-3000,1.8907006999943405,25538.0,209.66,6199.04,19.46,-691.0,218.0,1.0,1.0,3.0,9542.0,-2933.3,2.0,-3000.0,0.0,-218.0,0.0,0.0,0.0,0.0,-3000.0,-694.0,-691.0,-218.1
velocity_-3000,1.9007071999949403,25548.0,168.42,6157.8,19.43,-652.0,211.0,1.0,1.0,3.0,7665.0,-3027.1,2.0,-3000.0,0.0,-211.0,0.0,0.0,0.0,0.0,-3000.0,-647.0,-652.0,-211.3
velocity_-3000,1.9111145000206307,25558.0,134.32,6123.7,19.46,-660.0,205.0,1.0,1.0,3.0,6113.0,-3034.2,2.0,-3000.0,0.0,-205.0,0.0,0.0,0.0,0.0,-3000.0,-643.0,-660.0,-205.9
velocity_-3000,1.9207544999953825,25568.0,116.21,6105.59,19.44,-685.0,194.0,1.0,1.0,3.0,5289.0,-3041.0,2.0,-3000.0,0.0,-194.0,0.0,0.0,0.0,0.0,-3000.0,-639.0,-685.0,-194.3
velocity_-3000,1.930744900018908,25578.0,78.71,6068.09,19.46,-646.0,219.0,1.0,1.0,3.0,3582.0,-3003.7,2.0,-3000.0,0.0,-219.0,0.0,0.0,0.0,0.0,-3000.0,-658.0,-646.0,-219.1
velocity_-3000,1.9408435999939684,25588.0,45.75,6035.13,19.43,-638.0,225.0,1.0,1.0,3.0,2082.0,-2992.9,2.0,-3000.0,0.0,-225.0,0.0,0.0,0.0,0.0,-3000.0,-663.0,-638.0,-225.0
velocity_-3000,1.951986100000795,25599.0,11.89,6001.27,19.43,-628.0,223.0,1.0,1.0,3.0,541.0,-3019.1,2.0,-3000.0,0.0,-223.0,0.0,0.0,0.0,0.0,-3000.0,-650.0,-628.0,-223.1
velocity_-3000,1.9614055000129156,25609.0,354.29,5983.67,19.43,-653.0,212.0,1.0,1.0,3.0,16124.0,-3019.3,2.0,-3000.0,0.0,-212.0,0.0,0.0,0.0,0.0,-3000.0,-650.0,-653.0,-212.5
velocity_-3000,1.971355300018331,25618.0,316.67,5946.05,19.43,-682.0,208.0,1.0,1.0,3.0,14412.0,-2987.1,2.0,-3000.0,0.0,-208.0,0.0,0.0,0.0,0.0,-3000.0,-666.0,-682.0,-208.7
velocity_-3000,1.9814127999998163,25629.0,285.62,5915.0,19.46,-699.0,216.0,1.0,1.0,3.0,12999.0,-2927.0,2.0,-3000.0,0.0,-216.0,0.0,0.0,0.0,0.0,-3000.0,-696.0,-699.0,-216.4
velocity_-3000,1.991055000020424,25638.0,269.03,5898.41,19.44,-715.0,212.0,1.0,1.0,3.0,12244.0,-2920.3,2.0,-3000.0,0.0,-212.0,0.0,0.0,0.0,0.0,-3000.0,-700.0,-715.0,-212.2
velocity_-3000,2.001113600010285,25648.0,231.55,5860.93,19.44,-671.0,228.0,1.0,1.0,3.0,10538.0,-2929.4,2.0,-3000.0,0.0,-228.0,0.0,0.0,0.0,0.0,-3000.0,-697.0,-671.0,-228.5
velocity_-3000,2.0115042999968864,25659.0,196.24,5825.62,19.46,-634.0,225.0,1.0,1.0,3.0,8931.0,-3002.1,2.0,-3000.0,0.0,-225.0,0.0,0.0,0.0,0.0,-3000.0,-661.0,-634.0,-225.5
velocity_-3000,2.021593400015263,25669.0,162.91,5792.29,19.46,-635.0,203.0,1.0,1.0,3.0,7414.0,-3087.7,2.0,-3000.0,0.0,-203.0,0.0,0.0,0.0,0.0,-3000.0,-617.0,-635.0,-203.9
velocity_-3000,2.0310999000212178,25678.0,145.31,5774.69,19.46,-626.0,210.0,1.0,1.0,3.0,6613.0,-3073.3,2.0,-3000.0,0.0,-210.0,0.0,0.0,0.0,0.0,-3000.0,-624.0,-626.0,-211.0
velocity_-3000,2.041096600005403,25688.0,106.7,5736.08,19.46,-673.0,198.0,1.0,1.0,3.0,4856.0,-3043.9,2.0,-3000.0,0.0,-198.0,0.0,0.0,0.0,0.0,-3000.0,-638.0,-673.0,-198.7
velocity_-3000,2.0512134000018705,25698.0,74.05,5703.43,19.43,-658.0,212.0,1.0,1.0,3.0,3370.0,-3012.0,2.0,-3000.0,0.0,-212.0,0.0,0.0,0.0,0.0,-3000.0,-654.0,-658.0,-212.7
velocity_-3000,2.0608455000037793,25708.0,56.71,5686.09,19.43,-626.0,224.0,1.0,1.0,3.0,2581.0,-3013.5,2.0,-3000.0,0.0,-224.0,0.0,0.0,0.0,0.0,-3000.0,-653.0,-626.0,-224.9
velocity_-3000,2.070856600010302,25718.0,18.19,5647.57,19.43,-614.0,227.0,1.0,1.0,3.0,828.0,-3023.2,2.0,-3000.0,0.0,-227.0,0.0,0.0,0.0,0.0,-3000.0,-648.0,-614.0,-227.3
velocity_-3000,2.080982400017092,25728.0,344.44,5613.82,19.41,-625.0,221.0,1.0,1.0,3.0,15676.0,-3030.4,2.0,-3000.0,0.0,-221.0,0.0,0.0,0.0,0.0,-3000.0,-644.0,-625.0,-221.2
velocity_-3000,2.092057300003944,25739.0,312.41,5581.79,19.43,-646.0,222.0,1.0,1.0,3.0,14218.0,-2987.3,2.0,-3000.0,0.0,-222.0,0.0,0.0,0.0,0.0,-3000.0,-666.0,-646.0,-222.4
velocity_-3000,2.100682799995411,25748.0,295.77,5565.15,19.43,-709.0,204.0,1.0,1.0,3.0,13461.0,-2959.1,2.0,-3000.0,0.0,-204.0,0.0,0.0,0.0,0.0,-3000.0,-680.0,-709.0,-204.4
velocity_-3000,2.110938300000271,25758.0,259.06,5528.44,19.44,-721.0,210.0,1.0,1.0,3.0,11790.0,-2916.3,2.0,-3000.0,0.0,-210.0,0.0,0.0,0.0,0.0,-3000.0,-702.0,-721.0,-210.1
velocity_-3000,2.1211187000153586,25768.0,228.45,5497.83,19.46,-658.0,231.0,1.0,1.0,3.0,10397.0,-2933.3,2.0,-3000.0,0.0,-231.0,0.0,0.0,0.0,0.0,-3000.0,-694.0,-658.0,-231.7
velocity_-3000,2.1307797000044957,25778.0,210.85,5480.23,19.43,-665.0,223.0,1.0,1.0,3.0,9596.0,-2954.7,2.0,-3000.0,0.0,-223.0,0.0,0.0,0.0,0.0,-3000.0,-684.0,-665.0,-223.4
velocity_-3000,2.1407733999949414,25788.0,169.58,5438.97,19.46,-625.0,216.0,1.0,1.0,3.0,7718.0,-3048.3,2.0,-3000.0,0.0,-216.0,0.0,0.0,0.0,0.0,-3000.0,-637.0,-625.0,-216.3
velocity_-3000,2.1508728000044357,25798.0,135.35,5404.73,19.43,-643.0,207.0,1.0,1.0,3.0,6160.0,-3056.8,2.0,-3000.0,0.0,-207.0,0.0,0.0,0.0,0.0,-3000.0,-632.0,-643.0,-207.3
velocity_-3000,2.1618631000164896,25809.0,102.35,5371.73,19.47,-650.0,210.0,1.0,1.0,3.0,4658.0,-3030.3,2.0,-3000.0,0.0,-210.0,0.0,0.0,0.0,0.0,-3000.0,-645.0,-650.0,-210.0
velocity_-3000,2.1714017000049353,25819.0,84.81,5354.19,19.47,-648.0,213.0,1.0,1.0,3.0,3860.0,-3023.2,2.0,-3000.0,0.0,-213.0,0.0,0.0,0.0,0.0,-3000.0,-648.0,-648.0,-213.0
velocity_-3000,2.1813114999968093,25829.0,46.98,5316.36,19.44,-619.0,228.0,1.0,1.0,3.0,2138.0,-3006.1,2.0,-3000.0,0.0,-228.0,0.0,0.0,0.0,0.0,-3000.0,-657.0,-619.0,-228.8
velocity_-3000,2.1913484999968205,25839.0,13.4,5282.78,19.43,-623.0,222.0,1.0,1.0,3.0,610.0,-3027.5,2.0,-3000.0,0.0,-222.0,0.0,0.0,0.0,0.0,-3000.0,-646.0,-623.0,-222.5
velocity_-3000,2.201007199997548,25848.0,356.2,5265.58,19.43,-635.0,217.0,1.0,1.0,3.0,16211.0,-3025.6,2.0,-3000.0,0.0,-217.0,0.0,0.0,0.0,0.0,-3000.0,-647.0,-635.0,-217.9
velocity_-3000,2.211226000013994,25858.0,315.57,5224.95,19.43,-648.0,220.0,1.0,1.0,3.0,14362.0,-2993.5,2.0,-3000.0,0.0,-220.0,0.0,0.0,0.0,0.0,-3000.0,-663.0,-648.0,-220.3
velocity_-3000,2.221308100008173,25868.0,286.5,5195.88,19.43,-684.0,220.0,1.0,1.0,3.0,13039.0,-2935.0,2.0,-3000.0,0.0,-220.0,0.0,0.0,0.0,0.0,-3000.0,-692.0,-684.0,-220.2
velocity_-3000,2.2309614999976475,25878.0,269.49,5178.88,19.43,-727.0,205.0,1.0,1.0,3.0,12265.0,-2929.0,2.0,-3000.0,0.0,-205.0,0.0,0.0,0.0,0.0,-3000.0,-696.0,-727.0,-205.0
velocity_-3000,2.240975900000194,25888.0,231.31,5140.69,19.43,-653.0,232.0,1.0,1.0,3.0,10527.0,-2940.9,2.0,-3000.0,0.0,-232.0,0.0,0.0,0.0,0.0,-3000.0,-691.0,-653.0,-232.5
velocity_-3000,2.2511243000044487,25898.0,196.5,5105.88,19.43,-669.0,208.0,1.0,1.0,3.0,8943.0,-3010.8,2.0,-3000.0,0.0,-208.0,0.0,0.0,0.0,0.0,-3000.0,-656.0,-669.0,-209.0
velocity_-3000,2.260786200000439,25908.0,178.22,5087.6,19.44,-652.0,208.0,1.0,1.0,3.0,8111.0,-3039.2,2.0,-3000.0,0.0,-208.0,0.0,0.0,0.0,0.0,-3000.0,-642.0,-652.0,-208.3
velocity_-3000,2.270794300013222,25918.0,138.16,5047.54,19.41,-655.0,202.0,1.0,1.0,3.0,6288.0,-3058.5,2.0,-3000.0,0.0,-202.0,0.0,0.0,0.0,0.0,-3000.0,-631.0,-655.0,-202.5
velocity_-3000,2.2809099000005517,25928.0,104.88,5014.26,19.44,-641.0,214.0,1.0,1.0,3.0,4773.0,-3030.0,2.0,-3000.0,0.0,-214.0,0.0,0.0,0.0,0.0,-3000.0,-645.0,-641.0,-214.5
velocity_-3000,2.2919671999989077,25939.0,72.09,4981.47,19.43,-685.0,203.0,1.0,1.0,3.0,3281.0,-3004.0,2.0,-3000.0,0.0,-203.0,0.0,0.0,0.0,0.0,-3000.0,-658.0,-685.0,-203.3
velocity_-3000,2.3015066999942064,25949.0,54.36,4963.74,19.43,-645.0,217.0,1.0,1.0,3.0,2474.0,-3010.5,2.0,-3000.0,0.0,-217.0,0.0,0.0,0.0,0.0,-3000.0,-654.0,-645.0,-217.9
velocity_-3000,2.3107426000060514,25958.0,15.4,4924.78,19.44,-641.0,216.0,1.0,1.0,3.0,701.0,-3022.2,2.0,-3000.0,0.0,-216.0,0.0,0.0,0.0,0.0,-3000.0,-648.0,-641.0,-216.5
velocity_-3000,2.321785300009651,25969.0,341.39,4890.77,19.43,-650.0,210.0,1.0,1.0,3.0,15537.0,-3030.7,2.0,-3000.0,0.0,-210.0,0.0,0.0,0.0,0.0,-3000.0,-644.0,-650.0,-210.8
velocity_-3000,2.3314363000099547,25979.0,325.13,4874.51,19.43,-645.0,221.0,1.0,1.0,3.0,14797.0,-2994.2,2.0,-3000.0,0.0,-221.0,0.0,0.0,0.0,0.0,-3000.0,-662.0,-645.0,-221.5
velocity_-3000,2.341442700009793,25989.0,288.74,4838.12,19.44,-734.0,199.0,1.0,1.0,3.0,13141.0,-2939.6,2.0,-3000.0,0.0,-199.0,0.0,0.0,0.0,0.0,-3000.0,-690.0,-734.0,-199.5
velocity_-3000,2.351577699999325,25999.0,257.01,4806.39,19.46,-764.0,195.0,1.0,1.0,3.0,11697.0,-2909.5,2.0,-3000.0,0.0,-195.0,0.0,0.0,0.0,0.0,-3000.0,-706.0,-764.0,-195.0
velocity_-3000,2.361095200001728,26008.0,239.26,4788.64,19.46,-696.0,218.0,1.0,1.0,3.0,10889.0,-2927.7,2.0,-3000.0,0.0,-218.0,0.0,0.0,0.0,0.0,-3000.0,-697.0,-696.0,-218.4
velocity_-3000,2.3710825000016484,26018.0,199.91,4749.29,19.43,-644.0,225.0,1.0,1.0,3.0,9098.0,-2984.9,2.0,-3000.0,0.0,-225.0,0.0,0.0,0.0,0.0,-3000.0,-669.0,-644.0,-225.7
velocity_-3000,2.381273000006331,26028.0,164.09,4713.47,19.43,-650.0,202.0,1.0,1.0,3.0,7468.0,-3072.0,2.0,-3000.0,0.0,-202.0,0.0,0.0,0.0,0.0,-3000.0,-625.0,-650.0,-202.2
velocity_-3000,2.390851100004511,26038.0,146.71,4696.09,19.46,-646.0,205.0,1.0,1.0,3.0,6677.0,-3064.1,2.0,-3000.0,0.0,-205.0,0.0,0.0,0.0,0.0,-3000.0,-629.0,-646.0,-205.2
velocity_-3000,2.400863000017125,26048.0,108.17,4657.55,19.43,-671.0,200.0,1.0,1.0,3.0,4923.0,-3040.7,2.0,-3000.0,0.0,-200.0,0.0,0.0,0.0,0.0,-3000.0,-640.0,-671.0,-201.0
velocity_-3000,2.411294599995017,26058.0,74.84,4624.22,19.46,-649.0,216.0,1.0,1.0,3.0,3406.0,-3012.0,2.0,-3000.0,0.0,-216.0,0.0,0.0,0.0,0.0,-3000.0,-654.0,-649.0,-216.3
velocity_-3000,2.4213350000209175,26069.0,44.3,4593.68,19.46,-634.0,225.0,1.0,1.0,3.0,2016.0,-3000.6,2.0,-3000.0,0.0,-225.0,0.0,0.0,0.0,0.0,-3000.0,-659.0,-634.0,-225.0
velocity_-3000,2.430861400003778,26078.0,26.65,4576.03,19.46,-628.0,226.0,1.0,1.0,3.0,1213.0,-3004.5,2.0,-3000.0,0.0,-226.0,0.0,0.0,0.0,0.0,-3000.0,-657.0,-628.0,-226.1
velocity_-3000,2.4408783999970183,26088.0,347.1,4536.48,19.46,-621.0,223.0,1.0,1.0,3.0,15797.0,-3028.4,2.0,-3000.0,0.0,-223.0,0.0,0.0,0.0,0.0,-3000.0,-645.0,-621.0,-223.1
velocity_-3000,2.4510563999938313,26098.0,314.67,4504.05,19.46,-668.0,212.0,1.0,1.0,3.0,14321.0,-2990.1,2.0,-3000.0,0.0,-212.0,0.0,0.0,0.0,0.0,-3000.0,-664.0,-668.0,-213.0
velocity_-3000,2.460792700003367,26108.0,298.12,4487.51,19.44,-721.0,198.0,1.0,1.0,3.0,13568.0,-2966.5,2.0,-3000.0,0.0,-198.0,0.0,0.0,0.0,0.0,-3000.0,-676.0,-721.0,-198.1
velocity_-3000,2.470867600000929,26118.0,261.61,4450.99,19.46,-744.0,199.0,1.0,1.0,3.0,11906.0,-2922.1,2.0,-3000.0,0.0,-199.0,0.0,0.0,0.0,0.0,-3000.0,-699.0,-744.0,-199.9
velocity_-3000,2.48106029999326,26128.0,228.54,4417.92,19.41,-697.0,216.0,1.0,1.0,3.0,10401.0,-2934.1,2.0,-3000.0,0.0,-216.0,0.0,0.0,0.0,0.0,-3000.0,-694.0,-697.0,-217.0
velocity_-3000,2.4906148000154644,26138.0,210.5,4399.88,19.41,-679.0,218.0,1.0,1.0,3.0,9580.0,-2955.4,2.0,-3000.0,0.0,-218.0,0.0,0.0,0.0,0.0,-3000.0,-684.0,-679.0,-218.5
velocity_-3000,2.5006095000135247,26148.0,169.15,4358.53,19.37,-613.0,222.0,1.0,1.0,3.0,7698.0,-3048.6,2.0,-3000.0,0.0,-222.0,0.0,0.0,0.0,0.0,-3000.0,-637.0,-613.0,-222.8
velocity_-3000,2.511385200021323,26158.0,134.56,4323.94,19.46,-650.0,203.0,1.0,1.0,3.0,6124.0,-3060.3,2.0,-3000.0,0.0,-203.0,0.0,0.0,0.0,0.0,-3000.0,-630.0,-650.0,-203.6
velocity_-3000,2.5206920000200626,26168.0,116.28,4305.66,19.43,-663.0,197.0,1.0,1.0,3.0,5292.0,-3066.7,2.0,-3000.0,0.0,-197.0,0.0,0.0,0.0,0.0,-3000.0,-627.0,-663.0,-197.4
velocity_-3000,2.5306066000193823,26178.0,78.66,4268.04,19.44,-641.0,215.0,1.0,1.0,3.0,3580.0,-3026.4,2.0,-3000.0,0.0,-215.0,0.0,0.0,0.0,0.0,-3000.0,-646.0,-641.0,-215.8
velocity_-3000,2.540739400021266,26188.0,45.73,4235.11,19.44,-639.0,220.0,1.0,1.0,3.0,2081.0,-3008.6,2.0,-3000.0,0.0,-220.0,0.0,0.0,0.0,0.0,-3000.0,-655.0,-639.0,-220.6
velocity_-3000,2.55173740000464,26199.0,12.02,4201.4,19.46,-623.0,222.0,1.0,1.0,3.0,547.0,-3026.2,2.0,-3000.0,0.0,-222.0,0.0,0.0,0.0,0.0,-3000.0,-646.0,-623.0,-222.5
velocity_-3000,2.561308900010772,26208.0,354.53,4183.91,19.46,-628.0,220.0,1.0,1.0,3.0,16135.0,-3022.6,2.0,-3000.0,0.0,-220.0,0.0,0.0,0.0,0.0,-3000.0,-648.0,-628.0,-220.9
velocity_-3000,2.571267199993599,26218.0,316.98,4146.36,19.44,-667.0,213.0,1.0,1.0,3.0,14426.0,-2987.4,2.0,-3000.0,0.0,-213.0,0.0,0.0,0.0,0.0,-3000.0,-665.0,-667.0,-213.8
velocity_-3000,2.581318700016709,26229.0,285.73,4115.11,19.43,-691.0,217.0,1.0,1.0,3.0,13004.0,-2931.9,2.0,-3000.0,0.0,-217.0,0.0,0.0,0.0,0.0,-3000.0,-694.0,-691.0,-218.0
velocity_-3000,2.591409600019688,26238.0,269.03,4098.41,19.44,-731.0,203.0,1.0,1.0,3.0,12244.0,-2927.0,2.0,-3000.0,0.0,-203.0,0.0,0.0,0.0,0.0,-3000.0,-697.0,-731.0,-203.6
velocity_-3000,2.601442200015299,26248.0,231.33,4060.71,19.46,-665.0,228.0,1.0,1.0,3.0,10528.0,-2936.8,2.0,-3000.0,0.0,-228.0,0.0,0.0,0.0,0.0,-3000.0,-693.0,-665.0,-228.4
velocity_-3000,2.6117869000008795,26259.0,196.17,4025.55,19.46,-653.0,216.0,1.0,1.0,3.0,8928.0,-3005.0,2.0,-3000.0,0.0,-216.0,0.0,0.0,0.0,0.0,-3000.0,-659.0,-653.0,-216.6
velocity_-3000,2.6219358000089414,26269.0,162.99,3992.37,19.43,-653.0,196.0,1.0,1.0,3.0,7418.0,-3084.4,2.0,-3000.0,0.0,-196.0,0.0,0.0,0.0,0.0,-3000.0,-618.0,-653.0,-196.9
velocity_-3000,2.6310446000134107,26278.0,145.5,3974.88,19.43,-641.0,205.0,1.0,1.0,3.0,6622.0,-3068.4,2.0,-3000.0,0.0,-205.0,0.0,0.0,0.0,0.0,-3000.0,-626.0,-641.0,-205.6
velocity_-3000,2.640971200016793,26288.0,107.2,3936.58,19.46,-671.0,201.0,1.0,1.0,3.0,4879.0,-3034.1,2.0,-3000.0,0.0,-201.0,0.0,0.0,0.0,0.0,-3000.0,-643.0,-671.0,-201.0
velocity_-3000,2.6511189000157174,26298.0,74.62,3904.0,19.46,-639.0,222.0,1.0,1.0,3.0,3396.0,-3000.7,2.0,-3000.0,0.0,-222.0,0.0,0.0,0.0,0.0,-3000.0,-659.0,-639.0,-222.1
velocity_-3000,2.66075290000299,26308.0,57.35,3886.73,19.46,-632.0,224.0,1.0,1.0,3.0,2610.0,-3002.0,2.0,-3000.0,0.0,-224.0,0.0,0.0,0.0,0.0,-3000.0,-658.0,-632.0,-224.1
velocity_-3000,2.6707362000015564,26318.0,18.98,3848.36,19.43,-622.0,225.0,1.0,1.0,3.0,864.0,-3013.4,2.0,-3000.0,0.0,-225.0,0.0,0.0,0.0,0.0,-3000.0,-653.0,-622.0,-225.7
velocity_-3000,2.6808994000020903,26328.0,345.21,3814.59,19.46,-643.0,214.0,1.0,1.0,3.0,15711.0,-3024.4,2.0,-3000.0,0.0,-214.0,0.0,0.0,0.0,0.0,-3000.0,-647.0,-643.0,-214.4
velocity_-3000,2.691919200005941,26339.0,313.24,3782.62,19.44,-643.0,224.0,1.0,1.0,3.0,14256.0,-2981.4,2.0,-3000.0,0.0,-224.0,0.0,0.0,0.0,0.0,-3000.0,-669.0,-643.0,-224.7
velocity_-3000,2.7014427999965847,26349.0,296.59,3765.97,19.44,-724.0,199.0,1.0,1.0,3.0,13498.0,-2952.9,2.0,-3000.0,0.0,-199.0,0.0,0.0,0.0,0.0,-3000.0,-683.0,-724.0,-199.3
velocity_-3000,2.7108136000169907,26358.0,260.09,3729.47,19.46,-694.0,221.0,1.0,1.0,3.0,11837.0,-2911.2,2.0,-3000.0,0.0,-221.0,0.0,0.0,0.0,0.0,-3000.0,-705.0,-694.0,-221.8
velocity_-3000,2.7209144000080414,26368.0,229.42,3698.8,19.41,-656.0,233.0,1.0,1.0,3.0,10441.0,-2932.1,2.0,-3000.0,0.0,-233.0,0.0,0.0,0.0,0.0,-3000.0,-695.0,-656.0,-233.1
velocity_-3000,2.7305507000128273,26378.0,211.82,3681.2,19.46,-650.0,229.0,1.0,1.0,3.0,9640.0,-2953.7,2.0,-3000.0,0.0,-229.0,0.0,0.0,0.0,0.0,-3000.0,-685.0,-650.0,-229.1
velocity_-3000,2.740570800000569,26388.0,170.31,3639.69,19.46,-624.0,214.0,1.0,1.0,3.0,7751.0,-3056.4,2.0,-3000.0,0.0,-214.0,0.0,0.0,0.0,0.0,-3000.0,-633.0,-624.0,-214.7
velocity_-3000,2.751126100018155,26398.0,135.75,3605.13,19.46,-620.0,212.0,1.0,1.0,3.0,6178.0,-3072.0,2.0,-3000.0,0.0,-212.0,0.0,0.0,0.0,0.0,-3000.0,-625.0,-620.0,-212.2
velocity_-3000,2.7616326000133995,26409.0,102.5,3571.88,19.43,-634.0,212.0,1.0,1.0,3.0,4665.0,-3049.8,2.0,-3000.0,0.0,-212.0,0.0,0.0,0.0,0.0,-3000.0,-635.0,-634.0,-212.2
velocity_-3000,2.7711530000087805,26418.0,84.9,3554.28,19.43,-640.0,211.0,1.0,1.0,3.0,3864.0,-3043.4,2.0,-3000.0,0.0,-211.0,0.0,0.0,0.0,0.0,-3000.0,-638.0,-640.0,-211.5
velocity_-3000,2.7810936000023503,26428.0,46.82,3516.2,19.46,-625.0,221.0,1.0,1.0,3.0,2131.0,-3023.9,2.0,-3000.0,0.0,-221.0,0.0,0.0,0.0,0.0,-3000.0,-647.0,-625.0,-221.9
velocity_-3000,2.791156899998896,26438.0,12.94,3482.32,19.43,-609.0,223.0,1.0,1.0,3.0,589.0,-3041.8,2.0,-3000.0,0.0,-223.0,0.0,0.0,0.0,0.0,-3000.0,-638.0,-609.0,-224.0
velocity_-3000,2.800848600018071,26448.0,355.58,3464.96,19.44,-622.0,219.0,1.0,1.0,3.0,16183.0,-3039.9,2.0,-3000.0,0.0,-219.0,0.0,0.0,0.0,0.0,-3000.0,-639.0,-622.0,-219.0
velocity_-3000,2.8112946000183,26458.0,314.71,3424.09,19.46,-636.0,220.0,1.0,1.0,3.0,14323.0,-3009.9,2.0,-3000.0,0.0,-220.0,0.0,0.0,0.0,0.0,-3000.0,-653.0,-636.0,-220.1
velocity_-3000,2.821152799995616,26468.0,285.42,3394.81,19.44,-673.0,219.0,1.0,1.0,3.0,12990.0,-2954.1,2.0,-3000.0,0.0,-219.0,0.0,0.0,0.0,0.0,-3000.0,-682.0,-673.0,-219.3
velocity_-3000,2.830712199996924,26478.0,268.26,3377.64,19.44,-708.0,207.0,1.0,1.0,3.0,12209.0,-2948.2,2.0,-3000.0,0.0,-207.0,0.0,0.0,0.0,0.0,-3000.0,-685.0,-708.0,-207.1
velocity_-3000,2.8407756999949925,26488.0,230.21,3339.59,19.46,-652.0,228.0,1.0,1.0,3.0,10477.0,-2956.0,2.0,-3000.0,0.0,-228.0,0.0,0.0,0.0,0.0,-3000.0,-682.0,-652.0,-228.2
velocity_-3000,2.850979400012875,26498.0,195.38,3304.76,19.43,-653.0,211.0,1.0,1.0,3.0,8892.0,-3025.0,2.0,-3000.0,0.0,-211.0,0.0,0.0,0.0,0.0,-3000.0,-647.0,-653.0,-211.2
velocity_-3000,2.861827600019751,26509.0,159.57,3268.95,19.43,-618.0,206.0,1.0,1.0,3.0,7262.0,-3102.0,2.0,-3000.0,0.0,-206.0,0.0,0.0,0.0,0.0,-3000.0,-608.0,-618.0,-206.2
velocity_-3000,2.8714274000085425,26519.0,142.32,3251.7,19.44,-631.0,204.0,1.0,1.0,3.0,6477.0,-3083.3,2.0,-3000.0,0.0,-204.0,0.0,0.0,0.0,0.0,-3000.0,-617.0,-631.0,-204.9
velocity_-3000,2.8814121000177693,26529.0,104.11,3213.49,19.46,-647.0,206.0,1.0,1.0,3.0,4738.0,-3046.4,2.0,-3000.0,0.0,-206.0,0.0,0.0,0.0,0.0,-3000.0,-634.0,-647.0,-206.7
velocity_-3000,2.89149969999562,26539.0,71.41,3180.79,19.46,-670.0,206.0,1.0,1.0,3.0,3250.0,-3012.1,2.0,-3000.0,0.0,-206.0,0.0,0.0,0.0,0.0,-3000.0,-651.0,-670.0,-206.1
velocity_-3000,2.9009903999976814,26548.0,53.72,3163.1,19.46,-679.0,201.0,1.0,1.0,3.0,2445.0,-3013.7,2.0,-3000.0,0.0,-201.0,0.0,0.0,0.0,0.0,-3000.0,-650.0,-679.0,-201.9
velocity_-3000,2.9112410999950953,26558.0,12.3,3121.69,19.44,-623.0,224.0,1.0,1.0,3.0,560.0,-3012.4,2.0,-3000.0,0.0,-224.0,0.0,0.0,0.0,0.0,-3000.0,-651.0,-623.0,-225.0
velocity_-3000,2.920875600015279,26568.0,354.79,3104.17,19.44,-650.0,215.0,1.0,1.0,3.0,16147.0,-3006.2,2.0,-3000.0,0.0,-215.0,0.0,0.0,0.0,0.0,-3000.0,-654.0,-650.0,-215.2
velocity_-3000,2.9309682000020985,26578.0,317.5,3066.89,19.46,-685.0,210.0,1.0,1.0,3.0,14450.0,-2967.5,2.0,-3000.0,0.0,-210.0,0.0,0.0,0.0,0.0,-3000.0,-673.0,-685.0,-210.4
velocity_-3000,2.941103599994676,26588.0,286.11,3035.49,19.43,-693.0,221.0,1.0,1.0,3.0,13021.0,-2912.8,2.0,-3000.0,0.0,-221.0,0.0,0.0,0.0,0.0,-3000.0,-702.0,-693.0,-221.1
velocity_-3000,2.9506735000177287,26598.0,269.03,3018.41,19.43,-727.0,208.0,1.0,1.0,3.0,12244.0,-2908.5,2.0,-3000.0,0.0,-208.0,0.0,0.0,0.0,0.0,-3000.0,-704.0,-727.0,-209.0
velocity_-3000,2.9606868000118993,26608.0,231.2,2980.58,19.46,-655.0,234.0,1.0,1.0,3.0,10522.0,-2924.2,2.0,-3000.0,0.0,-234.0,0.0,0.0,0.0,0.0,-3000.0,-697.0,-655.0,-234.5
velocity_-3000,2.9707802000048105,26618.0,196.44,2945.82,19.46,-659.0,214.0,1.0,1.0,3.0,8940.0,-3000.6,2.0,-3000.0,0.0,-214.0,0.0,0.0,0.0,0.0,-3000.0,-660.0,-659.0,-214.7
velocity_-3000,2.981824400019832,26629.0,160.47,2909.85,19.46,-639.0,201.0,1.0,1.0,3.0,7303.0,-3088.1,2.0,-3000.0,0.0,-201.0,0.0,0.0,0.0,0.0,-3000.0,-615.0,-639.0,-201.1
velocity_-3000,2.9914904000179376,26639.0,143.22,2892.6,19.46,-636.0,205.0,1.0,1.0,3.0,6518.0,-3072.9,2.0,-3000.0,0.0,-205.0,0.0,0.0,0.0,0.0,-3000.0,-622.0,-636.0,-205.7
velocity_-3000,3.0014372000005096,26649.0,104.88,2854.26,19.46,-650.0,207.0,1.0,1.0,3.0,4773.0,-3040.6,2.0,-3000.0,0.0,-207.0,0.0,0.0,0.0,0.0,-3000.0,-638.0,-650.0,-207.4
velocity_-3000,3.011950900021475,26659.0,70.95,2820.33,19.44,-709.0,191.0,1.0,1.0,3.0,3229.0,-3008.1,2.0,-3000.0,0.0,-191.0,0.0,0.0,0.0,0.0,-3000.0,-654.0,-709.0,-192.0
velocity_-3000,3.0205723000108264,26668.0,53.17,2802.55,19.44,-636.0,221.0,1.0,1.0,3.0,2420.0,-3009.2,2.0,-3000.0,0.0,-221.0,0.0,0.0,0.0,0.0,-3000.0,-653.0,-636.0,-221.3
velocity_-3000,3.0305305999936536,26678.0,17.62,2767.0,19.43,-601.0,235.0,1.0,1.0,3.0,802.0,-3012.1,2.0,-3000.0,0.0,-235.0,0.0,0.0,0.0,0.0,-3000.0,-652.0,-601.0,-235.1
velocity_-3000,3.040620600018883,26688.0,344.05,2733.43,19.46,-639.0,216.0,1.0,1.0,3.0,15658.0,-3024.8,2.0,-3000.0,0.0,-216.0,0.0,0.0,0.0,0.0,-3000.0,-645.0,-639.0,-216.1
velocity_-3000,3.0516675999970175,26699.0,312.08,2701.46,19.46,-626.0,230.0,1.0,1.0,3.0,14203.0,-2985.0,2.0,-3000.0,0.0,-230.0,0.0,0.0,0.0,0.0,-3000.0,-665.0,-626.0,-230.6
velocity_-3000,3.061352100019576,26709.0,295.75,2685.13,19.46,-672.0,219.0,1.0,1.0,3.0,13460.0,-2956.8,2.0,-3000.0,0.0,-219.0,0.0,0.0,0.0,0.0,-3000.0,-680.0,-672.0,-219.1
velocity_-3000,3.0713966000184882,26719.0,259.08,2648.46,19.44,-738.0,200.0,1.0,1.0,3.0,11791.0,-2925.0,2.0,-3000.0,0.0,-200.0,0.0,0.0,0.0,0.0,-3000.0,-696.0,-738.0,-200.9
velocity_-3000,3.0815171000140253,26729.0,225.62,2615.0,19.43,-693.0,214.0,1.0,1.0,3.0,10268.0,-2950.1,2.0,-3000.0,0.0,-214.0,0.0,0.0,0.0,0.0,-3000.0,-684.0,-693.0,-214.0
velocity_-3000,3.091067400004249,26738.0,207.09,2596.47,19.43,-661.0,218.0,1.0,1.0,3.0,9425.0,-2984.7,2.0,-3000.0,0.0,-218.0,0.0,0.0,0.0,0.0,-3000.0,-667.0,-661.0,-218.0
velocity_-3000,3.1010265999939293,26748.0,165.32,2554.7,19.43,-584.0,224.0,1.0,1.0,3.0,7524.0,-3083.6,2.0,-3000.0,0.0,-224.0,0.0,0.0,0.0,0.0,-3000.0,-617.0,-584.0,-224.7
velocity_-3000,3.111430899996776,26759.0,130.58,2519.96,19.43,-589.0,220.0,1.0,1.0,3.0,5943.0,-3091.9,2.0,-3000.0,0.0,-220.0,0.0,0.0,0.0,0.0,-3000.0,-612.0,-589.0,-220.2
velocity_-3000,3.121009900001809,26768.0,112.76,2502.14,19.44,-623.0,208.0,1.0,1.0,3.0,5132.0,-3080.7,2.0,-3000.0,0.0,-208.0,0.0,0.0,0.0,0.0,-3000.0,-617.0,-623.0,-208.8
velocity_-3000,3.1310541999991983,26778.0,74.82,2464.2,19.41,-675.0,197.0,1.0,1.0,3.0,3405.0,-3041.0,2.0,-3000.0,0.0,-197.0,0.0,0.0,0.0,0.0,-3000.0,-636.0,-675.0,-197.8
velocity_-3000,3.1412239000201225,26788.0,41.73,2431.11,19.44,-687.0,198.0,1.0,1.0,3.0,1899.0,-3014.3,2.0,-3000.0,0.0,-198.0,0.0,0.0,0.0,0.0,-3000.0,-649.0,-687.0,-198.9
velocity_-3000,3.1507394000072964,26798.0,23.75,2413.13,19.44,-629.0,220.0,1.0,1.0,3.0,1081.0,-3022.2,2.0,-3000.0,0.0,-220.0,0.0,0.0,0.0,0.0,-3000.0,-645.0,-629.0,-220.5
velocity_-3000,3.1607577000104357,26808.0,344.69,2374.07,19.44,-638.0,214.0,1.0,1.0,3.0,15687.0,-3028.9,2.0,-3000.0,0.0,-214.0,0.0,0.0,0.0,0.0,-3000.0,-641.0,-638.0,-214.7
velocity_-3000,3.1709257000184152,26818.0,312.76,2342.14,19.46,-655.0,219.0,1.0,1.0,3.0,14234.0,-2979.5,2.0,-3000.0,0.0,-219.0,0.0,0.0,0.0,0.0,-3000.0,-666.0,-655.0,-219.3
velocity_-3000,3.180571400007466,26828.0,296.56,2325.95,19.43,-714.0,203.0,1.0,1.0,3.0,13497.0,-2949.8,2.0,-3000.0,0.0,-203.0,0.0,0.0,0.0,0.0,-3000.0,-681.0,-714.0,-203.1
velocity_-3000,3.1906173000170384,26838.0,260.46,2289.84,19.41,-741.0,203.0,1.0,1.0,3.0,11854.0,-2907.4,2.0,-3000.0,0.0,-203.0,0.0,0.0,0.0,0.0,-3000.0,-704.0,-741.0,-203.8
velocity_-3000,3.2007026000064798,26848.0,227.57,2256.95,19.41,-689.0,221.0,1.0,1.0,3.0,10357.0,-2923.5,2.0,-3000.0,0.0,-221.0,0.0,0.0,0.0,0.0,-3000.0,-696.0,-689.0,-221.2
velocity_-3000,3.2105916000145953,26858.0,209.44,2238.82,19.41,-662.0,224.0,1.0,1.0,3.0,9532.0,-2949.8,2.0,-3000.0,0.0,-224.0,0.0,0.0,0.0,0.0,-3000.0,-684.0,-662.0,-225.0
velocity_-3000,3.2205799000221305,26868.0,166.88,2196.26,19.46,-605.0,223.0,1.0,1.0,3.0,7595.0,-3049.2,2.0,-3000.0,0.0,-223.0,0.0,0.0,0.0,0.0,-3000.0,-634.0,-605.0,-223.3
velocity_-3000,3.2307055999990553,26878.0,132.71,2162.1,19.47,-643.0,204.0,1.0,1.0,3.0,6040.0,-3061.0,2.0,-3000.0,0.0,-204.0,0.0,0.0,0.0,0.0,-3000.0,-627.0,-643.0,-204.5
velocity_-3000,3.241749400011031,26889.0,99.76,2129.14,19.46,-636.0,213.0,1.0,1.0,3.0,4540.0,-3033.8,2.0,-3000.0,0.0,-213.0,0.0,0.0,0.0,0.0,-3000.0,-640.0,-636.0,-213.5
velocity_-3000,3.251385700015817,26899.0,82.66,2112.04,19.46,-684.0,196.0,1.0,1.0,3.0,3762.0,-3025.2,2.0,-3000.0,0.0,-196.0,0.0,0.0,0.0,0.0,-3000.0,-644.0,-684.0,-196.8
velocity_-3000,3.2613132999977097,26909.0,44.89,2074.27,19.43,-705.0,194.0,1.0,1.0,3.0,2043.0,-3001.9,2.0,-3000.0,0.0,-194.0,0.0,0.0,0.0,0.0,-3000.0,-656.0,-705.0,-194.6
velocity_-3000,3.271407199994428,26919.0,11.32,2040.7,19.43,-620.0,225.0,1.0,1.0,3.0,515.0,-3013.3,2.0,-3000.0,0.0,-225.0,0.0,0.0,0.0,0.0,-3000.0,-650.0,-620.0,-225.8
velocity_-3000,3.2809638000035193,26928.0,353.94,2023.32,19.43,-669.0,207.0,1.0,1.0,3.0,16108.0,-3006.4,2.0,-3000.0,0.0,-207.0,0.0,0.0,0.0,0.0,-3000.0,-654.0,-669.0,-207.5
velocity_-3000,3.290958400000818,26938.0,316.65,1986.03,19.46,-657.0,221.0,1.0,1.0,3.0,14411.0,-2966.8,2.0,-3000.0,0.0,-221.0,0.0,0.0,0.0,0.0,-3000.0,-674.0,-657.0,-221.4
velocity_-3000,3.301097400020808,26948.0,285.56,1954.94,19.46,-714.0,212.0,1.0,1.0,3.0,12996.0,-2911.6,2.0,-3000.0,0.0,-212.0,0.0,0.0,0.0,0.0,-3000.0,-702.0,-714.0,-212.5
velocity_-3000,3.3111299000156578,26958.0,268.81,1938.19,19.43,-793.0,181.0,1.0,1.0,3.0,12234.0,-2908.5,2.0,-3000.0,0.0,-181.0,0.0,0.0,0.0,0.0,-3000.0,-704.0,-793.0,-181.9
velocity_-3000,3.3211729000031482,26968.0,230.23,1899.61,19.43,-700.0,217.0,1.0,1.0,3.0,10478.0,-2918.1,2.0,-3000.0,0.0,-217.0,0.0,0.0,0.0,0.0,-3000.0,-700.0,-700.0,-217.8
velocity_-3000,3.331311799993273,26979.0,195.71,1865.09,19.43,-671.0,213.0,1.0,1.0,3.0,8907.0,-2985.6,2.0,-3000.0,0.0,-213.0,0.0,0.0,0.0,0.0,-3000.0,-667.0,-671.0,-213.0
velocity_-3000,3.3408315000124276,26988.0,177.17,1846.55,19.43,-665.0,207.0,1.0,1.0,3.0,8063.0,-3016.3,2.0,-3000.0,0.0,-207.0,0.0,0.0,0.0,0.0,-3000.0,-652.0,-665.0,-207.9
velocity_-3000,3.350762100017164,26998.0,137.26,1806.64,19.46,-642.0,210.0,1.0,1.0,3.0,6247.0,-3041.1,2.0,-3000.0,0.0,-210.0,0.0,0.0,0.0,0.0,-3000.0,-639.0,-642.0,-210.7
velocity_-3000,3.360880199994426,27008.0,104.08,1773.46,19.44,-647.0,213.0,1.0,1.0,3.0,4737.0,-3020.1,2.0,-3000.0,0.0,-213.0,0.0,0.0,0.0,0.0,-3000.0,-649.0,-647.0,-213.7
velocity_-3000,3.370534600020619,27018.0,86.86,1756.24,19.43,-633.0,220.0,1.0,1.0,3.0,3953.0,-3016.1,2.0,-3000.0,0.0,-220.0,0.0,0.0,0.0,0.0,-3000.0,-651.0,-633.0,-220.9
velocity_-3000,3.380535800009966,27028.0,48.74,1718.12,19.43,-616.0,228.0,1.0,1.0,3.0,2218.0,-3009.8,2.0,-3000.0,0.0,-228.0,0.0,0.0,0.0,0.0,-3000.0,-654.0,-616.0,-228.9
velocity_-3000,3.3905773000151385,27038.0,14.88,1684.26,19.35,-618.0,223.0,1.0,1.0,3.0,677.0,-3034.0,2.0,-3000.0,0.0,-223.0,0.0,0.0,0.0,0.0,-3000.0,-641.0,-618.0,-223.5
velocity_-3000,3.401583099999698,27049.0,341.26,1650.64,19.43,-652.0,205.0,1.0,1.0,3.0,15531.0,-3045.9,2.0,-3000.0,0.0,-205.0,0.0,0.0,0.0,0.0,-3000.0,-635.0,-652.0,-205.4
velocity_-3000,3.411424399993848,27059.0,324.58,1633.96,19.43,-631.0,223.0,1.0,1.0,3.0,14772.0,-3008.4,2.0,-3000.0,0.0,-223.0,0.0,0.0,0.0,0.0,-3000.0,-654.0,-631.0,-223.2
velocity_-3000,3.4213865000056103,27069.0,287.42,1596.8,19.46,-708.0,207.0,1.0,1.0,3.0,13081.0,-2944.1,2.0,-3000.0,0.0,-207.0,0.0,0.0,0.0,0.0,-3000.0,-686.0,-708.0,-207.6
velocity_-3000,3.4314723999996204,27079.0,256.05,1565.43,19.43,-744.0,202.0,1.0,1.0,3.0,11653.0,-2908.5,2.0,-3000.0,0.0,-202.0,0.0,0.0,0.0,0.0,-3000.0,-705.0,-744.0,-202.7
velocity_-3000,3.4411078999983147,27088.0,238.75,1548.14,19.43,-697.0,217.0,1.0,1.0,3.0,10866.0,-2926.0,2.0,-3000.0,0.0,-217.0,0.0,0.0,0.0,0.0,-3000.0,-697.0,-697.0,-217.7
velocity_-3000,3.4511532000033185,27098.0,199.58,1508.96,18.93,-659.0,225.0,1.0,1.0,3.0,9083.0,-2981.7,2.0,-3000.0,0.0,-225.0,0.0,0.0,0.0,0.0,-3000.0,-669.0,-659.0,-225.6
velocity_-3000,3.461301800009096,27109.0,163.7,1473.08,19.43,-677.0,190.0,1.0,1.0,3.0,7450.0,-3067.7,2.0,-3000.0,0.0,-190.0,0.0,0.0,0.0,0.0,-3000.0,-626.0,-677.0,-190.4
velocity_-3000,3.470809599995846,27118.0,146.03,1455.41,19.43,-646.0,205.0,1.0,1.0,3.0,6646.0,-3056.7,2.0,-3000.0,0.0,-205.0,0.0,0.0,0.0,0.0,-3000.0,-631.0,-646.0,-205.5
velocity_-3000,3.480854699999327,27128.0,107.58,1416.96,19.46,-694.0,192.0,1.0,1.0,3.0,4896.0,-3027.3,2.0,-3000.0,0.0,-192.0,0.0,0.0,0.0,0.0,-3000.0,-645.0,-694.0,-192.9
velocity_-3000,3.490953400003491,27138.0,75.06,1384.44,19.43,-631.0,226.0,1.0,1.0,3.0,3416.0,-2993.5,2.0,-3000.0,0.0,-226.0,0.0,0.0,0.0,0.0,-3000.0,-662.0,-631.0,-227.0
velocity_-3000,3.5006086000066716,27148.0,57.81,1367.19,19.44,-635.0,224.0,1.0,1.0,3.0,2631.0,-2995.6,2.0,-3000.0,0.0,-224.0,0.0,0.0,0.0,0.0,-3000.0,-661.0,-635.0,-224.5
velocity_-3000,3.5117016000149306,27159.0,13.51,1322.89,19.43,-632.0,223.0,1.0,1.0,3.0,615.0,-3004.2,2.0,-3000.0,0.0,-223.0,0.0,0.0,0.0,0.0,-3000.0,-657.0,-632.0,-223.8
velocity_-3000,3.52179420000175,27169.0,342.31,1291.69,19.43,-650.0,213.0,1.0,1.0,3.0,15579.0,-3016.3,2.0,-3000.0,0.0,-213.0,0.0,0.0,0.0,0.0,-3000.0,-651.0,-650.0,-213.2
velocity_-3000,3.531382200017106,27179.0,325.66,1275.04,19.43,-671.0,212.0,1.0,1.0,3.0,14821.0,-2984.3,2.0,-3000.0,0.0,-212.0,0.0,0.0,0.0,0.0,-3000.0,-667.0,-671.0,-212.3
velocity_-3000,3.541343400022015,27189.0,289.34,1238.72,19.43,-727.0,203.0,1.0,1.0,3.0,13168.0,-2929.0,2.0,-3000.0,0.0,-203.0,0.0,0.0,0.0,0.0,-3000.0,-695.0,-727.0,-203.7
velocity_-3000,3.5513646000181325,27199.0,258.02,1207.41,19.46,-734.0,208.0,1.0,1.0,3.0,11743.0,-2897.8,2.0,-3000.0,0.0,-208.0,0.0,0.0,0.0,0.0,-3000.0,-712.0,-734.0,-208.8
velocity_-3000,3.5610089999972843,27208.0,240.86,1190.24,19.43,-674.0,228.0,1.0,1.0,3.0,10962.0,-2915.6,2.0,-3000.0,0.0,-228.0,0.0,0.0,0.0,0.0,-3000.0,-703.0,-674.0,-228.9
velocity_-3000,3.5710740000067744,27218.0,201.56,1150.94,19.43,-630.0,231.0,1.0,1.0,3.0,9173.0,-2977.7,2.0,-3000.0,0.0,-231.0,0.0,0.0,0.0,0.0,-3000.0,-673.0,-630.0,-231.9
velocity_-3000,3.58123870001873,27228.0,165.3,1114.68,19.46,-651.0,200.0,1.0,1.0,3.0,7523.0,-3072.1,2.0,-3000.0,0.0,-200.0,0.0,0.0,0.0,0.0,-3000.0,-625.0,-651.0,-200.1
velocity_-3000,3.590793700015638,27238.0,147.33,1096.71,19.46,-649.0,201.0,1.0,1.0,3.0,6705.0,-3069.0,2.0,-3000.0,0.0,-201.0,0.0,0.0,0.0,0.0,-3000.0,-627.0,-649.0,-201.5
velocity_-3000,3.600786800001515,27248.0,108.5,1057.88,19.43,-679.0,195.0,1.0,1.0,3.0,4938.0,-3043.1,2.0,-3000.0,0.0,-195.0,0.0,0.0,0.0,0.0,-3000.0,-639.0,-679.0,-195.7
velocity_-3000,3.6103289000166114,27258.0,91.23,1040.61,19.46,-606.0,227.0,1.0,1.0,3.0,4152.0,-3031.2,2.0,-3000.0,0.0,-227.0,0.0,0.0,0.0,0.0,-3000.0,-644.0,-606.0,-227.8
velocity_-3000,3.621228300005896,27268.0,50.93,1000.31,19.41,-624.0,223.0,1.0,1.0,3.0,2318.0,-3018.4,2.0,-3000.0,0.0,-223.0,0.0,0.0,0.0,0.0,-3000.0,-651.0,-624.0,-223.8
velocity_-3000,3.6311700000078417,27278.0,17.86,967.24,19.43,-604.0,228.0,1.0,1.0,3.0,813.0,-3029.3,2.0,-3000.0,0.0,-228.0,0.0,0.0,0.0,0.0,-3000.0,-645.0,-604.0,-228.8
velocity_-3000,3.641333100007614,27289.0,343.89,933.27,19.46,-623.0,216.0,1.0,1.0,3.0,15651.0,-3044.3,2.0,-3000.0,0.0,-216.0,0.0,0.0,0.0,0.0,-3000.0,-637.0,-623.0,-216.8
velocity_-3000,3.650802100019064,27298.0,326.98,916.36,19.46,-664.0,207.0,1.0,1.0,3.0,14881.0,-3015.5,2.0,-3000.0,0.0,-207.0,0.0,0.0,0.0,0.0,-3000.0,-651.0,-664.0,-207.3
velocity_-3000,3.661305600020569,27308.0,290.26,879.64,19.46,-725.0,196.0,1.0,1.0,3.0,13210.0,-2958.5,2.0,-3000.0,0.0,-196.0,0.0,0.0,0.0,0.0,-3000.0,-680.0,-725.0,-196.9
velocity_-3000,3.6714432000007946,27318.0,258.62,848.0,19.46,-716.0,209.0,1.0,1.0,3.0,11770.0,-2922.0,2.0,-3000.0,0.0,-209.0,0.0,0.0,0.0,0.0,-3000.0,-699.0,-716.0,-210.0
velocity_-3000,3.681068600009894,27328.0,241.39,830.77,19.43,-686.0,219.0,1.0,1.0,3.0,10986.0,-2935.1,2.0,-3000.0,0.0,-219.0,0.0,0.0,0.0,0.0,-3000.0,-693.0,-686.0,-219.4
velocity_-3000,3.6905812000040896,27338.0,202.19,791.57,19.46,-620.0,232.0,1.0,1.0,3.0,9202.0,-2989.7,2.0,-3000.0,0.0,-232.0,0.0,0.0,0.0,0.0,-3000.0,-666.0,-620.0,-232.3
velocity_-3000,3.70085160000599,27348.0,166.16,755.54,19.43,-639.0,203.0,1.0,1.0,3.0,7562.0,-3078.7,2.0,-3000.0,0.0,-203.0,0.0,0.0,0.0,0.0,-3000.0,-621.0,-639.0,-203.3
velocity_-3000,3.7119736000022385,27359.0,131.9,721.28,19.43,-596.0,220.0,1.0,1.0,3.0,6003.0,-3078.3,2.0,-3000.0,0.0,-220.0,0.0,0.0,0.0,0.0,-3000.0,-621.0,-596.0,-220.2
velocity_-3000,3.720586400013417,27368.0,116.37,705.75,19.43,-639.0,204.0,1.0,1.0,3.0,5296.0,-3072.9,2.0,-3000.0,0.0,-204.0,0.0,0.0,0.0,0.0,-3000.0,-623.0,-639.0,-204.2
velocity_-3000,3.730564700003015,27378.0,78.73,668.11,19.46,-630.0,218.0,1.0,1.0,3.0,3583.0,-3027.5,2.0,-3000.0,0.0,-218.0,0.0,0.0,0.0,0.0,-3000.0,-645.0,-630.0,-218.6
velocity_-3000,3.7406953000172507,27388.0,45.86,635.24,19.46,-611.0,230.0,1.0,1.0,3.0,2087.0,-3008.2,2.0,-3000.0,0.0,-230.0,0.0,0.0,0.0,0.0,-3000.0,-655.0,-611.0,-230.3
velocity_-3000,3.75163889999385,27399.0,12.33,601.71,19.46,-620.0,222.0,1.0,1.0,3.0,561.0,-3025.3,2.0,-3000.0,0.0,-222.0,0.0,0.0,0.0,0.0,-3000.0,-646.0,-620.0,-222.7
velocity_-3000,3.7613274000177626,27409.0,355.17,584.55,19.44,-658.0,207.0,1.0,1.0,3.0,16164.0,-3023.1,2.0,-3000.0,0.0,-207.0,0.0,0.0,0.0,0.0,-3000.0,-647.0,-658.0,-207.4
velocity_-3000,3.7713272999972105,27419.0,317.7,547.08,19.43,-661.0,216.0,1.0,1.0,3.0,14459.0,-2983.3,2.0,-3000.0,0.0,-216.0,0.0,0.0,0.0,0.0,-3000.0,-667.0,-661.0,-216.0
velocity_-3000,3.78149900000426,27429.0,286.37,515.75,19.43,-703.0,213.0,1.0,1.0,3.0,13033.0,-2924.7,2.0,-3000.0,0.0,-213.0,0.0,0.0,0.0,0.0,-3000.0,-697.0,-703.0,-213.5
velocity_-3000,3.7909638000128325,27438.0,269.41,498.79,19.43,-711.0,212.0,1.0,1.0,3.0,12261.0,-2919.1,2.0,-3000.0,0.0,-212.0,0.0,0.0,0.0,0.0,-3000.0,-700.0,-711.0,-212.1
velocity_-3000,3.800964900001418,27448.0,231.68,461.06,19.46,-652.0,232.0,1.0,1.0,3.0,10544.0,-2933.2,2.0,-3000.0,0.0,-232.0,0.0,0.0,0.0,0.0,-3000.0,-694.0,-652.0,-232.9
velocity_-3000,3.8103881000133697,27458.0,214.28,443.66,19.41,-678.0,218.0,1.0,1.0,3.0,9752.0,-2949.6,2.0,-3000.0,0.0,-218.0,0.0,0.0,0.0,0.0,-3000.0,-686.0,-678.0,-218.5
velocity_-3000,3.8213156000128947,27469.0,170.29,399.67,19.43,-620.0,215.0,1.0,1.0,3.0,7750.0,-3057.4,2.0,-3000.0,0.0,-215.0,0.0,0.0,0.0,0.0,-3000.0,-632.0,-620.0,-215.8
velocity_-3000,3.8312908000079915,27479.0,136.3,365.68,19.44,-623.0,209.0,1.0,1.0,3.0,6203.0,-3074.5,2.0,-3000.0,0.0,-209.0,0.0,0.0,0.0,0.0,-3000.0,-622.0,-623.0,-209.8
velocity_-3000,3.841350800008513,27489.0,102.79,332.17,19.43,-630.0,212.0,1.0,1.0,3.0,4678.0,-3050.5,2.0,-3000.0,0.0,-212.0,0.0,0.0,0.0,0.0,-3000.0,-634.0,-630.0,-212.6
velocity_-3000,3.8508839000132866,27498.0,85.12,314.5,19.43,-633.0,213.0,1.0,1.0,3.0,3874.0,-3043.7,2.0,-3000.0,0.0,-213.0,0.0,0.0,0.0,0.0,-3000.0,-637.0,-633.0,-213.6
velocity_-3000,3.8608243000053335,27508.0,46.96,276.34,19.46,-625.0,220.0,1.0,1.0,3.0,2137.0,-3024.3,2.0,-3000.0,0.0,-220.0,0.0,0.0,0.0,0.0,-3000.0,-646.0,-625.0,-220.8
velocity_-3000,3.870935900020413,27518.0,13.03,242.41,19.44,-627.0,216.0,1.0,1.0,3.0,593.0,-3041.6,2.0,-3000.0,0.0,-216.0,0.0,0.0,0.0,0.0,-3000.0,-637.0,-627.0,-216.1
velocity_-3000,3.880585900013102,27528.0,355.89,225.27,19.43,-632.0,215.0,1.0,1.0,3.0,16197.0,-3036.4,2.0,-3000.0,0.0,-215.0,0.0,0.0,0.0,0.0,-3000.0,-639.0,-632.0,-215.4
velocity_-3000,3.8906082000175957,27538.0,318.3,187.68,19.44,-685.0,202.0,1.0,1.0,3.0,14486.0,-2997.0,2.0,-3000.0,0.0,-202.0,0.0,0.0,0.0,0.0,-3000.0,-659.0,-685.0,-202.9
velocity_-3000,3.9007899000134785,27548.0,286.79,156.17,19.43,-693.0,215.0,1.0,1.0,3.0,13052.0,-2935.7,2.0,-3000.0,0.0,-215.0,0.0,0.0,0.0,0.0,-3000.0,-690.0,-693.0,-215.0
velocity_-3000,3.912078499997733,27559.0,254.9,124.29,19.46,-769.0,191.0,1.0,1.0,3.0,11601.0,-2907.3,2.0,-3000.0,0.0,-191.0,0.0,0.0,0.0,0.0,-3000.0,-705.0,-769.0,-191.6
velocity_-3000,3.9207256000081543,27568.0,239.35,108.73,19.46,-688.0,219.0,1.0,1.0,3.0,10893.0,-2930.3,2.0,-3000.0,0.0,-219.0,0.0,0.0,0.0,0.0,-3000.0,-694.0,-688.0,-219.2
velocity_-3000,3.930700600001728,27578.0,199.93,69.31,19.46,-632.0,227.0,1.0,1.0,3.0,9099.0,-2987.5,2.0,-3000.0,0.0,-227.0,0.0,0.0,0.0,0.0,-3000.0,-666.0,-632.0,-227.7
velocity_-3000,3.940739100013161,27588.0,164.18,33.56,19.44,-643.0,202.0,1.0,1.0,3.0,7472.0,-3074.7,2.0,-3000.0,0.0,-202.0,0.0,0.0,0.0,0.0,-3000.0,-622.0,-643.0,-202.2
velocity_-3000,3.9517416000016965,27599.0,130.54,-0.08,19.46,-625.0,209.0,1.0,1.0,3.0,5941.0,-3071.7,2.0,-3000.0,0.0,-209.0,0.0,0.0,0.0,0.0,-3000.0,-623.0,-625.0,-209.2
velocity_-3000,3.961395899998024,27609.0,113.38,-17.24,19.41,-642.0,206.0,1.0,1.0,3.0,5160.0,-3057.9,2.0,-3000.0,0.0,-206.0,0.0,0.0,0.0,0.0,-3000.0,-629.0,-642.0,-206.5
velocity_-3000,3.971817600016948,27619.0,76.03,-54.59,19.43,-689.0,197.0,1.0,1.0,3.0,3460.0,-3016.0,2.0,-3000.0,0.0,-197.0,0.0,0.0,0.0,0.0,-3000.0,-650.0,-689.0,-197.6
velocity_-3000,3.9814162999973632,27629.0,43.35,-87.27,19.46,-651.0,218.0,1.0,1.0,3.0,1973.0,-2991.7,2.0,-3000.0,0.0,-218.0,0.0,0.0,0.0,0.0,-3000.0,-662.0,-651.0,-218.1
velocity_-3000,3.99092500002007,27638.0,25.71,-104.91,19.46,-639.0,222.0,1.0,1.0,3.0,1170.0,-2995.1,2.0,-3000.0,0.0,-222.0,0.0,0.0,0.0,0.0,-3000.0,-660.0,-639.0,-222.1
velocity_-3000,4.000932399998419,27648.0,346.82,-143.8,19.43,-624.0,224.0,1.0,1.0,3.0,15784.0,-3009.4,2.0,-3000.0,0.0,-224.0,0.0,0.0,0.0,0.0,-3000.0,-653.0,-624.0,-224.4
