label,host_s,device_ms,single_deg,multi_deg,bus_v,legacy_current_ma,pwm_abs,nfault,awake,step,encoder_raw,velocity_dps,control_mode,legacy_target,phase,pwm_signed_legacy,pid_raw,pid_applied,stall_boost,settled,velocity_target_dps,current_target_ma,current_measured_ma,cascade_pwm
velocity_+3000,0.0005984000163152814,24098.0,4.33,0.0,19.38,-1.0,0.0,1.0,1.0,3.0,197.0,0.0,0.0,0.0,0.0,0.0,0.0,0.0,0.0,0.0,0.0,0.0,0.0,0.0
velocity_+3000,0.0028981000068597496,24180.0,4.33,0.0,19.4,-2.0,0.0,1.0,1.0,3.0,197.0,0.0,0.0,0.0,0.0,0.0,0.0,0.0,0.0,0.0,0.0,0.0,0.0,0.0
velocity_+3000,0.012432299990905449,24190.0,4.33,0.0,19.4,64.0,1.0,1.0,1.0,3.0,197.0,0.0,2.0,3000.0,0.0,1.0,0.0,0.0,0.0,0.0,100.0,50.0,64.0,1.8
velocity_+3000,0.02299759999732487,24201.0,4.46,0.13,19.38,215.0,10.0,1.0,1.0,3.0,203.0,3.9,2.0,3000.0,0.0,10.0,0.0,0.0,0.0,0.0,351.6,176.0,215.0,10.4
velocity_+3000,0.032769400015240535,24210.0,4.86,0.53,19.42,349.0,15.0,1.0,1.0,3.0,221.0,14.8,2.0,3000.0,0.0,15.0,0.0,0.0,0.0,0.0,564.3,282.0,349.0,15.3
velocity_+3000,0.04265710001345724,24220.0,5.52,1.19,19.37,358.0,71.0,1.0,1.0,3.0,251.0,30.0,2.0,3000.0,0.0,71.0,0.0,0.0,0.0,0.0,782.0,391.0,358.0,71.8
velocity_+3000,0.053325000015320256,24231.0,6.55,2.22,19.37,536.0,58.0,1.0,1.0,3.0,298.0,51.9,2.0,3000.0,0.0,58.0,0.0,0.0,0.0,0.0,997.0,498.0,536.0,58.9
velocity_+3000,0.06260770000517368,24240.0,7.05,2.72,19.37,610.0,58.0,1.0,1.0,3.0,321.0,59.0,2.0,3000.0,0.0,58.0,0.0,0.0,0.0,0.0,1107.0,554.0,610.0,58.2
velocity_+3000,0.07233850000193343,24250.0,7.8,3.47,19.38,803.0,47.0,1.0,1.0,3.0,355.0,58.1,2.0,3000.0,0.0,47.0,0.0,0.0,0.0,0.0,1358.9,679.0,803.0,48.0
velocity_+3000,0.08317729999544099,24261.0,7.87,3.54,19.42,929.0,53.0,1.0,1.0,3.0,358.0,40.8,2.0,3000.0,0.0,53.0,0.0,0.0,0.0,0.0,1575.5,788.0,929.0,53.7
velocity_+3000,0.09301489999052137,24271.0,7.91,3.58,19.38,980.0,90.0,1.0,1.0,3.0,360.0,28.9,2.0,3000.0,0.0,90.0,0.0,0.0,0.0,0.0,1792.2,896.0,980.0,90.3
velocity_+3000,0.10241429999587126,24280.0,8.06,3.74,19.38,1063.0,84.0,1.0,1.0,3.0,367.0,28.8,2.0,3000.0,0.0,84.0,0.0,0.0,0.0,0.0,1900.9,950.0,1063.0,84.2
velocity_+3000,0.11319110001204535,24291.0,8.88,4.55,19.38,1281.0,62.0,1.0,1.0,3.0,404.0,41.2,2.0,3000.0,0.0,62.0,0.0,0.0,0.0,0.0,2150.2,1075.0,1281.0,63.0
velocity_+3000,0.12301929999375716,24300.0,9.36,5.03,19.38,1388.0,77.0,1.0,1.0,3.0,426.0,41.7,2.0,3000.0,0.0,77.0,0.0,0.0,0.0,0.0,2368.6,1184.0,1388.0,77.5
velocity_+3000,0.1329771000018809,24310.0,9.78,5.45,19.35,1420.0,121.0,1.0,1.0,3.0,445.0,40.5,2.0,3000.0,0.0,121.0,0.0,0.0,0.0,0.0,2587.0,1294.0,1420.0,121.8
velocity_+3000,0.14383950000046752,24321.0,10.48,6.15,19.35,1565.0,119.0,1.0,1.0,3.0,477.0,49.0,2.0,3000.0,0.0,119.0,0.0,0.0,0.0,0.0,2804.3,1402.0,1565.0,120.0
velocity_+3000,0.15320339999743737,24331.0,10.94,6.61,19.35,1635.0,119.0,1.0,1.0,3.0,498.0,54.8,2.0,3000.0,0.0,119.0,0.0,0.0,0.0,0.0,2917.6,1459.0,1635.0,119.3
velocity_+3000,0.16301930000190623,24340.0,11.98,7.65,19.38,1823.0,110.0,1.0,1.0,3.0,545.0,63.5,2.0,3000.0,0.0,110.0,0.0,0.0,0.0,0.0,3000.0,1585.0,1823.0,110.1
velocity_+3000,0.17298189998837188,24350.0,12.83,8.5,19.36,1860.0,151.0,1.0,1.0,3.0,584.0,68.3,2.0,3000.0,0.0,151.0,0.0,0.0,0.0,0.0,3000.0,1695.0,1860.0,151.7
velocity_+3000,0.18253170000389218,24360.0,13.38,9.05,19.6,1934.0,145.0,1.0,1.0,3.0,609.0,73.7,2.0,3000.0,0.0,145.0,0.0,0.0,0.0,0.0,3000.0,1750.0,1934.0,145.5
velocity_+3000,0.19332210000720806,24371.0,15.71,11.38,19.36,2111.0,144.0,1.0,1.0,3.0,715.0,113.1,2.0,3000.0,0.0,144.0,0.0,0.0,0.0,0.0,3000.0,1877.0,2111.0,144.6
velocity_+3000,0.20315519999712706,24381.0,20.48,16.15,19.36,2166.0,184.0,1.0,1.0,3.0,932.0,224.6,2.0,3000.0,0.0,184.0,0.0,0.0,0.0,0.0,3000.0,1985.0,2166.0,184.3
velocity_+3000,0.21345710000605322,24391.0,33.6,29.27,19.36,1752.0,191.0,1.0,1.0,3.0,1529.0,543.0,2.0,3000.0,0.0,191.0,0.0,0.0,0.0,0.0,3000.0,1670.0,1752.0,191.5
velocity_+3000,0.2228354999970179,24400.0,43.79,39.46,19.36,1582.0,216.0,1.0,1.0,3.0,1993.0,762.3,2.0,3000.0,0.0,216.0,0.0,0.0,0.0,0.0,3000.0,1574.0,1582.0,216.6
velocity_+3000,0.2327264999912586,24410.0,67.7,63.37,19.37,1341.0,241.0,1.0,1.0,3.0,3081.0,1143.0,2.0,3000.0,0.0,241.0,0.0,0.0,0.0,0.0,3000.0,1408.0,1341.0,241.0
velocity_+3000,0.24341870000353083,24420.0,95.62,91.3,19.37,1143.0,216.0,1.0,1.0,3.0,4352.0,1603.4,2.0,3000.0,0.0,216.0,0.0,0.0,0.0,0.0,3000.0,1178.0,1143.0,216.7
velocity_+3000,0.2543380999995861,24431.0,128.12,123.79,19.37,933.0,203.0,1.0,1.0,3.0,5831.0,2049.3,2.0,3000.0,0.0,203.0,0.0,0.0,0.0,0.0,3000.0,960.0,933.0,203.4
velocity_+3000,0.26361110000289045,24441.0,144.6,140.27,19.37,834.0,209.0,1.0,1.0,3.0,6581.0,2212.7,2.0,3000.0,0.0,209.0,0.0,0.0,0.0,0.0,3000.0,883.0,834.0,209.9
velocity_+3000,0.2735390000161715,24450.0,180.62,176.29,19.38,689.0,229.0,1.0,1.0,3.0,8220.0,2409.5,2.0,3000.0,0.0,229.0,0.0,0.0,0.0,0.0,3000.0,793.0,689.0,229.4
velocity_+3000,0.2836834999907296,24460.0,210.32,205.99,19.38,697.0,209.0,1.0,1.0,3.0,9572.0,2500.9,2.0,3000.0,0.0,209.0,0.0,0.0,0.0,0.0,3000.0,753.0,697.0,209.8
velocity_+3000,0.2929391000070609,24470.0,226.36,222.03,19.38,656.0,217.0,1.0,1.0,3.0,10302.0,2551.7,2.0,3000.0,0.0,217.0,0.0,0.0,0.0,0.0,3000.0,730.0,656.0,217.3
velocity_+3000,0.30334270000457764,24481.0,263.98,259.65,19.38,561.0,224.0,1.0,1.0,3.0,12014.0,2701.3,2.0,3000.0,0.0,224.0,0.0,0.0,0.0,0.0,3000.0,659.0,561.0,224.5
velocity_+3000,0.31302130001131445,24490.0,300.1,295.77,19.38,564.0,182.0,1.0,1.0,3.0,13658.0,2886.7,2.0,3000.0,0.0,182.0,0.0,0.0,0.0,0.0,3000.0,569.0,564.0,182.5
velocity_+3000,0.32398250000551343,24501.0,333.81,329.48,19.38,528.0,185.0,1.0,1.0,3.0,15192.0,2942.8,2.0,3000.0,0.0,185.0,0.0,0.0,0.0,0.0,3000.0,541.0,528.0,186.0
velocity_+3000,0.333551499992609,24510.0,349.91,345.59,19.38,573.0,172.0,1.0,1.0,3.0,15925.0,2926.9,2.0,3000.0,0.0,172.0,0.0,0.0,0.0,0.0,3000.0,550.0,573.0,172.7
velocity_+3000,0.3430027000140399,24520.0,23.6,379.27,19.36,540.0,210.0,1.0,1.0,3.0,1074.0,2827.6,2.0,3000.0,0.0,210.0,0.0,0.0,0.0,0.0,3000.0,601.0,540.0,211.0
velocity_+3000,0.3530275000084657,24530.0,51.61,407.29,19.36,572.0,220.0,1.0,1.0,3.0,2349.0,2736.2,2.0,3000.0,0.0,220.0,0.0,0.0,0.0,0.0,3000.0,649.0,572.0,220.5
velocity_+3000,0.3638939000084065,24541.0,80.51,436.18,19.38,638.0,200.0,1.0,1.0,3.0,3664.0,2715.8,2.0,3000.0,0.0,200.0,0.0,0.0,0.0,0.0,3000.0,663.0,638.0,200.4
velocity_+3000,0.373305299988715,24551.0,96.28,451.96,19.38,650.0,195.0,1.0,1.0,3.0,4382.0,2722.1,2.0,3000.0,0.0,195.0,0.0,0.0,0.0,0.0,3000.0,661.0,650.0,195.8
velocity_+3000,0.38315229999716394,24561.0,133.55,489.22,19.38,566.0,216.0,1.0,1.0,3.0,6078.0,2789.7,2.0,3000.0,0.0,216.0,0.0,0.0,0.0,0.0,3000.0,630.0,566.0,216.6
velocity_+3000,0.39310799998929724,24570.0,164.73,520.4,19.38,544.0,221.0,1.0,1.0,3.0,7497.0,2810.8,2.0,3000.0,0.0,221.0,0.0,0.0,0.0,0.0,3000.0,622.0,544.0,221.7
velocity_+3000,0.40264590000151657,24580.0,179.38,535.06,19.38,607.0,206.0,1.0,1.0,3.0,8164.0,2773.0,2.0,3000.0,0.0,206.0,0.0,0.0,0.0,0.0,3000.0,642.0,607.0,206.1
velocity_+3000,0.41265220000059344,24590.0,211.9,567.58,19.38,720.0,179.0,1.0,1.0,3.0,9644.0,2702.9,2.0,3000.0,0.0,179.0,0.0,0.0,0.0,0.0,3000.0,680.0,720.0,179.0
velocity_+3000,0.4226543999975547,24600.0,240.89,596.56,19.38,730.0,185.0,1.0,1.0,3.0,10963.0,2667.4,2.0,3000.0,0.0,185.0,0.0,0.0,0.0,0.0,3000.0,702.0,730.0,185.6
velocity_+3000,0.4335760000103619,24611.0,273.47,629.14,19.38,625.0,205.0,1.0,1.0,3.0,12446.0,2773.5,2.0,3000.0,0.0,205.0,0.0,0.0,0.0,0.0,3000.0,652.0,625.0,205.5
velocity_+3000,0.4429289000108838,24620.0,291.49,647.16,19.38,592.0,204.0,1.0,1.0,3.0,13266.0,2839.5,2.0,3000.0,0.0,204.0,0.0,0.0,0.0,0.0,3000.0,619.0,592.0,204.2
velocity_+3000,0.45283250001375563,24630.0,330.42,686.1,19.38,558.0,202.0,1.0,1.0,3.0,15038.0,2909.3,2.0,3000.0,0.0,202.0,0.0,0.0,0.0,0.0,3000.0,586.0,558.0,202.8
velocity_+3000,0.46278410000377335,24640.0,1.67,717.34,19.37,598.0,194.0,1.0,1.0,3.0,76.0,2883.7,2.0,3000.0,0.0,194.0,0.0,0.0,0.0,0.0,3000.0,600.0,598.0,194.4
velocity_+3000,0.4736733000027016,24651.0,30.43,746.1,19.38,655.0,191.0,1.0,1.0,3.0,1385.0,2803.2,2.0,3000.0,0.0,191.0,0.0,0.0,0.0,0.0,3000.0,642.0,655.0,191.1
velocity_+3000,0.483702199999243,24661.0,45.55,761.22,19.4,613.0,213.0,1.0,1.0,3.0,2073.0,2785.3,2.0,3000.0,0.0,213.0,0.0,0.0,0.0,0.0,3000.0,652.0,613.0,213.1
velocity_+3000,0.4930989000131376,24670.0,79.85,795.52,19.37,628.0,211.0,1.0,1.0,3.0,3634.0,2773.5,2.0,3000.0,0.0,211.0,0.0,0.0,0.0,0.0,3000.0,661.0,628.0,211.4
velocity_+3000,0.5031291999912355,24680.0,112.48,828.15,19.35,641.0,192.0,1.0,1.0,3.0,5119.0,2840.7,2.0,3000.0,0.0,192.0,0.0,0.0,0.0,0.0,3000.0,629.0,641.0,192.6
velocity_+3000,0.512720700004138,24690.0,130.03,845.71,19.35,653.0,180.0,1.0,1.0,3.0,5918.0,2877.5,2.0,3000.0,0.0,180.0,0.0,0.0,0.0,0.0,3000.0,612.0,653.0,180.5
velocity_+3000,0.5226137000136077,24700.0,167.23,882.91,19.4,553.0,223.0,1.0,1.0,3.0,7611.0,2868.6,2.0,3000.0,0.0,223.0,0.0,0.0,0.0,0.0,3000.0,618.0,553.0,223.6
velocity_+3000,0.5325917000009213,24710.0,196.24,911.91,19.37,589.0,226.0,1.0,1.0,3.0,8931.0,2798.3,2.0,3000.0,0.0,226.0,0.0,0.0,0.0,0.0,3000.0,655.0,589.0,226.6
velocity_+3000,0.5440516000089701,24721.0,224.91,940.58,19.42,697.0,196.0,1.0,1.0,3.0,10236.0,2745.4,2.0,3000.0,0.0,196.0,0.0,0.0,0.0,0.0,3000.0,684.0,697.0,196.4
velocity_+3000,0.5533911999955308,24730.0,239.63,955.31,19.38,715.0,196.0,1.0,1.0,3.0,10906.0,2721.5,2.0,3000.0,0.0,196.0,0.0,0.0,0.0,0.0,3000.0,698.0,715.0,196.2
velocity_+3000,0.5633730000117794,24740.0,278.31,993.98,19.38,680.0,186.0,1.0,1.0,3.0,12666.0,2832.0,2.0,3000.0,0.0,186.0,0.0,0.0,0.0,0.0,3000.0,645.0,680.0,186.6
velocity_+3000,0.573050900013186,24750.0,313.66,1029.33,19.38,579.0,201.0,1.0,1.0,3.0,14275.0,2948.8,2.0,3000.0,0.0,201.0,0.0,0.0,0.0,0.0,3000.0,587.0,579.0,201.0
velocity_+3000,0.5824682000093162,24760.0,331.46,1047.13,19.38,516.0,221.0,1.0,1.0,3.0,15085.0,2971.8,2.0,3000.0,0.0,221.0,0.0,0.0,0.0,0.0,3000.0,576.0,516.0,221.5
velocity_+3000,0.5932219999958761,24771.0,8.13,1083.8,19.38,553.0,214.0,1.0,1.0,3.0,370.0,2940.8,2.0,3000.0,0.0,214.0,0.0,0.0,0.0,0.0,3000.0,592.0,553.0,214.1
velocity_+3000,0.6030003000050783,24780.0,36.74,1112.41,19.37,651.0,196.0,1.0,1.0,3.0,1672.0,2851.0,2.0,3000.0,0.0,196.0,0.0,0.0,0.0,0.0,3000.0,638.0,651.0,196.6
velocity_+3000,0.6134586000116542,24791.0,66.91,1142.58,19.42,676.0,200.0,1.0,1.0,3.0,3045.0,2790.6,2.0,3000.0,0.0,200.0,0.0,0.0,0.0,0.0,3000.0,671.0,676.0,201.0
velocity_+3000,0.6233839000051375,24800.0,83.69,1159.37,19.35,631.0,214.0,1.0,1.0,3.0,3809.0,2818.8,2.0,3000.0,0.0,214.0,0.0,0.0,0.0,0.0,3000.0,658.0,631.0,214.0
velocity_+3000,0.6328735999995843,24810.0,122.3,1197.97,19.37,552.0,226.0,1.0,1.0,3.0,5566.0,2906.0,2.0,3000.0,0.0,226.0,0.0,0.0,0.0,0.0,3000.0,616.0,552.0,226.2
velocity_+3000,0.6429251999943517,24820.0,155.85,1231.52,19.38,598.0,197.0,1.0,1.0,3.0,7093.0,2950.5,2.0,3000.0,0.0,197.0,0.0,0.0,0.0,0.0,3000.0,594.0,598.0,198.0
velocity_+3000,0.6538150999986101,24831.0,186.0,1261.67,19.37,598.0,213.0,1.0,1.0,3.0,8465.0,2887.0,2.0,3000.0,0.0,213.0,0.0,0.0,0.0,0.0,3000.0,627.0,598.0,213.7
velocity_+3000,0.6632707999960985,24841.0,201.07,1276.74,19.37,667.0,197.0,1.0,1.0,3.0,9151.0,2838.5,2.0,3000.0,0.0,197.0,0.0,0.0,0.0,0.0,3000.0,652.0,667.0,197.9
velocity_+3000,0.6731262000103015,24850.0,234.91,1310.58,19.42,664.0,212.0,1.0,1.0,3.0,10691.0,2781.6,2.0,3000.0,0.0,212.0,0.0,0.0,0.0,0.0,3000.0,683.0,664.0,212.9
velocity_+3000,0.6830936000042129,24860.0,268.09,1343.76,19.38,636.0,205.0,1.0,1.0,3.0,12201.0,2869.8,2.0,3000.0,0.0,205.0,0.0,0.0,0.0,0.0,3000.0,641.0,636.0,205.4
velocity_+3000,0.6926555999962147,24870.0,286.22,1361.89,19.37,588.0,211.0,1.0,1.0,3.0,13026.0,2931.8,2.0,3000.0,0.0,211.0,0.0,0.0,0.0,0.0,3000.0,610.0,588.0,211.2
velocity_+3000,0.7026116999913938,24880.0,326.89,1402.56,19.38,552.0,206.0,1.0,1.0,3.0,14877.0,3014.3,2.0,3000.0,0.0,206.0,0.0,0.0,0.0,0.0,3000.0,569.0,552.0,206.9
velocity_+3000,0.7129346000147052,24890.0,0.83,1436.51,19.35,595.0,194.0,1.0,1.0,3.0,38.0,2997.1,2.0,3000.0,0.0,194.0,0.0,0.0,0.0,0.0,3000.0,577.0,595.0,194.2
velocity_+3000,0.7242729999998119,24901.0,30.74,1466.41,19.4,644.0,195.0,1.0,1.0,3.0,1399.0,2906.9,2.0,3000.0,0.0,195.0,0.0,0.0,0.0,0.0,3000.0,623.0,644.0,195.4
velocity_+3000,0.7332417000143323,24911.0,46.63,1482.3,19.4,611.0,214.0,1.0,1.0,3.0,2122.0,2883.3,2.0,3000.0,0.0,214.0,0.0,0.0,0.0,0.0,3000.0,636.0,611.0,214.5
velocity_+3000,0.7430719000112731,24920.0,82.29,1517.96,19.37,601.0,222.0,1.0,1.0,3.0,3745.0,2870.0,2.0,3000.0,0.0,222.0,0.0,0.0,0.0,0.0,3000.0,644.0,601.0,222.4
velocity_+3000,0.7533923000155482,24930.0,115.82,1551.49,19.4,608.0,203.0,1.0,1.0,3.0,5271.0,2942.7,2.0,3000.0,0.0,203.0,0.0,0.0,0.0,0.0,3000.0,609.0,608.0,203.2
velocity_+3000,0.7626162999949884,24940.0,133.24,1568.91,19.38,638.0,185.0,1.0,1.0,3.0,6064.0,2969.6,2.0,3000.0,0.0,185.0,0.0,0.0,0.0,0.0,3000.0,595.0,638.0,185.7
velocity_+3000,0.772480399988126,24950.0,170.22,1605.89,19.38,624.0,198.0,1.0,1.0,3.0,7747.0,2942.7,2.0,3000.0,0.0,198.0,0.0,0.0,0.0,0.0,3000.0,609.0,624.0,198.2
velocity_+3000,0.7834323999995831,24961.0,199.84,1635.51,19.38,606.0,225.0,1.0,1.0,3.0,9095.0,2860.0,2.0,3000.0,0.0,225.0,0.0,0.0,0.0,0.0,3000.0,652.0,606.0,225.5
velocity_+3000,0.7934326000104193,24971.0,229.42,1665.09,19.36,651.0,219.0,1.0,1.0,3.0,10441.0,2810.0,2.0,3000.0,0.0,219.0,0.0,0.0,0.0,0.0,3000.0,679.0,651.0,219.7
velocity_+3000,0.8027936000144109,24980.0,245.5,1681.17,19.36,666.0,215.0,1.0,1.0,3.0,11173.0,2804.7,2.0,3000.0,0.0,215.0,0.0,0.0,0.0,0.0,3000.0,683.0,666.0,215.1
velocity_+3000,0.8128871000080835,24990.0,286.37,1722.04,19.37,669.0,182.0,1.0,1.0,3.0,13033.0,2941.8,2.0,3000.0,0.0,182.0,0.0,0.0,0.0,0.0,3000.0,615.0,669.0,182.5
velocity_+3000,0.8229542000044603,25000.0,322.67,1758.34,19.36,598.0,189.0,1.0,1.0,3.0,14685.0,3036.8,2.0,3000.0,0.0,189.0,0.0,0.0,0.0,0.0,3000.0,567.0,598.0,189.9
velocity_+3000,0.8325750000076368,25010.0,340.69,1776.36,19.38,494.0,225.0,1.0,1.0,3.0,15505.0,3062.5,2.0,3000.0,0.0,225.0,0.0,0.0,0.0,0.0,3000.0,554.0,494.0,226.0
velocity_+3000,0.8433018999930937,25021.0,17.27,1812.94,19.36,573.0,207.0,1.0,1.0,3.0,786.0,3005.6,2.0,3000.0,0.0,207.0,0.0,0.0,0.0,0.0,3000.0,582.0,573.0,207.1
velocity_+3000,0.8531555999943521,25031.0,46.85,1842.52,19.38,579.0,223.0,1.0,1.0,3.0,2132.0,2922.2,2.0,3000.0,0.0,223.0,0.0,0.0,0.0,0.0,3000.0,625.0,579.0,223.7
velocity_+3000,0.8631456000148319,25041.0,77.76,1873.43,19.37,648.0,202.0,1.0,1.0,3.0,3539.0,2894.7,2.0,3000.0,0.0,202.0,0.0,0.0,0.0,0.0,3000.0,640.0,648.0,202.9
velocity_+3000,0.8726263999997173,25050.0,94.94,1890.62,19.37,664.0,193.0,1.0,1.0,3.0,4321.0,2910.8,2.0,3000.0,0.0,193.0,0.0,0.0,0.0,0.0,3000.0,632.0,664.0,193.3
velocity_+3000,0.8824093000148423,25060.0,134.67,1930.34,19.38,612.0,200.0,1.0,1.0,3.0,6129.0,2975.6,2.0,3000.0,0.0,200.0,0.0,0.0,0.0,0.0,3000.0,600.0,612.0,200.2
velocity_+3000,0.893388500000583,25071.0,167.17,1962.84,19.35,564.0,220.0,1.0,1.0,3.0,7608.0,2971.6,2.0,3000.0,0.0,220.0,0.0,0.0,0.0,0.0,3000.0,603.0,564.0,220.9
velocity_+3000,0.9033526999992318,25081.0,197.31,1992.99,19.4,584.0,229.0,1.0,1.0,3.0,8980.0,2898.2,2.0,3000.0,0.0,229.0,0.0,0.0,0.0,0.0,3000.0,640.0,584.0,229.3
velocity_+3000,0.9131434000155423,25091.0,212.19,2007.86,19.36,670.0,205.0,1.0,1.0,3.0,9657.0,2853.4,2.0,3000.0,0.0,205.0,0.0,0.0,0.0,0.0,3000.0,663.0,670.0,205.6
velocity_+3000,0.9230391999881249,25100.0,248.53,2044.2,19.38,665.0,209.0,1.0,1.0,3.0,11311.0,2847.5,2.0,3000.0,0.0,209.0,0.0,0.0,0.0,0.0,3000.0,668.0,665.0,209.8
velocity_+3000,0.933099099987885,25110.0,284.06,2079.73,19.42,683.0,174.0,1.0,1.0,3.0,12928.0,2971.1,2.0,3000.0,0.0,174.0,0.0,0.0,0.0,0.0,3000.0,607.0,683.0,174.7
velocity_+3000,0.9426047999877483,25120.0,303.68,2099.36,19.42,573.0,202.0,1.0,1.0,3.0,13821.0,3046.2,2.0,3000.0,0.0,202.0,0.0,0.0,0.0,0.0,3000.0,569.0,573.0,202.3
velocity_+3000,0.9533344999945257,25131.0,343.5,2139.17,19.37,509.0,221.0,1.0,1.0,3.0,15633.0,3074.0,2.0,3000.0,0.0,221.0,0.0,0.0,0.0,0.0,3000.0,555.0,509.0,221.8
velocity_+3000,0.9631431000016164,25141.0,14.63,2170.31,19.4,558.0,214.0,1.0,1.0,3.0,666.0,3014.9,2.0,3000.0,0.0,214.0,0.0,0.0,0.0,0.0,3000.0,584.0,558.0,214.8
velocity_+3000,0.9730838999967091,25150.0,44.47,2200.14,19.4,620.0,210.0,1.0,1.0,3.0,2024.0,2926.6,2.0,3000.0,0.0,210.0,0.0,0.0,0.0,0.0,3000.0,629.0,620.0,210.4
velocity_+3000,0.9826138000062201,25160.0,59.57,2215.24,19.38,683.0,195.0,1.0,1.0,3.0,2711.0,2882.7,2.0,3000.0,0.0,195.0,0.0,0.0,0.0,0.0,3000.0,651.0,683.0,195.8
velocity_+3000,0.9925610999925993,25170.0,96.68,2252.35,19.38,670.0,197.0,1.0,1.0,3.0,4400.0,2901.9,2.0,3000.0,0.0,197.0,0.0,0.0,0.0,0.0,3000.0,643.0,670.0,197.4
velocity_+3000,1.002467100013746,25180.0,131.31,2286.98,19.38,609.0,203.0,1.0,1.0,3.0,5976.0,2984.7,2.0,3000.0,0.0,203.0,0.0,0.0,0.0,0.0,3000.0,602.0,609.0,203.2
velocity_+3000,1.013729099999182,25191.0,165.19,2320.86,19.38,557.0,223.0,1.0,1.0,3.0,7518.0,2989.0,2.0,3000.0,0.0,223.0,0.0,0.0,0.0,0.0,3000.0,600.0,557.0,223.1
velocity_+3000,1.0231876999896485,25201.0,181.03,2336.7,19.38,598.0,216.0,1.0,1.0,3.0,8239.0,2943.1,2.0,3000.0,0.0,216.0,0.0,0.0,0.0,0.0,3000.0,623.0,598.0,216.5
velocity_+3000,1.033022899995558,25210.0,215.13,2370.81,19.35,679.0,205.0,1.0,1.0,3.0,9791.0,2856.7,2.0,3000.0,0.0,205.0,0.0,0.0,0.0,0.0,3000.0,668.0,679.0,205.0
velocity_+3000,1.0430554999911692,25220.0,245.32,2401.0,19.38,730.0,192.0,1.0,1.0,3.0,11165.0,2826.1,2.0,3000.0,0.0,192.0,0.0,0.0,0.0,0.0,3000.0,685.0,730.0,192.3
velocity_+3000,1.0526352000015322,25230.0,263.21,2418.88,19.4,623.0,221.0,1.0,1.0,3.0,11979.0,2887.9,2.0,3000.0,0.0,221.0,0.0,0.0,0.0,0.0,3000.0,655.0,623.0,221.5
velocity_+3000,1.0625230000005104,25240.0,304.98,2460.65,19.38,521.0,229.0,1.0,1.0,3.0,13880.0,3032.2,2.0,3000.0,0.0,229.0,0.0,0.0,0.0,0.0,3000.0,583.0,521.0,229.1
velocity_+3000,1.0734213000105228,25251.0,340.0,2495.68,19.37,525.0,214.0,1.0,1.0,3.0,15474.0,3086.6,2.0,3000.0,0.0,214.0,0.0,0.0,0.0,0.0,3000.0,555.0,525.0,214.9
velocity_+3000,1.083371899992926,25261.0,12.24,2527.91,19.38,542.0,219.0,1.0,1.0,3.0,557.0,3038.0,2.0,3000.0,0.0,219.0,0.0,0.0,0.0,0.0,3000.0,579.0,542.0,219.1
velocity_+3000,1.0927757000026759,25270.0,27.77,2543.44,19.38,615.0,203.0,1.0,1.0,3.0,1264.0,2978.3,2.0,3000.0,0.0,203.0,0.0,0.0,0.0,0.0,3000.0,609.0,615.0,203.5
velocity_+3000,1.102641900011804,25280.0,62.62,2578.29,19.38,720.0,179.0,1.0,1.0,3.0,2850.0,2900.7,2.0,3000.0,0.0,179.0,0.0,0.0,0.0,0.0,3000.0,648.0,720.0,179.5
velocity_+3000,1.112789500009967,25290.0,95.01,2610.68,19.38,623.0,215.0,1.0,1.0,3.0,4324.0,2916.6,2.0,3000.0,0.0,215.0,0.0,0.0,0.0,0.0,3000.0,641.0,623.0,215.4
velocity_+3000,1.1237029999902006,25301.0,129.95,2645.62,19.38,587.0,211.0,1.0,1.0,3.0,5914.0,2995.5,2.0,3000.0,0.0,211.0,0.0,0.0,0.0,0.0,3000.0,602.0,587.0,211.5
velocity_+3000,1.1332648000097834,25311.0,147.19,2662.87,19.38,577.0,212.0,1.0,1.0,3.0,6699.0,3007.9,2.0,3000.0,0.0,212.0,0.0,0.0,0.0,0.0,3000.0,596.0,577.0,212.4
velocity_+3000,1.1431241999962367,25321.0,183.47,2699.14,19.37,615.0,210.0,1.0,1.0,3.0,8350.0,2953.0,2.0,3000.0,0.0,210.0,0.0,0.0,0.0,0.0,3000.0,624.0,615.0,210.1
velocity_+3000,1.1530848999973387,25331.0,212.81,2728.48,19.35,690.0,202.0,1.0,1.0,3.0,9685.0,2860.0,2.0,3000.0,0.0,202.0,0.0,0.0,0.0,0.0,3000.0,671.0,690.0,202.7
velocity_+3000,1.1625850000127684,25340.0,228.67,2744.34,19.35,728.0,192.0,1.0,1.0,3.0,10407.0,2841.0,2.0,3000.0,0.0,192.0,0.0,0.0,0.0,0.0,3000.0,682.0,728.0,192.4
velocity_+3000,1.1724530000064988,25350.0,266.86,2782.53,19.35,633.0,216.0,1.0,1.0,3.0,12145.0,2905.8,2.0,3000.0,0.0,216.0,0.0,0.0,0.0,0.0,3000.0,651.0,633.0,216.4
velocity_+3000,1.1825844999984838,25360.0,303.4,2819.07,19.38,572.0,208.0,1.0,1.0,3.0,13808.0,3047.0,2.0,3000.0,0.0,208.0,0.0,0.0,0.0,0.0,3000.0,580.0,572.0,208.0
velocity_+3000,1.1933865000028163,25371.0,338.01,2853.68,19.42,544.0,209.0,1.0,1.0,3.0,15383.0,3088.8,2.0,3000.0,0.0,209.0,0.0,0.0,0.0,0.0,3000.0,559.0,544.0,209.1
velocity_+3000,1.2029310000070836,25380.0,354.42,2870.09,19.42,560.0,209.0,1.0,1.0,3.0,16130.0,3059.0,2.0,3000.0,0.0,209.0,0.0,0.0,0.0,0.0,3000.0,573.0,560.0,209.5
velocity_+3000,1.2129239999921992,25390.0,32.32,2907.99,19.37,684.0,182.0,1.0,1.0,3.0,1471.0,2962.2,2.0,3000.0,0.0,182.0,0.0,0.0,0.0,0.0,3000.0,622.0,684.0,182.5
velocity_+3000,1.2229370000131894,25400.0,60.23,2935.9,19.38,685.0,199.0,1.0,1.0,3.0,2741.0,2888.8,2.0,3000.0,0.0,199.0,0.0,0.0,0.0,0.0,3000.0,659.0,685.0,199.5
velocity_+3000,1.233827599993674,25411.0,92.35,2968.02,19.37,644.0,211.0,1.0,1.0,3.0,4203.0,2910.7,2.0,3000.0,0.0,211.0,0.0,0.0,0.0,0.0,3000.0,649.0,644.0,211.5
velocity_+3000,1.243239800009178,25421.0,110.21,2985.89,19.37,614.0,215.0,1.0,1.0,3.0,5016.0,2946.0,2.0,3000.0,0.0,215.0,0.0,0.0,0.0,0.0,3000.0,632.0,614.0,215.2
velocity_+3000,1.2530908999906387,25430.0,149.92,3025.59,19.4,594.0,210.0,1.0,1.0,3.0,6823.0,3001.0,2.0,3000.0,0.0,210.0,0.0,0.0,0.0,0.0,3000.0,605.0,594.0,210.4
velocity_+3000,1.263057000003755,25440.0,180.83,3056.51,19.38,636.0,207.0,1.0,1.0,3.0,8230.0,2942.6,2.0,3000.0,0.0,207.0,0.0,0.0,0.0,0.0,3000.0,634.0,636.0,207.5
velocity_+3000,1.2726036999956705,25450.0,196.33,3072.0,19.36,682.0,197.0,1.0,1.0,3.0,8935.0,2907.8,2.0,3000.0,0.0,197.0,0.0,0.0,0.0,0.0,3000.0,652.0,682.0,198.0
velocity_+3000,1.2824546000047121,25460.0,230.41,3106.08,19.42,654.0,223.0,1.0,1.0,3.0,10486.0,2843.6,2.0,3000.0,0.0,223.0,0.0,0.0,0.0,0.0,3000.0,686.0,654.0,223.9
velocity_+3000,1.292429399996763,25470.0,263.58,3139.26,19.38,667.0,203.0,1.0,1.0,3.0,11996.0,2913.4,2.0,3000.0,0.0,203.0,0.0,0.0,0.0,0.0,3000.0,653.0,667.0,203.5
velocity_+3000,1.303308400005335,25481.0,299.84,3175.51,19.38,618.0,191.0,1.0,1.0,3.0,13646.0,3052.8,2.0,3000.0,0.0,191.0,0.0,0.0,0.0,0.0,3000.0,583.0,618.0,191.2
velocity_+3000,1.3130348999984562,25490.0,318.1,3193.77,19.38,546.0,215.0,1.0,1.0,3.0,14477.0,3073.3,2.0,3000.0,0.0,215.0,0.0,0.0,0.0,0.0,3000.0,572.0,546.0,215.7
velocity_+3000,1.3229376999952365,25500.0,357.56,3233.23,19.4,679.0,167.0,1.0,1.0,3.0,16273.0,3049.2,2.0,3000.0,0.0,167.0,0.0,0.0,0.0,0.0,3000.0,583.0,679.0,167.5
velocity_+3000,1.3329066000005696,25510.0,27.84,3263.51,19.4,603.0,221.0,1.0,1.0,3.0,1267.0,2949.1,2.0,3000.0,0.0,221.0,0.0,0.0,0.0,0.0,3000.0,634.0,603.0,221.3
velocity_+3000,1.3424680999887642,25520.0,43.4,3279.07,19.35,625.0,220.0,1.0,1.0,3.0,1975.0,2916.4,2.0,3000.0,0.0,220.0,0.0,0.0,0.0,0.0,3000.0,650.0,625.0,220.3
velocity_+3000,1.353203200007556,25531.0,78.75,3314.42,19.38,652.0,215.0,1.0,1.0,3.0,3584.0,2890.2,2.0,3000.0,0.0,215.0,0.0,0.0,0.0,0.0,3000.0,665.0,652.0,215.3
velocity_+3000,1.3631288000033237,25541.0,111.93,3347.6,19.38,629.0,211.0,1.0,1.0,3.0,5094.0,2949.7,2.0,3000.0,0.0,211.0,0.0,0.0,0.0,0.0,3000.0,636.0,629.0,211.2
velocity_+3000,1.3731247000105213,25551.0,146.01,3381.68,19.13,628.0,203.0,1.0,1.0,3.0,6645.0,2997.5,2.0,3000.0,0.0,203.0,0.0,0.0,0.0,0.0,3000.0,612.0,628.0,203.9
velocity_+3000,1.3825900999945588,25560.0,163.32,3398.99,19.13,639.0,199.0,1.0,1.0,3.0,7433.0,2998.4,2.0,3000.0,0.0,199.0,0.0,0.0,0.0,0.0,3000.0,612.0,639.0,199.2
velocity_+3000,1.3924036000098567,25570.0,198.26,3433.93,19.35,641.0,215.0,1.0,1.0,3.0,9023.0,2913.5,2.0,3000.0,0.0,215.0,0.0,0.0,0.0,0.0,3000.0,655.0,641.0,215.8
velocity_+3000,1.403365300007863,25581.0,228.08,3463.75,19.37,656.0,222.0,1.0,1.0,3.0,10380.0,2856.2,2.0,3000.0,0.0,222.0,0.0,0.0,0.0,0.0,3000.0,685.0,656.0,223.0
velocity_+3000,1.413646900007734,25591.0,261.15,3496.82,19.38,657.0,210.0,1.0,1.0,3.0,11885.0,2909.0,2.0,3000.0,0.0,210.0,0.0,0.0,0.0,0.0,3000.0,660.0,657.0,211.0
velocity_+3000,1.4232418999890797,25601.0,279.84,3515.52,19.32,656.0,199.0,1.0,1.0,3.0,12736.0,2965.9,2.0,3000.0,0.0,199.0,0.0,0.0,0.0,0.0,3000.0,632.0,656.0,199.4
velocity_+3000,1.4330962999956682,25611.0,321.46,3557.13,19.38,615.0,194.0,1.0,1.0,3.0,14630.0,3054.6,2.0,3000.0,0.0,194.0,0.0,0.0,0.0,0.0,3000.0,587.0,615.0,194.6
velocity_+3000,1.4430981999903452,25621.0,355.08,3590.75,19.38,567.0,215.0,1.0,1.0,3.0,16160.0,3047.7,2.0,3000.0,0.0,215.0,0.0,0.0,0.0,0.0,3000.0,590.0,567.0,215.6
velocity_+3000,1.4526205000001937,25630.0,11.93,3607.6,19.38,562.0,222.0,1.0,1.0,3.0,543.0,3024.7,2.0,3000.0,0.0,222.0,0.0,0.0,0.0,0.0,3000.0,601.0,562.0,222.6
velocity_+3000,1.4624265999882482,25640.0,47.24,3642.91,19.4,614.0,218.0,1.0,1.0,3.0,2150.0,2948.3,2.0,3000.0,0.0,218.0,0.0,0.0,0.0,0.0,3000.0,640.0,614.0,218.9
velocity_+3000,1.473329400003422,25651.0,78.42,3674.09,19.38,628.0,219.0,1.0,1.0,3.0,3569.0,2922.9,2.0,3000.0,0.0,219.0,0.0,0.0,0.0,0.0,3000.0,653.0,628.0,219.4
velocity_+3000,1.4833067000145093,25661.0,112.41,3708.08,19.36,641.0,199.0,1.0,1.0,3.0,5116.0,2989.3,2.0,3000.0,0.0,199.0,0.0,0.0,0.0,0.0,3000.0,621.0,641.0,199.7
velocity_+3000,1.4928316000150517,25670.0,130.41,3726.08,19.4,689.0,172.0,1.0,1.0,3.0,5935.0,3025.1,2.0,3000.0,0.0,172.0,0.0,0.0,0.0,0.0,3000.0,602.0,689.0,172.0
velocity_+3000,1.5027240999916103,25680.0,168.13,3763.81,19.38,617.0,207.0,1.0,1.0,3.0,7652.0,3000.3,2.0,3000.0,0.0,207.0,0.0,0.0,0.0,0.0,3000.0,615.0,617.0,207.2
velocity_+3000,1.5138143000076525,25691.0,200.68,3796.35,19.38,611.0,230.0,1.0,1.0,3.0,9133.0,2908.2,2.0,3000.0,0.0,230.0,0.0,0.0,0.0,0.0,3000.0,661.0,611.0,230.8
velocity_+3000,1.5232720999920275,25701.0,216.56,3812.23,19.38,662.0,218.0,1.0,1.0,3.0,9856.0,2868.7,2.0,3000.0,0.0,218.0,0.0,0.0,0.0,0.0,3000.0,682.0,662.0,218.8
velocity_+3000,1.5330880999972578,25710.0,252.91,3848.58,19.38,659.0,218.0,1.0,1.0,3.0,11510.0,2878.3,2.0,3000.0,0.0,218.0,0.0,0.0,0.0,0.0,3000.0,679.0,659.0,218.3
velocity_+3000,1.5430814000137616,25720.0,288.63,3884.3,19.38,692.0,176.0,1.0,1.0,3.0,13136.0,3007.7,2.0,3000.0,0.0,176.0,0.0,0.0,0.0,0.0,3000.0,615.0,692.0,176.0
velocity_+3000,1.552631200000178,25730.0,307.73,3903.4,19.37,605.0,196.0,1.0,1.0,3.0,14005.0,3075.0,2.0,3000.0,0.0,196.0,0.0,0.0,0.0,0.0,3000.0,580.0,605.0,196.1
velocity_+3000,1.5626167000154965,25740.0,347.39,3943.06,19.38,519.0,227.0,1.0,1.0,3.0,15810.0,3089.1,2.0,3000.0,0.0,227.0,0.0,0.0,0.0,0.0,3000.0,572.0,519.0,227.1
velocity_+3000,1.572590499999933,25750.0,19.34,3975.01,19.35,542.0,232.0,1.0,1.0,3.0,880.0,3026.4,2.0,3000.0,0.0,232.0,0.0,0.0,0.0,0.0,3000.0,603.0,542.0,232.1
velocity_+3000,1.5833973000117112,25761.0,49.57,4005.24,19.4,594.0,228.0,1.0,1.0,3.0,2256.0,2947.8,2.0,3000.0,0.0,228.0,0.0,0.0,0.0,0.0,3000.0,643.0,594.0,228.3
velocity_+3000,1.5927772000140976,25770.0,65.3,4020.97,19.4,650.0,214.0,1.0,1.0,3.0,2972.0,2911.9,2.0,3000.0,0.0,214.0,0.0,0.0,0.0,0.0,3000.0,661.0,650.0,214.1
velocity_+3000,1.6027044999937061,25780.0,103.97,4059.65,19.38,667.0,197.0,1.0,1.0,3.0,4732.0,2957.3,2.0,3000.0,0.0,197.0,0.0,0.0,0.0,0.0,3000.0,639.0,667.0,197.4
velocity_+3000,1.6138362000056077,25791.0,141.97,4097.64,19.37,693.0,170.0,1.0,1.0,3.0,6461.0,3028.1,2.0,3000.0,0.0,170.0,0.0,0.0,0.0,0.0,3000.0,604.0,693.0,170.8
velocity_+3000,1.622664900001837,25800.0,159.92,4115.59,19.38,541.0,229.0,1.0,1.0,3.0,7278.0,3040.9,2.0,3000.0,0.0,229.0,0.0,0.0,0.0,0.0,3000.0,597.0,541.0,229.4
velocity_+3000,1.6332438999961596,25811.0,192.79,4148.46,19.37,590.0,226.0,1.0,1.0,3.0,8774.0,2966.5,2.0,3000.0,0.0,226.0,0.0,0.0,0.0,0.0,3000.0,634.0,590.0,226.7
velocity_+3000,1.6435228000045754,25821.0,222.41,4178.08,19.42,668.0,210.0,1.0,1.0,3.0,10122.0,2897.6,2.0,3000.0,0.0,210.0,0.0,0.0,0.0,0.0,3000.0,670.0,668.0,210.7
velocity_+3000,1.653536300000269,25831.0,254.71,4210.38,19.38,688.0,198.0,1.0,1.0,3.0,11592.0,2919.1,2.0,3000.0,0.0,198.0,0.0,0.0,0.0,0.0,3000.0,660.0,688.0,198.6
velocity_+3000,1.6626035000081174,25840.0,273.52,4229.19,19.38,710.0,177.0,1.0,1.0,3.0,12448.0,2978.0,2.0,3000.0,0.0,177.0,0.0,0.0,0.0,0.0,3000.0,631.0,710.0,177.0
velocity_+3000,1.6728884000040125,25850.0,315.59,4271.26,19.38,621.0,190.0,1.0,1.0,3.0,14363.0,3075.3,2.0,3000.0,0.0,190.0,0.0,0.0,0.0,0.0,3000.0,582.0,621.0,190.2
velocity_+3000,1.682897899998352,25860.0,349.69,4305.37,19.38,509.0,234.0,1.0,1.0,3.0,15915.0,3079.5,2.0,3000.0,0.0,234.0,0.0,0.0,0.0,0.0,3000.0,579.0,509.0,234.0
velocity_+3000,1.693417500006035,25871.0,21.05,4336.72,19.37,588.0,217.0,1.0,1.0,3.0,958.0,3009.0,2.0,3000.0,0.0,217.0,0.0,0.0,0.0,0.0,3000.0,613.0,588.0,217.9
velocity_+3000,1.703201900003478,25880.0,36.28,4351.95,19.4,622.0,215.0,1.0,1.0,3.0,1651.0,2957.1,2.0,3000.0,0.0,215.0,0.0,0.0,0.0,0.0,3000.0,640.0,622.0,215.6
velocity_+3000,1.71379710000474,25891.0,77.23,4392.91,19.38,654.0,213.0,1.0,1.0,3.0,3515.0,2915.4,2.0,3000.0,0.0,213.0,0.0,0.0,0.0,0.0,3000.0,662.0,654.0,213.1
velocity_+3000,1.7232552999921609,25901.0,94.88,4410.55,19.38,662.0,207.0,1.0,1.0,3.0,4318.0,2928.7,2.0,3000.0,0.0,207.0,0.0,0.0,0.0,0.0,3000.0,655.0,662.0,207.3
velocity_+3000,1.7330429000139702,25910.0,134.89,4450.56,19.38,656.0,193.0,1.0,1.0,3.0,6139.0,2998.7,2.0,3000.0,0.0,193.0,0.0,0.0,0.0,0.0,3000.0,621.0,656.0,193.8
velocity_+3000,1.7430734999943525,25920.0,167.65,4483.32,19.38,579.0,225.0,1.0,1.0,3.0,7630.0,2994.2,2.0,3000.0,0.0,225.0,0.0,0.0,0.0,0.0,3000.0,623.0,579.0,225.9
velocity_+3000,1.7526247999921907,25930.0,183.36,4499.03,19.37,597.0,226.0,1.0,1.0,3.0,8345.0,2957.4,2.0,3000.0,0.0,226.0,0.0,0.0,0.0,0.0,3000.0,641.0,597.0,227.0
velocity_+3000,1.7624560999975074,25940.0,217.86,4533.53,19.37,687.0,207.0,1.0,1.0,3.0,9915.0,2884.6,2.0,3000.0,0.0,207.0,0.0,0.0,0.0,0.0,3000.0,679.0,687.0,207.6
velocity_+3000,1.7724165999970865,25950.0,249.08,4564.75,19.38,725.0,194.0,1.0,1.0,3.0,11336.0,2877.6,2.0,3000.0,0.0,194.0,0.0,0.0,0.0,0.0,3000.0,684.0,725.0,194.8
velocity_+3000,1.783312300016405,25961.0,284.55,4600.22,19.4,719.0,169.0,1.0,1.0,3.0,12950.0,3000.9,2.0,3000.0,0.0,169.0,0.0,0.0,0.0,0.0,3000.0,623.0,719.0,169.3
velocity_+3000,1.7927225999883376,25970.0,304.17,4619.84,19.4,599.0,201.0,1.0,1.0,3.0,13843.0,3075.0,2.0,3000.0,0.0,201.0,0.0,0.0,0.0,0.0,3000.0,585.0,599.0,201.1
velocity_+3000,1.8026196999999229,25980.0,344.25,4659.92,19.37,513.0,229.0,1.0,1.0,3.0,15667.0,3100.0,2.0,3000.0,0.0,229.0,0.0,0.0,0.0,0.0,3000.0,572.0,513.0,229.6
velocity_+3000,1.8137292999890633,25991.0,18.87,4694.55,19.4,548.0,229.0,1.0,1.0,3.0,859.0,3034.3,2.0,3000.0,0.0,229.0,0.0,0.0,0.0,0.0,3000.0,604.0,548.0,229.6
velocity_+3000,1.8232765000138897,26001.0,34.43,4710.1,19.38,601.0,221.0,1.0,1.0,3.0,1567.0,2975.1,2.0,3000.0,0.0,221.0,0.0,0.0,0.0,0.0,3000.0,634.0,601.0,221.5
velocity_+3000,1.8331074000161607,26011.0,69.85,4745.52,19.37,692.0,198.0,1.0,1.0,3.0,3179.0,2918.0,2.0,3000.0,0.0,198.0,0.0,0.0,0.0,0.0,3000.0,663.0,692.0,199.0
velocity_+3000,1.8431441000138875,26021.0,103.21,4778.88,19.38,723.0,177.0,1.0,1.0,3.0,4697.0,2958.4,2.0,3000.0,0.0,177.0,0.0,0.0,0.0,0.0,3000.0,643.0,723.0,177.7
velocity_+3000,1.8526278999925125,26030.0,122.06,4797.73,19.38,599.0,215.0,1.0,1.0,3.0,5555.0,3014.0,2.0,3000.0,0.0,215.0,0.0,0.0,0.0,0.0,3000.0,615.0,599.0,215.3
velocity_+3000,1.862435099988943,26040.0,161.28,4836.95,19.42,553.0,227.0,1.0,1.0,3.0,7340.0,3037.7,2.0,3000.0,0.0,227.0,0.0,0.0,0.0,0.0,3000.0,603.0,553.0,227.0
velocity_+3000,1.8724124000000302,26050.0,192.19,4867.87,19.38,583.0,231.0,1.0,1.0,3.0,8747.0,2967.5,2.0,3000.0,0.0,231.0,0.0,0.0,0.0,0.0,3000.0,638.0,583.0,231.6
velocity_+3000,1.8833167999982834,26061.0,222.14,4897.81,19.38,666.0,214.0,1.0,1.0,3.0,10110.0,2899.7,2.0,3000.0,0.0,214.0,0.0,0.0,0.0,0.0,3000.0,673.0,666.0,214.3
velocity_+3000,1.8928318000107538,26070.0,237.77,4913.44,19.4,710.0,201.0,1.0,1.0,3.0,10821.0,2877.6,2.0,3000.0,0.0,201.0,0.0,0.0,0.0,0.0,3000.0,685.0,710.0,201.5
velocity_+3000,1.9027654000092298,26080.0,278.46,4954.13,19.38,654.0,198.0,1.0,1.0,3.0,12673.0,2992.1,2.0,3000.0,0.0,198.0,0.0,0.0,0.0,0.0,3000.0,628.0,654.0,199.0
velocity_+3000,1.9138893999916036,26091.0,318.43,4994.1,19.36,635.0,180.0,1.0,1.0,3.0,14492.0,3101.7,2.0,3000.0,0.0,180.0,0.0,0.0,0.0,0.0,3000.0,573.0,635.0,180.8
velocity_+3000,1.9224696999881417,26100.0,334.84,5010.51,19.36,514.0,222.0,1.0,1.0,3.0,15239.0,3131.2,2.0,3000.0,0.0,222.0,0.0,0.0,0.0,0.0,3000.0,557.0,514.0,222.6
velocity_+3000,1.9331926000013482,26111.0,12.79,5048.46,19.49,578.0,206.0,1.0,1.0,3.0,582.0,3080.1,2.0,3000.0,0.0,206.0,0.0,0.0,0.0,0.0,3000.0,582.0,578.0,206.3
velocity_+3000,1.9430271000019275,26120.0,42.41,5078.08,19.38,638.0,206.0,1.0,1.0,3.0,1930.0,2977.5,2.0,3000.0,0.0,206.0,0.0,0.0,0.0,0.0,3000.0,633.0,638.0,206.6
velocity_+3000,1.953014800004894,26130.0,72.75,5108.42,19.38,693.0,199.0,1.0,1.0,3.0,3311.0,2913.6,2.0,3000.0,0.0,199.0,0.0,0.0,0.0,0.0,3000.0,666.0,693.0,199.7
velocity_+3000,1.9625285000074655,26140.0,89.74,5125.41,19.36,741.0,176.0,1.0,1.0,3.0,4084.0,2932.7,2.0,3000.0,0.0,176.0,0.0,0.0,0.0,0.0,3000.0,657.0,741.0,176.9
velocity_+3000,1.9723964000004344,26150.0,129.24,5164.91,19.36,607.0,215.0,1.0,1.0,3.0,5882.0,2998.9,2.0,3000.0,0.0,215.0,0.0,0.0,0.0,0.0,3000.0,624.0,607.0,215.8
velocity_+3000,1.9833545000001322,26161.0,162.6,5198.27,19.38,571.0,226.0,1.0,1.0,3.0,7400.0,3012.1,2.0,3000.0,0.0,226.0,0.0,0.0,0.0,0.0,3000.0,617.0,571.0,226.5
velocity_+3000,1.9933529999980237,26171.0,193.12,5228.79,19.38,608.0,228.0,1.0,1.0,3.0,8789.0,2937.2,2.0,3000.0,0.0,228.0,0.0,0.0,0.0,0.0,3000.0,655.0,608.0,228.9
velocity_+3000,2.002728199993726,26180.0,208.39,5244.06,19.38,676.0,213.0,1.0,1.0,3.0,9484.0,2885.1,2.0,3000.0,0.0,213.0,0.0,0.0,0.0,0.0,3000.0,682.0,676.0,213.5
velocity_+3000,2.0137266000092495,26191.0,249.81,5285.48,19.38,681.0,215.0,1.0,1.0,3.0,11369.0,2872.7,2.0,3000.0,0.0,215.0,0.0,0.0,0.0,0.0,3000.0,690.0,681.0,215.3
velocity_+3000,2.0232541000004858,26201.0,268.68,5304.35,19.37,709.0,189.0,1.0,1.0,3.0,12228.0,2941.0,2.0,3000.0,0.0,189.0,0.0,0.0,0.0,0.0,3000.0,656.0,709.0,189.2
velocity_+3000,2.0331389000057243,26211.0,311.26,5346.94,19.4,561.0,217.0,1.0,1.0,3.0,14166.0,3077.8,2.0,3000.0,0.0,217.0,0.0,0.0,0.0,0.0,3000.0,587.0,561.0,217.1
velocity_+3000,2.0431237000157125,26221.0,346.33,5382.0,19.36,530.0,221.0,1.0,1.0,3.0,15762.0,3114.3,2.0,3000.0,0.0,221.0,0.0,0.0,0.0,0.0,3000.0,567.0,530.0,221.0
velocity_+3000,2.0525636000093073,26230.0,3.45,5399.12,19.36,556.0,215.0,1.0,1.0,3.0,157.0,3087.8,2.0,3000.0,0.0,215.0,0.0,0.0,0.0,0.0,3000.0,580.0,556.0,216.0
velocity_+3000,2.0623772999970242,26240.0,39.35,5435.02,19.37,616.0,211.0,1.0,1.0,3.0,1791.0,3000.9,2.0,3000.0,0.0,211.0,0.0,0.0,0.0,0.0,3000.0,623.0,616.0,211.5
velocity_+3000,2.073337800014997,26251.0,69.94,5465.61,19.38,702.0,192.0,1.0,1.0,3.0,3183.0,2935.9,2.0,3000.0,0.0,192.0,0.0,0.0,0.0,0.0,3000.0,656.0,702.0,192.0
velocity_+3000,2.083307099994272,26261.0,103.23,5498.9,19.38,724.0,176.0,1.0,1.0,3.0,4698.0,2969.3,2.0,3000.0,0.0,176.0,0.0,0.0,0.0,0.0,3000.0,640.0,724.0,176.1
velocity_+3000,2.09278410000843,26270.0,121.53,5517.2,19.4,596.0,215.0,1.0,1.0,3.0,5531.0,3022.5,2.0,3000.0,0.0,215.0,0.0,0.0,0.0,0.0,3000.0,613.0,596.0,215.3
velocity_+3000,2.102684599987697,26280.0,160.42,5556.09,19.38,559.0,225.0,1.0,1.0,3.0,7301.0,3042.0,2.0,3000.0,0.0,225.0,0.0,0.0,0.0,0.0,3000.0,603.0,559.0,225.4
velocity_+3000,2.113787800015416,26291.0,193.93,5589.6,19.38,597.0,227.0,1.0,1.0,3.0,8826.0,2963.3,2.0,3000.0,0.0,227.0,0.0,0.0,0.0,0.0,3000.0,643.0,597.0,228.0
velocity_+3000,2.1232433000113815,26301.0,209.69,5605.36,19.38,656.0,216.0,1.0,1.0,3.0,9543.0,2909.4,2.0,3000.0,0.0,216.0,0.0,0.0,0.0,0.0,3000.0,670.0,656.0,216.8
velocity_+3000,2.1330726000014693,26310.0,245.46,5641.13,19.38,714.0,200.0,1.0,1.0,3.0,11171.0,2882.3,2.0,3000.0,0.0,200.0,0.0,0.0,0.0,0.0,3000.0,685.0,714.0,200.5
velocity_+3000,2.143078599998262,26320.0,280.99,5676.66,19.4,691.0,182.0,1.0,1.0,3.0,12788.0,3002.7,2.0,3000.0,0.0,182.0,0.0,0.0,0.0,0.0,3000.0,625.0,691.0,182.3
velocity_+3000,2.1526295999938156,26330.0,300.37,5696.04,19.37,583.0,208.0,1.0,1.0,3.0,13670.0,3079.3,2.0,3000.0,0.0,208.0,0.0,0.0,0.0,0.0,3000.0,587.0,583.0,208.3
velocity_+3000,2.162585300015053,26340.0,340.88,5736.56,19.38,511.0,226.0,1.0,1.0,3.0,15514.0,3121.1,2.0,3000.0,0.0,226.0,0.0,0.0,0.0,0.0,3000.0,564.0,511.0,226.9
velocity_+3000,2.172537500009639,26350.0,13.4,5769.07,19.38,579.0,211.0,1.0,1.0,3.0,610.0,3065.3,2.0,3000.0,0.0,211.0,0.0,0.0,0.0,0.0,3000.0,591.0,579.0,211.9
velocity_+3000,2.1833563999971375,26361.0,43.59,5799.27,19.38,649.0,204.0,1.0,1.0,3.0,1984.0,2972.5,2.0,3000.0,0.0,204.0,0.0,0.0,0.0,0.0,3000.0,638.0,649.0,204.8
velocity_+3000,2.192791200010106,26370.0,59.22,5814.89,19.38,696.0,196.0,1.0,1.0,3.0,2695.0,2927.8,2.0,3000.0,0.0,196.0,0.0,0.0,0.0,0.0,3000.0,661.0,696.0,196.7
velocity_+3000,2.202694000006886,26380.0,96.94,5852.61,19.38,707.0,189.0,1.0,1.0,3.0,4412.0,2943.1,2.0,3000.0,0.0,189.0,0.0,0.0,0.0,0.0,3000.0,654.0,707.0,189.7
velocity_+3000,2.2137972000055015,26391.0,134.87,5890.54,19.38,620.0,206.0,1.0,1.0,3.0,6138.0,3021.5,2.0,3000.0,0.0,206.0,0.0,0.0,0.0,0.0,3000.0,615.0,620.0,206.4
velocity_+3000,2.2224441000143997,26400.0,153.04,5908.71,19.37,584.0,215.0,1.0,1.0,3.0,6965.0,3042.1,2.0,3000.0,0.0,215.0,0.0,0.0,0.0,0.0,3000.0,604.0,584.0,215.8
velocity_+3000,2.2332034000137355,26411.0,186.64,5942.31,19.38,620.0,215.0,1.0,1.0,3.0,8494.0,2982.7,2.0,3000.0,0.0,215.0,0.0,0.0,0.0,0.0,3000.0,634.0,620.0,215.0
velocity_+3000,2.2430727999890223,26421.0,215.86,5971.53,19.38,687.0,209.0,1.0,1.0,3.0,9824.0,2893.1,2.0,3000.0,0.0,209.0,0.0,0.0,0.0,0.0,3000.0,679.0,687.0,209.1
velocity_+3000,2.2530993999971543,26431.0,246.88,6002.56,19.37,724.0,199.0,1.0,1.0,3.0,11236.0,2873.2,2.0,3000.0,0.0,199.0,0.0,0.0,0.0,0.0,3000.0,691.0,724.0,199.5
velocity_+3000,2.2625924999883864,26440.0,265.65,6021.32,19.37,637.0,219.0,1.0,1.0,3.0,12090.0,2939.7,2.0,3000.0,0.0,219.0,0.0,0.0,0.0,0.0,3000.0,658.0,637.0,219.7
velocity_+3000,2.272425500006648,26450.0,308.69,6064.37,19.37,530.0,228.0,1.0,1.0,3.0,14049.0,3086.9,2.0,3000.0,0.0,228.0,0.0,0.0,0.0,0.0,3000.0,584.0,530.0,228.6
velocity_+3000,2.282456499990076,26460.0,344.31,6099.98,19.42,502.0,226.0,1.0,1.0,3.0,15670.0,3138.7,2.0,3000.0,0.0,226.0,0.0,0.0,0.0,0.0,3000.0,557.0,502.0,226.7
velocity_+3000,2.2933505999972112,26471.0,16.92,6132.59,19.4,550.0,218.0,1.0,1.0,3.0,770.0,3086.6,2.0,3000.0,0.0,218.0,0.0,0.0,0.0,0.0,3000.0,581.0,550.0,218.9
velocity_+3000,2.302872500004014,26480.0,32.28,6147.95,19.38,588.0,218.0,1.0,1.0,3.0,1469.0,3023.6,2.0,3000.0,0.0,218.0,0.0,0.0,0.0,0.0,3000.0,613.0,588.0,218.2
velocity_+3000,2.3137919000000693,26491.0,73.81,6189.48,19.37,644.0,208.0,1.0,1.0,3.0,3359.0,2969.8,2.0,3000.0,0.0,208.0,0.0,0.0,0.0,0.0,3000.0,640.0,644.0,208.5
velocity_+3000,2.323223599989433,26501.0,91.91,6207.58,19.37,715.0,176.0,1.0,1.0,3.0,4183.0,2987.5,2.0,3000.0,0.0,176.0,0.0,0.0,0.0,0.0,3000.0,631.0,715.0,176.1
velocity_+3000,2.3330379000108223,26511.0,132.28,6247.95,19.42,575.0,217.0,1.0,1.0,3.0,6020.0,3049.3,2.0,3000.0,0.0,217.0,0.0,0.0,0.0,0.0,3000.0,600.0,575.0,217.9
velocity_+3000,2.343028900009813,26520.0,165.65,6281.32,19.38,548.0,228.0,1.0,1.0,3.0,7539.0,3048.3,2.0,3000.0,0.0,228.0,0.0,0.0,0.0,0.0,3000.0,600.0,548.0,229.0
velocity_+3000,2.352587700006552,26530.0,181.41,6297.08,19.4,589.0,222.0,1.0,1.0,3.0,8256.0,3003.5,2.0,3000.0,0.0,222.0,0.0,0.0,0.0,0.0,3000.0,622.0,589.0,222.1
velocity_+3000,2.36239610001212,26540.0,216.21,6331.88,19.38,693.0,199.0,1.0,1.0,3.0,9840.0,2922.1,2.0,3000.0,0.0,199.0,0.0,0.0,0.0,0.0,3000.0,664.0,693.0,199.6
velocity_+3000,2.372393600002397,26550.0,247.21,6362.89,19.32,701.0,204.0,1.0,1.0,3.0,11251.0,2894.1,2.0,3000.0,0.0,204.0,0.0,0.0,0.0,0.0,3000.0,679.0,701.0,204.0
velocity_+3000,2.383250999992015,26561.0,282.55,6398.22,19.38,701.0,177.0,1.0,1.0,3.0,12859.0,3008.4,2.0,3000.0,0.0,177.0,0.0,0.0,0.0,0.0,3000.0,622.0,701.0,177.4
velocity_+3000,2.3927000999974553,26570.0,302.23,6417.91,19.38,597.0,202.0,1.0,1.0,3.0,13755.0,3083.1,2.0,3000.0,0.0,202.0,0.0,0.0,0.0,0.0,3000.0,584.0,597.0,202.1
velocity_+3000,2.4026238000078592,26580.0,342.69,6458.36,19.4,541.0,215.0,1.0,1.0,3.0,15596.0,3115.9,2.0,3000.0,0.0,215.0,0.0,0.0,0.0,0.0,3000.0,566.0,541.0,215.9
velocity_+3000,2.413697100011632,26591.0,17.53,6493.21,19.38,551.0,226.0,1.0,1.0,3.0,798.0,3051.6,2.0,3000.0,0.0,226.0,0.0,0.0,0.0,0.0,3000.0,598.0,551.0,226.7
velocity_+3000,2.4232668000040576,26601.0,33.18,6508.85,19.38,622.0,211.0,1.0,1.0,3.0,1510.0,2991.0,2.0,3000.0,0.0,211.0,0.0,0.0,0.0,0.0,3000.0,628.0,622.0,211.5
velocity_+3000,2.433065799996257,26611.0,68.73,6544.4,19.36,702.0,194.0,1.0,1.0,3.0,3128.0,2930.2,2.0,3000.0,0.0,194.0,0.0,0.0,0.0,0.0,3000.0,659.0,702.0,194.4
velocity_+3000,2.4430949999950826,26621.0,102.06,6577.73,19.4,738.0,171.0,1.0,1.0,3.0,4645.0,2966.0,2.0,3000.0,0.0,171.0,0.0,0.0,0.0,0.0,3000.0,642.0,738.0,171.5
velocity_+3000,2.452532600000268,26630.0,120.92,6596.59,19.4,610.0,210.0,1.0,1.0,3.0,5503.0,3020.6,2.0,3000.0,0.0,210.0,0.0,0.0,0.0,0.0,3000.0,614.0,610.0,210.9
velocity_+3000,2.4623996000154875,26640.0,160.18,6635.85,19.37,551.0,229.0,1.0,1.0,3.0,7290.0,3041.7,2.0,3000.0,0.0,229.0,0.0,0.0,0.0,0.0,3000.0,603.0,551.0,229.5
velocity_+3000,2.472401400009403,26650.0,190.96,6666.64,19.37,615.0,220.0,1.0,1.0,3.0,8691.0,2967.0,2.0,3000.0,0.0,220.0,0.0,0.0,0.0,0.0,3000.0,641.0,615.0,220.7
velocity_+3000,2.483304599998519,26661.0,220.61,6696.28,19.37,690.0,208.0,1.0,1.0,3.0,10040.0,2888.2,2.0,3000.0,0.0,208.0,0.0,0.0,0.0,0.0,3000.0,681.0,690.0,208.9
velocity_+3000,2.492822200001683,26670.0,236.07,6711.75,19.38,704.0,209.0,1.0,1.0,3.0,10744.0,2862.6,2.0,3000.0,0.0,209.0,0.0,0.0,0.0,0.0,3000.0,695.0,704.0,209.3
velocity_+3000,2.5027633999998216,26680.0,276.13,6751.8,19.38,653.0,206.0,1.0,1.0,3.0,12567.0,2968.9,2.0,3000.0,0.0,206.0,0.0,0.0,0.0,0.0,3000.0,642.0,653.0,206.3
velocity_+3000,2.513909200002672,26691.0,316.41,6792.08,19.38,582.0,205.0,1.0,1.0,3.0,14400.0,3093.0,2.0,3000.0,0.0,205.0,0.0,0.0,0.0,0.0,3000.0,580.0,582.0,205.6
velocity_+3000,2.5228384000074584,26700.0,332.8,6808.47,19.38,527.0,220.0,1.0,1.0,3.0,15146.0,3122.4,2.0,3000.0,0.0,220.0,0.0,0.0,0.0,0.0,3000.0,564.0,527.0,220.8
velocity_+3000,2.533566099999007,26711.0,11.25,6846.92,19.36,519.0,231.0,1.0,1.0,3.0,512.0,3086.0,2.0,3000.0,0.0,231.0,0.0,0.0,0.0,0.0,3000.0,581.0,519.0,231.4
velocity_+3000,2.543050400010543,26721.0,41.24,6876.91,19.38,635.0,206.0,1.0,1.0,3.0,1877.0,2991.9,2.0,3000.0,0.0,206.0,0.0,0.0,0.0,0.0,3000.0,628.0,635.0,206.1
velocity_+3000,2.5530017999990378,26730.0,72.03,6907.7,19.38,696.0,194.0,1.0,1.0,3.0,3278.0,2938.1,2.0,3000.0,0.0,194.0,0.0,0.0,0.0,0.0,3000.0,656.0,696.0,194.1
velocity_+3000,2.5625349000038113,26740.0,89.21,6924.88,19.42,736.0,173.0,1.0,1.0,3.0,4060.0,2958.5,2.0,3000.0,0.0,173.0,0.0,0.0,0.0,0.0,3000.0,646.0,736.0,173.5
velocity_+3000,2.5723584000079427,26750.0,129.02,6964.69,19.11,602.0,215.0,1.0,1.0,3.0,5872.0,3025.3,2.0,3000.0,0.0,215.0,0.0,0.0,0.0,0.0,3000.0,612.0,602.0,215.9
velocity_+3000,2.5833417999965604,26761.0,162.55,6998.23,19.35,575.0,220.0,1.0,1.0,3.0,7398.0,3036.1,2.0,3000.0,0.0,220.0,0.0,0.0,0.0,0.0,3000.0,606.0,575.0,220.9
velocity_+3000,2.5933055999921635,26771.0,193.16,7028.83,19.37,620.0,220.0,1.0,1.0,3.0,8791.0,2956.9,2.0,3000.0,0.0,220.0,0.0,0.0,0.0,0.0,3000.0,646.0,620.0,220.2
velocity_+3000,2.6027278999972623,26780.0,208.45,7044.13,19.37,669.0,213.0,1.0,1.0,3.0,9487.0,2901.7,2.0,3000.0,0.0,213.0,0.0,0.0,0.0,0.0,3000.0,674.0,669.0,213.5
velocity_+3000,2.613691900012782,26791.0,249.94,7085.61,19.36,688.0,210.0,1.0,1.0,3.0,11375.0,2884.2,2.0,3000.0,0.0,210.0,0.0,0.0,0.0,0.0,3000.0,685.0,688.0,210.7
velocity_+3000,2.6233035000041127,26801.0,268.66,7104.33,19.38,683.0,199.0,1.0,1.0,3.0,12227.0,2945.3,2.0,3000.0,0.0,199.0,0.0,0.0,0.0,0.0,3000.0,655.0,683.0,199.1
velocity_+3000,2.6336401000153273,26811.0,311.09,7146.76,19.37,573.0,213.0,1.0,1.0,3.0,14158.0,3075.1,2.0,3000.0,0.0,213.0,0.0,0.0,0.0,0.0,3000.0,589.0,573.0,213.6
velocity_+3000,2.6435827999957837,26821.0,346.29,7181.96,19.38,517.0,226.0,1.0,1.0,3.0,15760.0,3112.1,2.0,3000.0,0.0,226.0,0.0,0.0,0.0,0.0,3000.0,570.0,517.0,226.7
velocity_+3000,2.652598399989074,26830.0,3.36,7199.03,19.38,552.0,218.0,1.0,1.0,3.0,153.0,3084.2,2.0,3000.0,0.0,218.0,0.0,0.0,0.0,0.0,3000.0,583.0,552.0,218.2
velocity_+3000,2.6624400000146125,26840.0,39.2,7234.87,19.38,638.0,203.0,1.0,1.0,3.0,1784.0,2997.2,2.0,3000.0,0.0,203.0,0.0,0.0,0.0,0.0,3000.0,626.0,638.0,203.6
velocity_+3000,2.672890699992422,26850.0,69.79,7265.46,19.36,697.0,195.0,1.0,1.0,3.0,3176.0,2931.0,2.0,3000.0,0.0,195.0,0.0,0.0,0.0,0.0,3000.0,660.0,697.0,195.7
velocity_+3000,2.683375900000101,26861.0,102.96,7298.64,19.36,728.0,175.0,1.0,1.0,3.0,4686.0,2966.1,2.0,3000.0,0.0,175.0,0.0,0.0,0.0,0.0,3000.0,643.0,728.0,175.9
velocity_+3000,2.692936700012069,26870.0,121.4,7317.07,19.37,610.0,211.0,1.0,1.0,3.0,5525.0,3021.0,2.0,3000.0,0.0,211.0,0.0,0.0,0.0,0.0,3000.0,615.0,610.0,211.0
velocity_+3000,2.7028690000006463,26880.0,160.55,7356.23,19.38,561.0,224.0,1.0,1.0,3.0,7307.0,3043.3,2.0,3000.0,0.0,224.0,0.0,0.0,0.0,0.0,3000.0,604.0,561.0,224.6
velocity_+3000,2.7140030000009574,26891.0,194.08,7389.76,19.42,610.0,222.0,1.0,1.0,3.0,8833.0,2962.7,2.0,3000.0,0.0,222.0,0.0,0.0,0.0,0.0,3000.0,644.0,610.0,222.7
velocity_+3000,2.722582999995211,26900.0,209.82,7405.49,19.42,690.0,203.0,1.0,1.0,3.0,9549.0,2907.5,2.0,3000.0,0.0,203.0,0.0,0.0,0.0,0.0,3000.0,672.0,690.0,203.8
velocity_+3000,2.732400500011863,26910.0,242.73,7438.4,19.37,738.0,194.0,1.0,1.0,3.0,11047.0,2867.4,2.0,3000.0,0.0,194.0,0.0,0.0,0.0,0.0,3000.0,694.0,738.0,194.7
velocity_+3000,2.742442699993262,26920.0,278.02,7473.69,19.59,677.0,191.0,1.0,1.0,3.0,12653.0,2980.0,2.0,3000.0,0.0,191.0,0.0,0.0,0.0,0.0,3000.0,638.0,677.0,191.8
velocity_+3000,2.753848599997582,26931.0,314.38,7510.06,19.37,572.0,210.0,1.0,1.0,3.0,14308.0,3089.3,2.0,3000.0,0.0,210.0,0.0,0.0,0.0,0.0,3000.0,583.0,572.0,210.8
velocity_+3000,2.7629381000006106,26940.0,332.6,7528.27,19.36,539.0,218.0,1.0,1.0,3.0,15137.0,3112.2,2.0,3000.0,0.0,218.0,0.0,0.0,0.0,0.0,3000.0,571.0,539.0,218.7
velocity_+3000,2.772861200006446,26950.0,10.72,7566.39,19.38,578.0,211.0,1.0,1.0,3.0,488.0,3072.1,2.0,3000.0,0.0,211.0,0.0,0.0,0.0,0.0,3000.0,590.0,578.0,211.1
velocity_+3000,2.7828894999984186,26960.0,41.26,7596.94,19.38,630.0,212.0,1.0,1.0,3.0,1878.0,2975.4,2.0,3000.0,0.0,212.0,0.0,0.0,0.0,0.0,3000.0,638.0,630.0,212.2
velocity_+3000,2.793793499993626,26971.0,71.72,7627.39,19.4,682.0,205.0,1.0,1.0,3.0,3264.0,2916.4,2.0,3000.0,0.0,205.0,0.0,0.0,0.0,0.0,3000.0,668.0,682.0,205.1
velocity_+3000,2.8032537999970373,26981.0,89.23,7644.9,19.4,728.0,181.0,1.0,1.0,3.0,4061.0,2938.8,2.0,3000.0,0.0,181.0,0.0,0.0,0.0,0.0,3000.0,657.0,728.0,181.8
velocity_+3000,2.81323080000584,26991.0,132.23,7687.9,19.37,592.0,220.0,1.0,1.0,3.0,6018.0,3011.4,2.0,3000.0,0.0,220.0,0.0,0.0,0.0,0.0,3000.0,621.0,592.0,220.7
velocity_+3000,2.8227257000107784,27000.0,150.27,7705.94,19.42,587.0,217.0,1.0,1.0,3.0,6839.0,3028.4,2.0,3000.0,0.0,217.0,0.0,0.0,0.0,0.0,3000.0,613.0,587.0,217.4
velocity_+3000,2.8326487000158522,27010.0,186.53,7742.2,19.38,631.0,212.0,1.0,1.0,3.0,8489.0,2973.5,2.0,3000.0,0.0,212.0,0.0,0.0,0.0,0.0,3000.0,640.0,631.0,212.6
velocity_+3000,2.842624799988698,27020.0,216.17,7771.84,19.38,684.0,212.0,1.0,1.0,3.0,9838.0,2884.4,2.0,3000.0,0.0,212.0,0.0,0.0,0.0,0.0,3000.0,686.0,684.0,212.0
velocity_+3000,2.853597700013779,27031.0,246.95,7802.62,19.38,747.0,192.0,1.0,1.0,3.0,11239.0,2862.4,2.0,3000.0,0.0,192.0,0.0,0.0,0.0,0.0,3000.0,698.0,747.0,192.4
velocity_+3000,2.863024399994174,27040.0,265.45,7821.12,19.38,655.0,215.0,1.0,1.0,3.0,12081.0,2926.3,2.0,3000.0,0.0,215.0,0.0,0.0,0.0,0.0,3000.0,667.0,655.0,215.5
velocity_+3000,2.8729094000009354,27050.0,307.97,7863.64,19.38,528.0,234.0,1.0,1.0,3.0,14016.0,3066.6,2.0,3000.0,0.0,234.0,0.0,0.0,0.0,0.0,3000.0,596.0,528.0,234.0
velocity_+3000,2.882945399993332,27060.0,343.34,7899.02,19.42,546.0,214.0,1.0,1.0,3.0,15626.0,3116.2,2.0,3000.0,0.0,214.0,0.0,0.0,0.0,0.0,3000.0,570.0,546.0,214.1
velocity_+3000,2.8923979999963194,27070.0,0.09,7915.76,19.37,584.0,205.0,1.0,1.0,3.0,4.0,3088.6,2.0,3000.0,0.0,205.0,0.0,0.0,0.0,0.0,3000.0,584.0,584.0,205.8
velocity_+3000,2.903232000011485,27081.0,35.68,7951.35,19.38,665.0,194.0,1.0,1.0,3.0,1624.0,2996.9,2.0,3000.0,0.0,194.0,0.0,0.0,0.0,0.0,3000.0,629.0,665.0,194.0
velocity_+3000,2.912177199992584,27090.0,51.33,7967.0,19.38,665.0,202.0,1.0,1.0,3.0,2336.0,2964.6,2.0,3000.0,0.0,202.0,0.0,0.0,0.0,0.0,3000.0,645.0,665.0,202.3
velocity_+3000,2.9228895000123885,27100.0,92.94,8008.62,19.4,648.0,211.0,1.0,1.0,3.0,4230.0,2956.5,2.0,3000.0,0.0,211.0,0.0,0.0,0.0,0.0,3000.0,650.0,648.0,211.2
velocity_+3000,2.932797199988272,27110.0,127.51,8043.18,19.38,574.0,221.0,1.0,1.0,3.0,5803.0,3040.2,2.0,3000.0,0.0,221.0,0.0,0.0,0.0,0.0,3000.0,608.0,574.0,221.7
velocity_+3000,2.942794300004607,27120.0,161.67,8077.35,19.36,558.0,222.0,1.0,1.0,3.0,7358.0,3064.2,2.0,3000.0,0.0,222.0,0.0,0.0,0.0,0.0,3000.0,596.0,558.0,222.2
velocity_+3000,2.952375099994242,27130.0,177.5,8093.17,19.38,590.0,220.0,1.0,1.0,3.0,8078.0,3015.0,2.0,3000.0,0.0,220.0,0.0,0.0,0.0,0.0,3000.0,620.0,590.0,220.1
velocity_+3000,2.9631782000069506,27141.0,212.52,8128.19,19.37,693.0,198.0,1.0,1.0,3.0,9672.0,2928.7,2.0,3000.0,0.0,198.0,0.0,0.0,0.0,0.0,3000.0,664.0,693.0,199.0
velocity_+3000,2.9730949999939185,27151.0,242.8,8158.47,19.4,723.0,197.0,1.0,1.0,3.0,11050.0,2886.0,2.0,3000.0,0.0,197.0,0.0,0.0,0.0,0.0,3000.0,686.0,723.0,197.2
velocity_+3000,2.9830850000143982,27161.0,278.24,8193.91,19.38,642.0,205.0,1.0,1.0,3.0,12663.0,2996.3,2.0,3000.0,0.0,205.0,0.0,0.0,0.0,0.0,3000.0,631.0,642.0,205.2
velocity_+3000,2.9925919999950565,27170.0,298.08,8213.75,19.38,560.0,219.0,1.0,1.0,3.0,13566.0,3074.5,2.0,3000.0,0.0,219.0,0.0,0.0,0.0,0.0,3000.0,592.0,560.0,219.5
velocity_+3000,3.0024495999969076,27180.0,339.59,8255.26,19.38,508.0,225.0,1.0,1.0,3.0,15455.0,3136.1,2.0,3000.0,0.0,225.0,0.0,0.0,0.0,0.0,3000.0,560.0,508.0,225.1
velocity_+3000,3.013627800013637,27191.0,15.31,8290.99,19.38,549.0,219.0,1.0,1.0,3.0,697.0,3085.5,2.0,3000.0,0.0,219.0,0.0,0.0,0.0,0.0,3000.0,584.0,549.0,219.9
velocity_+3000,3.02310980000766,27201.0,31.09,8306.76,19.38,591.0,217.0,1.0,1.0,3.0,1415.0,3023.4,2.0,3000.0,0.0,217.0,0.0,0.0,0.0,0.0,3000.0,615.0,591.0,217.2
velocity_+3000,3.032980999996653,27210.0,66.97,8342.64,19.37,672.0,200.0,1.0,1.0,3.0,3048.0,2958.4,2.0,3000.0,0.0,200.0,0.0,0.0,0.0,0.0,3000.0,647.0,672.0,200.4
velocity_+3000,3.043011600006139,27220.0,100.68,8376.35,19.38,705.0,178.0,1.0,1.0,3.0,4582.0,2994.2,2.0,3000.0,0.0,178.0,0.0,0.0,0.0,0.0,3000.0,630.0,705.0,179.0
velocity_+3000,3.052452200005064,27230.0,119.75,8395.42,19.38,596.0,210.0,1.0,1.0,3.0,5450.0,3050.5,2.0,3000.0,0.0,210.0,0.0,0.0,0.0,0.0,3000.0,601.0,596.0,210.3
velocity_+3000,3.063273300009314,27241.0,159.65,8435.32,19.38,570.0,213.0,1.0,1.0,3.0,7266.0,3077.1,2.0,3000.0,0.0,213.0,0.0,0.0,0.0,0.0,3000.0,587.0,570.0,213.8
velocity_+3000,3.0730876000015996,27251.0,190.13,8465.8,19.36,590.0,223.0,1.0,1.0,3.0,8653.0,2999.0,2.0,3000.0,0.0,223.0,0.0,0.0,0.0,0.0,3000.0,626.0,590.0,223.4
velocity_+3000,3.083045300008962,27261.0,219.97,8495.64,19.38,660.0,214.0,1.0,1.0,3.0,10011.0,2914.6,2.0,3000.0,0.0,214.0,0.0,0.0,0.0,0.0,3000.0,669.0,660.0,214.5
velocity_+3000,3.0926200000103563,27270.0,235.59,8511.26,19.37,701.0,204.0,1.0,1.0,3.0,10722.0,2888.2,2.0,3000.0,0.0,204.0,0.0,0.0,0.0,0.0,3000.0,683.0,701.0,204.6
velocity_+3000,3.1025640000007115,27280.0,275.62,8551.3,19.35,614.0,217.0,1.0,1.0,3.0,12544.0,2985.3,2.0,3000.0,0.0,217.0,0.0,0.0,0.0,0.0,3000.0,635.0,614.0,218.0
velocity_+3000,3.113688799989177,27291.0,316.1,8591.77,19.38,600.0,194.0,1.0,1.0,3.0,14386.0,3106.0,2.0,3000.0,0.0,194.0,0.0,0.0,0.0,0.0,3000.0,574.0,600.0,194.9
velocity_+3000,3.123140500014415,27301.0,335.48,8611.15,19.38,514.0,222.0,1.0,1.0,3.0,15268.0,3135.7,2.0,3000.0,0.0,222.0,0.0,0.0,0.0,0.0,3000.0,558.0,514.0,222.2
velocity_+3000,3.132943900011014,27310.0,13.56,8649.23,19.38,560.0,213.0,1.0,1.0,3.0,617.0,3088.0,2.0,3000.0,0.0,213.0,0.0,0.0,0.0,0.0,3000.0,580.0,560.0,213.5
velocity_+3000,3.142944399995031,27320.0,43.97,8679.64,19.38,615.0,213.0,1.0,1.0,3.0,2001.0,2991.1,2.0,3000.0,0.0,213.0,0.0,0.0,0.0,0.0,3000.0,629.0,615.0,213.3
velocity_+3000,3.1524463999958243,27330.0,59.28,8694.95,19.38,656.0,207.0,1.0,1.0,3.0,2698.0,2944.5,2.0,3000.0,0.0,207.0,0.0,0.0,0.0,0.0,3000.0,652.0,656.0,207.6
velocity_+3000,3.1632267000095453,27341.0,96.88,8732.55,19.42,716.0,180.0,1.0,1.0,3.0,4409.0,2959.7,2.0,3000.0,0.0,180.0,0.0,0.0,0.0,0.0,3000.0,645.0,716.0,180.1
velocity_+3000,3.173052900005132,27351.0,131.35,8767.02,19.38,594.0,212.0,1.0,1.0,3.0,5978.0,3034.4,2.0,3000.0,0.0,212.0,0.0,0.0,0.0,0.0,3000.0,608.0,594.0,212.8
velocity_+3000,3.1830483000085223,27361.0,164.84,8800.51,19.38,556.0,226.0,1.0,1.0,3.0,7502.0,3037.1,2.0,3000.0,0.0,226.0,0.0,0.0,0.0,0.0,3000.0,606.0,556.0,226.8
velocity_+3000,3.192535400012275,27370.0,180.81,8816.48,19.38,588.0,224.0,1.0,1.0,3.0,8229.0,2990.4,2.0,3000.0,0.0,224.0,0.0,0.0,0.0,0.0,3000.0,629.0,588.0,224.4
velocity_+3000,3.202391400001943,27380.0,215.79,8851.46,19.42,675.0,208.0,1.0,1.0,3.0,9821.0,2908.0,2.0,3000.0,0.0,208.0,0.0,0.0,0.0,0.0,3000.0,672.0,675.0,208.3
velocity_+3000,3.2136012999981176,27391.0,249.94,8885.61,19.37,688.0,207.0,1.0,1.0,3.0,11375.0,2891.9,2.0,3000.0,0.0,207.0,0.0,0.0,0.0,0.0,3000.0,681.0,688.0,207.9
velocity_+3000,3.223118699999759,27401.0,268.68,8904.35,19.35,696.0,191.0,1.0,1.0,3.0,12228.0,2952.9,2.0,3000.0,0.0,191.0,0.0,0.0,0.0,0.0,3000.0,651.0,696.0,191.6
velocity_+3000,3.233027900016168,27411.0,311.13,8946.8,19.37,593.0,203.0,1.0,1.0,3.0,14160.0,3079.9,2.0,3000.0,0.0,203.0,0.0,0.0,0.0,0.0,3000.0,587.0,593.0,203.1
velocity_+3000,3.2430778999987524,27421.0,346.09,8981.76,19.4,545.0,214.0,1.0,1.0,3.0,15751.0,3110.5,2.0,3000.0,0.0,214.0,0.0,0.0,0.0,0.0,3000.0,570.0,545.0,214.7
velocity_+3000,3.2524549000081606,27430.0,3.08,8998.75,19.4,556.0,216.0,1.0,1.0,3.0,140.0,3079.5,2.0,3000.0,0.0,216.0,0.0,0.0,0.0,0.0,3000.0,585.0,556.0,216.8
velocity_+3000,3.2623197000066284,27440.0,38.69,9034.36,19.38,629.0,209.0,1.0,1.0,3.0,1761.0,2986.5,2.0,3000.0,0.0,209.0,0.0,0.0,0.0,0.0,3000.0,631.0,629.0,209.1
velocity_+3000,3.273251500009792,27451.0,68.99,9064.67,19.42,691.0,199.0,1.0,1.0,3.0,3140.0,2918.1,2.0,3000.0,0.0,199.0,0.0,0.0,0.0,0.0,3000.0,666.0,691.0,199.6
velocity_+3000,3.2832169999892358,27461.0,102.04,9097.71,19.37,725.0,179.0,1.0,1.0,3.0,4644.0,2952.0,2.0,3000.0,0.0,179.0,0.0,0.0,0.0,0.0,3000.0,650.0,725.0,179.4
velocity_+3000,3.292720700002974,27470.0,120.43,9116.1,19.38,633.0,203.0,1.0,1.0,3.0,5481.0,3008.1,2.0,3000.0,0.0,203.0,0.0,0.0,0.0,0.0,3000.0,622.0,633.0,203.8
velocity_+3000,3.3026249000104144,27480.0,159.43,9155.11,19.38,577.0,219.0,1.0,1.0,3.0,7256.0,3034.1,2.0,3000.0,0.0,219.0,0.0,0.0,0.0,0.0,3000.0,609.0,577.0,219.6
velocity_+3000,3.3137386000016704,27491.0,192.81,9188.48,19.36,623.0,219.0,1.0,1.0,3.0,8775.0,2955.4,2.0,3000.0,0.0,219.0,0.0,0.0,0.0,0.0,3000.0,648.0,623.0,219.6
velocity_+3000,3.323156200000085,27501.0,208.48,9204.15,19.36,686.0,206.0,1.0,1.0,3.0,9488.0,2901.0,2.0,3000.0,0.0,206.0,0.0,0.0,0.0,0.0,3000.0,676.0,686.0,206.9
velocity_+3000,3.3329973999934737,27510.0,243.96,9239.63,19.38,717.0,202.0,1.0,1.0,3.0,11103.0,2866.6,2.0,3000.0,0.0,202.0,0.0,0.0,0.0,0.0,3000.0,695.0,717.0,202.7
velocity_+3000,3.3429867000086233,27520.0,279.34,9275.01,19.36,683.0,189.0,1.0,1.0,3.0,12713.0,2987.7,2.0,3000.0,0.0,189.0,0.0,0.0,0.0,0.0,3000.0,635.0,683.0,189.8
velocity_+3000,3.3525805000099353,27530.0,298.67,9294.35,19.38,548.0,224.0,1.0,1.0,3.0,13593.0,3069.2,2.0,3000.0,0.0,224.0,0.0,0.0,0.0,0.0,3000.0,594.0,548.0,224.8
velocity_+3000,3.362456100003328,27540.0,339.79,9335.46,19.37,499.0,229.0,1.0,1.0,3.0,15464.0,3128.9,2.0,3000.0,0.0,229.0,0.0,0.0,0.0,0.0,3000.0,562.0,499.0,230.0
velocity_+3000,3.3723794000106864,27550.0,12.68,9368.35,19.36,553.0,218.0,1.0,1.0,3.0,577.0,3084.3,2.0,3000.0,0.0,218.0,0.0,0.0,0.0,0.0,3000.0,584.0,553.0,218.4
velocity_+3000,3.3832412000047043,27561.0,43.26,9398.94,19.36,629.0,207.0,1.0,1.0,3.0,1969.0,2999.3,2.0,3000.0,0.0,207.0,0.0,0.0,0.0,0.0,3000.0,626.0,629.0,207.2
velocity_+3000,3.3926386999955866,27570.0,59.08,9414.76,19.36,677.0,197.0,1.0,1.0,3.0,2689.0,2958.1,2.0,3000.0,0.0,197.0,0.0,0.0,0.0,0.0,3000.0,647.0,677.0,197.4
velocity_+3000,3.402519499999471,27580.0,97.23,9452.9,19.38,698.0,185.0,1.0,1.0,3.0,4425.0,2974.5,2.0,3000.0,0.0,185.0,0.0,0.0,0.0,0.0,3000.0,639.0,698.0,185.7
velocity_+3000,3.4136283000116237,27591.0,135.42,9491.09,19.38,610.0,203.0,1.0,1.0,3.0,6163.0,3049.2,2.0,3000.0,0.0,203.0,0.0,0.0,0.0,0.0,3000.0,601.0,610.0,203.8
velocity_+3000,3.4231741999974474,27601.0,153.68,9509.35,19.38,548.0,224.0,1.0,1.0,3.0,6994.0,3068.3,2.0,3000.0,0.0,224.0,0.0,0.0,0.0,0.0,3000.0,591.0,548.0,224.0
velocity_+3000,3.433055700006662,27611.0,190.15,9545.82,19.38,577.0,225.0,1.0,1.0,3.0,8654.0,3006.9,2.0,3000.0,0.0,225.0,0.0,0.0,0.0,0.0,3000.0,622.0,577.0,225.7
velocity_+3000,3.4431188000016846,27621.0,220.45,9576.12,19.4,653.0,213.0,1.0,1.0,3.0,10033.0,2928.6,2.0,3000.0,0.0,213.0,0.0,0.0,0.0,0.0,3000.0,662.0,653.0,213.2
velocity_+3000,3.4526028000109363,27630.0,236.71,9592.38,19.4,677.0,209.0,1.0,1.0,3.0,10773.0,2902.3,2.0,3000.0,0.0,209.0,0.0,0.0,0.0,0.0,3000.0,675.0,677.0,209.7
velocity_+3000,3.462481399998069,27640.0,277.54,9633.21,19.37,633.0,204.0,1.0,1.0,3.0,12631.0,3005.7,2.0,3000.0,0.0,204.0,0.0,0.0,0.0,0.0,3000.0,624.0,633.0,204.6
velocity_+3000,3.4725776000123005,27650.0,314.74,9670.41,19.36,576.0,199.0,1.0,1.0,3.0,14324.0,3126.9,2.0,3000.0,0.0,199.0,0.0,0.0,0.0,0.0,3000.0,562.0,576.0,199.4
velocity_+3000,3.483451400010381,27661.0,349.54,9705.21,19.42,483.0,232.0,1.0,1.0,3.0,15908.0,3141.6,2.0,3000.0,0.0,232.0,0.0,0.0,0.0,0.0,3000.0,553.0,483.0,232.0
velocity_+3000,3.4929385000141338,27671.0,6.31,9721.98,19.37,511.0,227.0,1.0,1.0,3.0,287.0,3110.8,2.0,3000.0,0.0,227.0,0.0,0.0,0.0,0.0,3000.0,568.0,511.0,227.4
velocity_+3000,3.502847900002962,27680.0,42.08,9757.75,19.38,596.0,213.0,1.0,1.0,3.0,1915.0,3019.7,2.0,3000.0,0.0,213.0,0.0,0.0,0.0,0.0,3000.0,613.0,596.0,213.7
velocity_+3000,3.5139726999914274,27691.0,76.16,9791.83,19.38,643.0,207.0,1.0,1.0,3.0,3466.0,2965.4,2.0,3000.0,0.0,207.0,0.0,0.0,0.0,0.0,3000.0,641.0,643.0,207.4
velocity_+3000,3.5228101999964565,27700.0,94.06,9809.74,19.38,713.0,176.0,1.0,1.0,3.0,4281.0,2978.5,2.0,3000.0,0.0,176.0,0.0,0.0,0.0,0.0,3000.0,634.0,713.0,176.7
velocity_+3000,3.5335934000031557,27711.0,131.4,9847.07,19.38,640.0,192.0,1.0,1.0,3.0,5980.0,3039.6,2.0,3000.0,0.0,192.0,0.0,0.0,0.0,0.0,3000.0,603.0,640.0,192.4
velocity_+3000,3.5430393000133336,27721.0,164.05,9879.72,19.36,564.0,223.0,1.0,1.0,3.0,7466.0,3037.9,2.0,3000.0,0.0,223.0,0.0,0.0,0.0,0.0,3000.0,604.0,564.0,223.1
velocity_+3000,3.553040600003442,27731.0,194.37,9910.04,19.38,588.0,232.0,1.0,1.0,3.0,8846.0,2953.6,2.0,3000.0,0.0,232.0,0.0,0.0,0.0,0.0,3000.0,646.0,588.0,232.3
velocity_+3000,3.5625823000154924,27740.0,209.27,9924.94,19.38,681.0,207.0,1.0,1.0,3.0,9524.0,2898.2,2.0,3000.0,0.0,207.0,0.0,0.0,0.0,0.0,3000.0,674.0,681.0,207.6
velocity_+3000,3.5724250999919605,27750.0,244.58,9960.25,19.36,731.0,196.0,1.0,1.0,3.0,11131.0,2865.2,2.0,3000.0,0.0,196.0,0.0,0.0,0.0,0.0,3000.0,692.0,731.0,196.1
velocity_+3000,3.5825258000113536,27760.0,280.11,9995.78,19.4,694.0,184.0,1.0,1.0,3.0,12748.0,2980.6,2.0,3000.0,0.0,184.0,0.0,0.0,0.0,0.0,3000.0,635.0,694.0,184.9
velocity_+3000,3.5937592000118457,27771.0,316.21,10031.88,19.38,621.0,191.0,1.0,1.0,3.0,14391.0,3081.2,2.0,3000.0,0.0,191.0,0.0,0.0,0.0,0.0,3000.0,584.0,621.0,191.2
velocity_+3000,3.6028317000018433,27780.0,334.8,10050.47,19.38,521.0,225.0,1.0,1.0,3.0,15237.0,3106.1,2.0,3000.0,0.0,225.0,0.0,0.0,0.0,0.0,3000.0,571.0,521.0,225.1
velocity_+3000,3.6138147999881767,27791.0,17.93,10093.6,19.38,549.0,225.0,1.0,1.0,3.0,816.0,3053.9,2.0,3000.0,0.0,225.0,0.0,0.0,0.0,0.0,3000.0,596.0,549.0,225.1
velocity_+3000,3.6224142000137363,27800.0,33.6,10109.27,19.37,611.0,214.0,1.0,1.0,3.0,1529.0,2992.2,2.0,3000.0,0.0,214.0,0.0,0.0,0.0,0.0,3000.0,627.0,611.0,214.2
velocity_+3000,3.6331944999983534,27811.0,66.31,10141.99,19.37,681.0,201.0,1.0,1.0,3.0,3018.0,2924.1,2.0,3000.0,0.0,201.0,0.0,0.0,0.0,0.0,3000.0,662.0,681.0,201.9
velocity_+3000,3.643106600007741,27821.0,99.01,10174.68,19.35,733.0,174.0,1.0,1.0,3.0,4506.0,2955.1,2.0,3000.0,0.0,174.0,0.0,0.0,0.0,0.0,3000.0,647.0,733.0,174.9
velocity_+3000,3.653158600005554,27831.0,134.08,10209.75,19.37,599.0,212.0,1.0,1.0,3.0,6102.0,3025.3,2.0,3000.0,0.0,212.0,0.0,0.0,0.0,0.0,3000.0,612.0,599.0,212.3
velocity_+3000,3.6625963000115007,27840.0,152.03,10227.7,19.37,567.0,221.0,1.0,1.0,3.0,6919.0,3040.1,2.0,3000.0,0.0,221.0,0.0,0.0,0.0,0.0,3000.0,604.0,567.0,221.1
velocity_+3000,3.672418000001926,27850.0,188.28,10263.96,19.38,596.0,222.0,1.0,1.0,3.0,8569.0,2980.6,2.0,3000.0,0.0,222.0,0.0,0.0,0.0,0.0,3000.0,634.0,596.0,222.7
velocity_+3000,3.6828923000139184,27860.0,218.17,10293.84,19.35,666.0,215.0,1.0,1.0,3.0,9929.0,2896.1,2.0,3000.0,0.0,215.0,0.0,0.0,0.0,0.0,3000.0,677.0,666.0,215.1
velocity_+3000,3.6936106999928597,27871.0,249.57,10325.24,19.37,689.0,206.0,1.0,1.0,3.0,11358.0,2892.2,2.0,3000.0,0.0,206.0,0.0,0.0,0.0,0.0,3000.0,680.0,689.0,206.9
velocity_+3000,3.7034246000112034,27880.0,268.02,10343.69,19.38,682.0,194.0,1.0,1.0,3.0,12198.0,2957.3,2.0,3000.0,0.0,194.0,0.0,0.0,0.0,0.0,3000.0,648.0,682.0,195.0
velocity_+3000,3.7144077999982983,27891.0,316.82,10392.5,19.38,636.0,184.0,1.0,1.0,3.0,14419.0,3081.7,2.0,3000.0,0.0,184.0,0.0,0.0,0.0,0.0,3000.0,585.0,636.0,184.4
velocity_+3000,3.7226775999879465,27900.0,333.28,10408.95,19.38,542.0,214.0,1.0,1.0,3.0,15168.0,3114.5,2.0,3000.0,0.0,214.0,0.0,0.0,0.0,0.0,3000.0,568.0,542.0,214.7
velocity_+3000,3.7324006000126246,27910.0,11.51,10447.19,19.38,577.0,209.0,1.0,1.0,3.0,524.0,3073.1,2.0,3000.0,0.0,209.0,0.0,0.0,0.0,0.0,3000.0,588.0,577.0,209.2
velocity_+3000,3.74279530000058,27920.0,41.75,10477.42,19.38,634.0,209.0,1.0,1.0,3.0,1900.0,2973.1,2.0,3000.0,0.0,209.0,0.0,0.0,0.0,0.0,3000.0,638.0,634.0,209.4
velocity_+3000,3.753303200006485,27931.0,72.16,10507.83,19.37,679.0,205.0,1.0,1.0,3.0,3284.0,2914.3,2.0,3000.0,0.0,205.0,0.0,0.0,0.0,0.0,3000.0,668.0,679.0,205.3
velocity_+3000,3.7631995000119787,27940.0,89.25,10524.92,19.38,726.0,181.0,1.0,1.0,3.0,4062.0,2935.9,2.0,3000.0,0.0,181.0,0.0,0.0,0.0,0.0,3000.0,657.0,726.0,181.9
velocity_+3000,3.7727799999993294,27950.0,129.16,10564.83,19.38,602.0,215.0,1.0,1.0,3.0,5878.0,3008.7,2.0,3000.0,0.0,215.0,0.0,0.0,0.0,0.0,3000.0,621.0,602.0,215.4
velocity_+3000,3.7828364000015426,27960.0,162.99,10598.66,19.37,588.0,216.0,1.0,1.0,3.0,7418.0,3024.2,2.0,3000.0,0.0,216.0,0.0,0.0,0.0,0.0,3000.0,613.0,588.0,216.9
velocity_+3000,3.7937608000065666,27971.0,193.6,10629.27,19.37,592.0,232.0,1.0,1.0,3.0,8811.0,2950.6,2.0,3000.0,0.0,232.0,0.0,0.0,0.0,0.0,3000.0,650.0,592.0,232.3
velocity_+3000,3.8032018000085372,27981.0,208.96,10644.63,19.37,668.0,213.0,1.0,1.0,3.0,9510.0,2898.6,2.0,3000.0,0.0,213.0,0.0,0.0,0.0,0.0,3000.0,677.0,668.0,213.6
velocity_+3000,3.8132494000019506,27991.0,247.9,10683.57,19.36,707.0,202.0,1.0,1.0,3.0,11282.0,2884.8,2.0,3000.0,0.0,202.0,0.0,0.0,0.0,0.0,3000.0,685.0,707.0,202.4
velocity_+3000,3.8227901000063866,28000.0,266.86,10702.53,19.44,640.0,213.0,1.0,1.0,3.0,12145.0,2952.5,2.0,3000.0,0.0,213.0,0.0,0.0,0.0,0.0,3000.0,652.0,640.0,213.4
velocity_+3000,3.8327470000076573,28010.0,309.75,10745.42,19.4,526.0,226.0,1.0,1.0,3.0,14097.0,3094.6,2.0,3000.0,0.0,226.0,0.0,0.0,0.0,0.0,3000.0,580.0,526.0,226.7
velocity_+3000,3.8432832999969833,28020.0,345.48,10781.15,19.38,526.0,216.0,1.0,1.0,3.0,15723.0,3138.3,2.0,3000.0,0.0,216.0,0.0,0.0,0.0,0.0,3000.0,557.0,526.0,216.1
velocity_+3000,3.8537251999950968,28031.0,18.06,10813.73,19.4,546.0,220.0,1.0,1.0,3.0,822.0,3080.5,2.0,3000.0,0.0,220.0,0.0,0.0,0.0,0.0,3000.0,585.0,546.0,220.6
velocity_+3000,3.8631340000138152,28041.0,33.82,10829.49,19.4,588.0,217.0,1.0,1.0,3.0,1539.0,3019.9,2.0,3000.0,0.0,217.0,0.0,0.0,0.0,0.0,3000.0,615.0,588.0,217.5
velocity_+3000,3.8729718000104185,28051.0,69.7,10865.37,19.38,686.0,192.0,1.0,1.0,3.0,3172.0,2958.0,2.0,3000.0,0.0,192.0,0.0,0.0,0.0,0.0,3000.0,646.0,686.0,192.4
velocity_+3000,3.882976499997312,28060.0,103.12,10898.79,19.36,716.0,173.0,1.0,1.0,3.0,4693.0,2990.1,2.0,3000.0,0.0,173.0,0.0,0.0,0.0,0.0,3000.0,630.0,716.0,173.9
velocity_+3000,3.8925398999999743,28070.0,121.62,10917.29,19.37,615.0,203.0,1.0,1.0,3.0,5535.0,3041.6,2.0,3000.0,0.0,203.0,0.0,0.0,0.0,0.0,3000.0,604.0,615.0,203.1
velocity_+3000,3.9025104999891482,28080.0,160.69,10956.36,19.37,581.0,212.0,1.0,1.0,3.0,7313.0,3055.2,2.0,3000.0,0.0,212.0,0.0,0.0,0.0,0.0,3000.0,597.0,581.0,212.8
velocity_+3000,3.913615099998424,28091.0,194.11,10989.78,19.36,585.0,231.0,1.0,1.0,3.0,8834.0,2967.2,2.0,3000.0,0.0,231.0,0.0,0.0,0.0,0.0,3000.0,641.0,585.0,231.5
velocity_+3000,3.9230839000083506,28101.0,209.75,11005.42,19.36,663.0,213.0,1.0,1.0,3.0,9546.0,2908.9,2.0,3000.0,0.0,213.0,0.0,0.0,0.0,0.0,3000.0,671.0,663.0,213.6
velocity_+3000,3.9329092999978457,28110.0,245.48,11041.15,19.55,706.0,201.0,1.0,1.0,3.0,11172.0,2878.6,2.0,3000.0,0.0,201.0,0.0,0.0,0.0,0.0,3000.0,687.0,706.0,201.7
velocity_+3000,3.9429438000079244,28120.0,281.14,11076.81,19.38,697.0,180.0,1.0,1.0,3.0,12795.0,2998.1,2.0,3000.0,0.0,180.0,0.0,0.0,0.0,0.0,3000.0,628.0,697.0,180.7
velocity_+3000,3.952528199995868,28130.0,300.54,11096.21,19.32,594.0,204.0,1.0,1.0,3.0,13678.0,3075.4,2.0,3000.0,0.0,204.0,0.0,0.0,0.0,0.0,3000.0,589.0,594.0,204.7
velocity_+3000,3.9624452000134625,28140.0,341.15,11136.82,19.38,509.0,227.0,1.0,1.0,3.0,15526.0,3117.2,2.0,3000.0,0.0,227.0,0.0,0.0,0.0,0.0,3000.0,567.0,509.0,227.7
velocity_+3000,3.9724600999907125,28150.0,13.65,11169.31,19.35,575.0,214.0,1.0,1.0,3.0,621.0,3061.0,2.0,3000.0,0.0,214.0,0.0,0.0,0.0,0.0,3000.0,594.0,575.0,214.0
velocity_+3000,3.9833290000096895,28161.0,43.86,11199.53,19.38,620.0,216.0,1.0,1.0,3.0,1996.0,2969.0,2.0,3000.0,0.0,216.0,0.0,0.0,0.0,0.0,3000.0,640.0,620.0,216.5
velocity_+3000,3.992696100001922,28170.0,59.48,11215.15,19.38,690.0,198.0,1.0,1.0,3.0,2707.0,2925.2,2.0,3000.0,0.0,198.0,0.0,0.0,0.0,0.0,3000.0,662.0,690.0,198.7
velocity_+3000,4.002609299990581,28180.0,97.14,11252.81,19.37,704.0,190.0,1.0,1.0,3.0,4421.0,2942.2,2.0,3000.0,0.0,190.0,0.0,0.0,0.0,0.0,3000.0,655.0,704.0,190.0
velocity_-3000,0.0013461000053212047,29063.0,148.56,11304.22,19.38,-1.0,0.0,1.0,1.0,3.0,6761.0,0.0,0.0,0.0,0.0,0.0,0.0,0.0,0.0,0.0,0.0,0.0,0.0,0.0
velocity_-3000,0.011360300006344914,29074.0,148.56,11304.22,19.36,-71.0,0.0,1.0,1.0,3.0,6761.0,0.0,2.0,-3000.0,1.0,0.0,0.0,0.0,0.0,0.0,-100.0,-50.0,-71.0,0.0
velocity_-3000,0.021217700006673113,29083.0,148.54,11304.2,19.42,-228.0,7.0,1.0,1.0,3.0,6760.0,-0.4,2.0,-3000.0,1.0,-7.0,0.0,0.0,0.0,0.0,-361.4,-181.0,-228.0,-7.4
velocity_-3000,0.03127100001438521,29093.0,148.51,11304.18,19.42,-280.0,46.0,1.0,1.0,3.0,6759.0,-1.0,2.0,-3000.0,1.0,-46.0,0.0,0.0,0.0,0.0,-581.1,-291.0,-280.0,-46.6
velocity_-3000,0.04118590001598932,29103.0,148.45,11304.12,19.42,-384.0,35.0,1.0,1.0,3.0,6756.0,-2.9,2.0,-3000.0,1.0,-35.0,0.0,0.0,0.0,0.0,-696.0,-348.0,-384.0,-35.7
velocity_-3000,0.051526399998692796,29114.0,148.4,11304.07,19.4,-546.0,39.0,1.0,1.0,3.0,6754.0,-2.8,2.0,-3000.0,1.0,-39.0,0.0,0.0,0.0,0.0,-950.6,-475.0,-546.0,-39.6
velocity_-3000,0.06139170000096783,29123.0,148.36,11304.03,19.4,-684.0,42.0,1.0,1.0,3.0,6752.0,-3.1,2.0,-3000.0,1.0,-42.0,0.0,0.0,0.0,0.0,-1166.7,-583.0,-684.0,-42.4
velocity_-3000,0.07142150000436231,29133.0,148.32,11303.98,19.42,-741.0,78.0,1.0,1.0,3.0,6750.0,-3.6,2.0,-3000.0,1.0,-78.0,0.0,0.0,0.0,0.0,-1386.5,-693.0,-741.0,-78.3
velocity_-3000,0.08101560000795871,29143.0,148.23,11303.9,19.38,-840.0,67.0,1.0,1.0,3.0,6746.0,-5.7,2.0,-3000.0,1.0,-67.0,0.0,0.0,0.0,0.0,-1498.8,-749.0,-840.0,-67.7
velocity_-3000,0.09099960001185536,29153.0,147.68,11303.35,19.4,-1026.0,61.0,1.0,1.0,3.0,6721.0,-18.5,2.0,-3000.0,1.0,-61.0,0.0,0.0,0.0,0.0,-1753.9,-877.0,-1026.0,-61.5
velocity_-3000,0.10115300002507865,29163.0,147.0,11302.67,19.42,-1089.0,95.0,1.0,1.0,3.0,6690.0,-32.5,2.0,-3000.0,1.0,-95.0,0.0,0.0,0.0,0.0,-1976.0,-988.0,-1089.0,-95.2
velocity_-3000,0.11084100001608022,29173.0,146.49,11302.16,19.42,-1235.0,65.0,1.0,1.0,3.0,6667.0,-42.1,2.0,-3000.0,1.0,-65.0,0.0,0.0,0.0,0.0,-2092.3,-1046.0,-1235.0,-65.7
velocity_-3000,0.12084000001777895,29183.0,145.2,11300.86,19.38,-1394.0,72.0,1.0,1.0,3.0,6608.0,-59.2,2.0,-3000.0,1.0,-72.0,0.0,0.0,0.0,0.0,-2354.0,-1177.0,-1394.0,-72.2
velocity_-3000,0.1309888000250794,29193.0,144.84,11300.51,19.38,-1433.0,113.0,1.0,1.0,3.0,6592.0,-49.4,2.0,-3000.0,1.0,-113.0,0.0,0.0,0.0,0.0,-2575.6,-1288.0,-1433.0,-113.7
velocity_-3000,0.14205360002233647,29204.0,144.56,11300.23,19.4,-1554.0,120.0,1.0,1.0,3.0,6579.0,-42.0,2.0,-3000.0,1.0,-120.0,0.0,0.0,0.0,0.0,-2796.4,-1398.0,-1554.0,-120.8
velocity_-3000,0.1516669999982696,29214.0,144.25,11299.92,19.35,-1627.0,119.0,1.0,1.0,3.0,6565.0,-44.1,2.0,-3000.0,1.0,-119.0,0.0,0.0,0.0,0.0,-2910.5,-1455.0,-1627.0,-119.7
velocity_-3000,0.16170200001215562,29224.0,143.09,11298.75,19.42,-1785.0,123.0,1.0,1.0,3.0,6512.0,-60.5,2.0,-3000.0,1.0,-123.0,0.0,0.0,0.0,0.0,-3000.0,-1583.0,-1785.0,-123.3
velocity_-3000,0.17182380001759157,29234.0,141.55,11297.22,19.4,-1833.0,163.0,1.0,1.0,3.0,6442.0,-86.4,2.0,-3000.0,1.0,-163.0,0.0,0.0,0.0,0.0,-3000.0,-1695.0,-1833.0,-163.5
velocity_-3000,0.18135430000256747,29243.0,140.43,11296.1,19.4,-1926.0,155.0,1.0,1.0,3.0,6391.0,-105.0,2.0,-3000.0,1.0,-155.0,0.0,0.0,0.0,0.0,-3000.0,-1753.0,-1926.0,-155.2
velocity_-3000,0.19140660000266507,29253.0,135.73,11291.39,19.36,-2049.0,178.0,1.0,1.0,3.0,6177.0,-197.7,2.0,-3000.0,1.0,-178.0,0.0,0.0,0.0,0.0,-3000.0,-1882.0,-2049.0,-178.2
velocity_-3000,0.20154040001216345,29263.0,124.89,11280.56,19.38,-1841.0,186.0,1.0,1.0,3.0,5684.0,-462.7,2.0,-3000.0,1.0,-186.0,0.0,0.0,0.0,0.0,-3000.0,-1726.0,-1841.0,-186.7
velocity_-3000,0.21148040000116453,29273.0,115.62,11271.29,19.36,-1631.0,232.0,1.0,1.0,3.0,5262.0,-668.1,2.0,-3000.0,1.0,-232.0,0.0,0.0,0.0,0.0,-3000.0,-1637.0,-1631.0,-232.0
velocity_-3000,0.22152510000159964,29283.0,88.31,11243.97,19.38,-1389.0,236.0,1.0,1.0,3.0,4019.0,-1132.2,2.0,-3000.0,1.0,-236.0,0.0,0.0,0.0,0.0,-3000.0,-1431.0,-1389.0,-236.6
velocity_-3000,0.23168150000856258,29294.0,61.26,11216.93,19.38,-1269.0,192.0,1.0,1.0,3.0,2788.0,-1560.6,2.0,-3000.0,1.0,-192.0,0.0,0.0,0.0,0.0,-3000.0,-1227.0,-1269.0,-192.7
velocity_-3000,0.24133790002088062,29303.0,47.24,11202.91,19.38,-1144.0,215.0,1.0,1.0,3.0,2150.0,-1706.8,2.0,-3000.0,1.0,-215.0,0.0,0.0,0.0,0.0,-3000.0,-1161.0,-1144.0,-215.2
velocity_-3000,0.2512140000180807,29313.0,14.02,11169.68,19.37,-957.0,234.0,1.0,1.0,3.0,638.0,-1993.0,2.0,-3000.0,1.0,-234.0,0.0,0.0,0.0,0.0,-3000.0,-1032.0,-957.0,-234.2
velocity_-3000,0.26134240001556464,29323.0,342.18,11137.85,19.38,-851.0,216.0,1.0,1.0,3.0,15573.0,-2286.6,2.0,-3000.0,1.0,-216.0,0.0,0.0,0.0,0.0,-3000.0,-894.0,-851.0,-216.5
velocity_-3000,0.27104930000496097,29333.0,323.92,11119.59,19.36,-730.0,232.0,1.0,1.0,3.0,14742.0,-2443.5,2.0,-3000.0,1.0,-232.0,0.0,0.0,0.0,0.0,-3000.0,-819.0,-730.0,-232.4
velocity_-3000,0.2810736000246834,29343.0,281.73,11077.4,19.37,-602.0,220.0,1.0,1.0,3.0,12822.0,-2734.2,2.0,-3000.0,1.0,-220.0,0.0,0.0,0.0,0.0,-3000.0,-678.0,-602.0,-220.8
velocity_-3000,0.29120550001971424,29353.0,245.85,11041.52,19.38,-566.0,201.0,1.0,1.0,3.0,11189.0,-2887.3,2.0,-3000.0,1.0,-201.0,0.0,0.0,0.0,0.0,-3000.0,-603.0,-566.0,-201.8
velocity_-3000,0.3008189000247512,29363.0,229.15,11024.82,19.38,-597.0,192.0,1.0,1.0,3.0,10429.0,-2876.5,2.0,-3000.0,1.0,-192.0,0.0,0.0,0.0,0.0,-3000.0,-609.0,-597.0,-192.8
velocity_-3000,0.31111810001311824,29373.0,194.59,10990.26,19.37,-584.0,217.0,1.0,1.0,3.0,8856.0,-2801.4,2.0,-3000.0,1.0,-217.0,0.0,0.0,0.0,0.0,-3000.0,-649.0,-584.0,-217.8
velocity_-3000,0.3213438000238966,29383.0,164.11,10959.78,19.38,-612.0,215.0,1.0,1.0,3.0,7469.0,-2771.2,2.0,-3000.0,1.0,-215.0,0.0,0.0,0.0,0.0,-3000.0,-667.0,-612.0,-215.0
velocity_-3000,0.3308969000063371,29393.0,147.7,10943.37,19.4,-622.0,209.0,1.0,1.0,3.0,6722.0,-2785.2,2.0,-3000.0,1.0,-209.0,0.0,0.0,0.0,0.0,-3000.0,-661.0,-622.0,-209.1
velocity_-3000,0.34090580002521165,29403.0,108.87,10904.54,19.38,-583.0,207.0,1.0,1.0,3.0,4955.0,-2869.8,2.0,-3000.0,1.0,-207.0,0.0,0.0,0.0,0.0,-3000.0,-620.0,-583.0,-207.2
velocity_-3000,0.3510645000205841,29413.0,76.27,10871.93,19.4,-605.0,196.0,1.0,1.0,3.0,3471.0,-2883.7,2.0,-3000.0,1.0,-196.0,0.0,0.0,0.0,0.0,-3000.0,-615.0,-605.0,-196.1
velocity_-3000,0.3620635000115726,29424.0,46.58,10842.25,19.42,-596.0,216.0,1.0,1.0,3.0,2120.0,-2813.4,2.0,-3000.0,1.0,-216.0,0.0,0.0,0.0,0.0,-3000.0,-652.0,-596.0,-216.8
velocity_-3000,0.3715671000245493,29434.0,30.94,10826.6,19.42,-622.0,212.0,1.0,1.0,3.0,1408.0,-2789.4,2.0,-3000.0,1.0,-212.0,0.0,0.0,0.0,0.0,-3000.0,-665.0,-622.0,-212.8
velocity_-3000,0.3815078000188805,29444.0,356.55,10792.21,19.36,-657.0,206.0,1.0,1.0,3.0,16227.0,-2765.4,2.0,-3000.0,1.0,-206.0,0.0,0.0,0.0,0.0,-3000.0,-680.0,-657.0,-206.9
velocity_-3000,0.39169670001138,29454.0,324.78,10760.44,19.38,-657.0,198.0,1.0,1.0,3.0,14781.0,-2806.3,2.0,-3000.0,1.0,-198.0,0.0,0.0,0.0,0.0,-3000.0,-662.0,-657.0,-198.9
velocity_-3000,0.40129300000262447,29463.0,307.75,10743.41,19.35,-687.0,182.0,1.0,1.0,3.0,14006.0,-2833.9,2.0,-3000.0,1.0,-182.0,0.0,0.0,0.0,0.0,-3000.0,-649.0,-687.0,-182.2
velocity_-3000,0.4115710000041872,29474.0,268.73,10704.39,19.38,-628.0,193.0,1.0,1.0,3.0,12230.0,-2892.2,2.0,-3000.0,1.0,-193.0,0.0,0.0,0.0,0.0,-3000.0,-621.0,-628.0,-193.1
velocity_-3000,0.42179310001665726,29484.0,236.82,10672.49,19.37,-614.0,204.0,1.0,1.0,3.0,10778.0,-2870.9,2.0,-3000.0,1.0,-204.0,0.0,0.0,0.0,0.0,-3000.0,-633.0,-614.0,-204.3
velocity_-3000,0.4312365000077989,29493.0,222.45,10658.12,19.37,-649.0,208.0,1.0,1.0,3.0,10124.0,-2792.0,2.0,-3000.0,1.0,-208.0,0.0,0.0,0.0,0.0,-3000.0,-674.0,-649.0,-208.4
velocity_-3000,0.44122590002371,29503.0,190.11,10625.77,19.35,-721.0,203.0,1.0,1.0,3.0,8652.0,-2698.0,2.0,-3000.0,1.0,-203.0,0.0,0.0,0.0,0.0,-3000.0,-724.0,-721.0,-203.6
velocity_-3000,0.45166690001497045,29513.0,160.77,10596.44,19.4,-703.0,216.0,1.0,1.0,3.0,7317.0,-2681.2,2.0,-3000.0,1.0,-216.0,0.0,0.0,0.0,0.0,-3000.0,-736.0,-703.0,-216.2
velocity_-3000,0.4612457000184804,29523.0,144.05,10579.72,19.38,-673.0,220.0,1.0,1.0,3.0,6556.0,-2719.7,2.0,-3000.0,1.0,-220.0,0.0,0.0,0.0,0.0,-3000.0,-719.0,-673.0,-220.4
velocity_-3000,0.47104630002286285,29533.0,105.49,10541.16,19.4,-635.0,213.0,1.0,1.0,3.0,4801.0,-2823.3,2.0,-3000.0,1.0,-213.0,0.0,0.0,0.0,0.0,-3000.0,-670.0,-635.0,-213.6
velocity_-3000,0.48119920000317506,29543.0,73.02,10508.68,19.4,-699.0,182.0,1.0,1.0,3.0,3323.0,-2849.9,2.0,-3000.0,1.0,-182.0,0.0,0.0,0.0,0.0,-3000.0,-658.0,-699.0,-182.9
velocity_-3000,0.4922684000048321,29554.0,43.53,10479.19,19.38,-664.0,213.0,1.0,1.0,3.0,1981.0,-2786.2,2.0,-3000.0,1.0,-213.0,0.0,0.0,0.0,0.0,-3000.0,-692.0,-664.0,-213.4
velocity_-3000,0.5008272000122815,29563.0,27.6,10463.26,19.38,-657.0,219.0,1.0,1.0,3.0,1256.0,-2774.3,2.0,-3000.0,1.0,-219.0,0.0,0.0,0.0,0.0,-3000.0,-699.0,-657.0,-219.9
velocity_-3000,0.5111032999993768,29573.0,354.68,10430.35,19.38,-665.0,219.0,1.0,1.0,3.0,16142.0,-2769.7,2.0,-3000.0,1.0,-219.0,0.0,0.0,0.0,0.0,-3000.0,-704.0,-665.0,-219.7
velocity_-3000,0.521470000006957,29583.0,321.26,10396.93,19.35,-664.0,205.0,1.0,1.0,3.0,14621.0,-2840.8,2.0,-3000.0,1.0,-205.0,0.0,0.0,0.0,0.0,-3000.0,-671.0,-664.0,-205.5
velocity_-3000,0.5309625000227243,29593.0,303.86,10379.53,19.4,-667.0,197.0,1.0,1.0,3.0,13829.0,-2871.9,2.0,-3000.0,1.0,-197.0,0.0,0.0,0.0,0.0,-3000.0,-656.0,-667.0,-197.4
velocity_-3000,0.5411821000161581,29603.0,263.69,10339.36,19.38,-650.0,187.0,1.0,1.0,3.0,12001.0,-2950.3,2.0,-3000.0,1.0,-187.0,0.0,0.0,0.0,0.0,-3000.0,-618.0,-650.0,-187.2
velocity_-3000,0.5516460000071675,29613.0,231.83,10307.5,19.42,-621.0,206.0,1.0,1.0,3.0,10551.0,-2913.9,2.0,-3000.0,1.0,-206.0,0.0,0.0,0.0,0.0,-3000.0,-637.0,-621.0,-206.7
velocity_-3000,0.5623291000083555,29624.0,203.16,10278.83,19.4,-647.0,221.0,1.0,1.0,3.0,9246.0,-2809.2,2.0,-3000.0,1.0,-221.0,0.0,0.0,0.0,0.0,-3000.0,-691.0,-647.0,-221.0
velocity_-3000,0.5711482000187971,29633.0,188.33,10263.99,19.4,-701.0,211.0,1.0,1.0,3.0,8571.0,-2759.7,2.0,-3000.0,1.0,-211.0,0.0,0.0,0.0,0.0,-3000.0,-717.0,-701.0,-211.3
velocity_-3000,0.5816649000043981,29644.0,155.79,10231.45,19.4,-768.0,188.0,1.0,1.0,3.0,7090.0,-2749.6,2.0,-3000.0,1.0,-188.0,0.0,0.0,0.0,0.0,-3000.0,-725.0,-768.0,-188.9
velocity_-3000,0.5916217000049073,29654.0,123.02,10198.69,19.35,-678.0,208.0,1.0,1.0,3.0,5599.0,-2833.1,2.0,-3000.0,1.0,-208.0,0.0,0.0,0.0,0.0,-3000.0,-685.0,-678.0,-208.5
velocity_-3000,0.6016865000128746,29664.0,89.3,10164.96,19.38,-643.0,206.0,1.0,1.0,3.0,4064.0,-2903.1,2.0,-3000.0,1.0,-206.0,0.0,0.0,0.0,0.0,-3000.0,-651.0,-643.0,-206.7
velocity_-3000,0.6115904000180308,29674.0,72.77,10148.44,19.36,-622.0,216.0,1.0,1.0,3.0,3312.0,-2899.2,2.0,-3000.0,1.0,-216.0,0.0,0.0,0.0,0.0,-3000.0,-654.0,-622.0,-216.6
velocity_-3000,0.6215825000253972,29684.0,37.46,10113.13,19.36,-697.0,202.0,1.0,1.0,3.0,1705.0,-2832.4,2.0,-3000.0,1.0,-202.0,0.0,0.0,0.0,0.0,-3000.0,-689.0,-697.0,-202.9
velocity_-3000,0.6316666000057012,29694.0,7.73,10083.4,19.38,-733.0,200.0,1.0,1.0,3.0,352.0,-2783.5,2.0,-3000.0,1.0,-200.0,0.0,0.0,0.0,0.0,-3000.0,-716.0,-733.0,-200.6
velocity_-3000,0.6411847000126727,29703.0,351.04,10066.7,19.38,-709.0,208.0,1.0,1.0,3.0,15976.0,-2797.3,2.0,-3000.0,1.0,-208.0,0.0,0.0,0.0,0.0,-3000.0,-710.0,-709.0,-208.6
velocity_-3000,0.6511464000213891,29713.0,312.74,10028.4,19.38,-665.0,210.0,1.0,1.0,3.0,14233.0,-2869.9,2.0,-3000.0,1.0,-210.0,0.0,0.0,0.0,0.0,-3000.0,-676.0,-665.0,-210.6
velocity_-3000,0.6612617000064347,29723.0,277.78,9993.44,19.42,-655.0,191.0,1.0,1.0,3.0,12642.0,-2968.7,2.0,-3000.0,1.0,-191.0,0.0,0.0,0.0,0.0,-3000.0,-627.0,-655.0,-191.7
velocity_-3000,0.6709803999983706,29733.0,260.35,9976.02,19.35,-680.0,180.0,1.0,1.0,3.0,11849.0,-2978.1,2.0,-3000.0,1.0,-180.0,0.0,0.0,0.0,0.0,-3000.0,-623.0,-680.0,-180.6
velocity_-3000,0.6811982000072021,29743.0,224.96,9940.62,19.42,-719.0,184.0,1.0,1.0,3.0,10238.0,-2889.8,2.0,-3000.0,1.0,-184.0,0.0,0.0,0.0,0.0,-3000.0,-668.0,-719.0,-184.4
velocity_-3000,0.6910806000232697,29753.0,196.28,9911.95,19.38,-683.0,224.0,1.0,1.0,3.0,8933.0,-2786.2,2.0,-3000.0,1.0,-224.0,0.0,0.0,0.0,0.0,-3000.0,-721.0,-683.0,-224.0
velocity_-3000,0.7020605000143405,29764.0,166.73,9882.39,19.38,-716.0,218.0,1.0,1.0,3.0,7588.0,-2757.3,2.0,-3000.0,1.0,-218.0,0.0,0.0,0.0,0.0,-3000.0,-739.0,-716.0,-218.8
velocity_-3000,0.7107909000187647,29773.0,144.38,9860.05,19.38,-682.0,228.0,1.0,1.0,3.0,6571.0,-2779.7,2.0,-3000.0,1.0,-228.0,0.0,0.0,0.0,0.0,-3000.0,-729.0,-682.0,-228.4
velocity_-3000,0.7209732000192162,29783.0,109.67,9825.33,19.38,-728.0,187.0,1.0,1.0,3.0,4991.0,-2881.2,2.0,-3000.0,1.0,-187.0,0.0,0.0,0.0,0.0,-3000.0,-680.0,-728.0,-188.0
velocity_-3000,0.731930400012061,29794.0,76.44,9792.11,19.37,-674.0,201.0,1.0,1.0,3.0,3479.0,-2920.8,2.0,-3000.0,1.0,-201.0,0.0,0.0,0.0,0.0,-3000.0,-661.0,-674.0,-201.7
velocity_-3000,0.7415941000217572,29804.0,59.85,9775.52,19.4,-646.0,214.0,1.0,1.0,3.0,2724.0,-2916.7,2.0,-3000.0,1.0,-214.0,0.0,0.0,0.0,0.0,-3000.0,-664.0,-646.0,-214.1
velocity_-3000,0.7514845000114292,29814.0,25.09,9740.76,19.4,-657.0,223.0,1.0,1.0,3.0,1142.0,-2860.7,2.0,-3000.0,1.0,-223.0,0.0,0.0,0.0,0.0,-3000.0,-693.0,-657.0,-223.4
velocity_-3000,0.7616776000068057,29824.0,353.8,9709.47,19.38,-677.0,218.0,1.0,1.0,3.0,16102.0,-2853.1,2.0,-3000.0,1.0,-218.0,0.0,0.0,0.0,0.0,-3000.0,-699.0,-677.0,-218.4
velocity_-3000,0.7711980000021867,29833.0,336.62,9692.29,19.38,-701.0,206.0,1.0,1.0,3.0,15320.0,-2866.2,2.0,-3000.0,1.0,-206.0,0.0,0.0,0.0,0.0,-3000.0,-693.0,-701.0,-206.3
velocity_-3000,0.7812275000032969,29843.0,296.13,9651.79,19.38,-664.0,201.0,1.0,1.0,3.0,13477.0,-2957.0,2.0,-3000.0,1.0,-201.0,0.0,0.0,0.0,0.0,-3000.0,-649.0,-664.0,-201.0
velocity_-3000,0.7913095000258181,29853.0,260.55,9616.22,19.37,-653.0,187.0,1.0,1.0,3.0,11858.0,-3035.7,2.0,-3000.0,1.0,-187.0,0.0,0.0,0.0,0.0,-3000.0,-609.0,-653.0,-187.6
velocity_-3000,0.8009872999973595,29863.0,242.95,9598.62,19.37,-588.0,212.0,1.0,1.0,3.0,11057.0,-3039.8,2.0,-3000.0,1.0,-212.0,0.0,0.0,0.0,0.0,-3000.0,-607.0,-588.0,-212.1
velocity_-3000,0.8115020999975968,29873.0,208.41,9564.08,19.42,-630.0,221.0,1.0,1.0,3.0,9485.0,-2925.1,2.0,-3000.0,1.0,-221.0,0.0,0.0,0.0,0.0,-3000.0,-665.0,-630.0,-221.2
velocity_-3000,0.8213467000168748,29883.0,178.59,9534.26,19.4,-695.0,215.0,1.0,1.0,3.0,8128.0,-2839.6,2.0,-3000.0,1.0,-215.0,0.0,0.0,0.0,0.0,-3000.0,-709.0,-695.0,-215.9
velocity_-3000,0.83087110001361,29893.0,162.4,9518.07,19.4,-742.0,201.0,1.0,1.0,3.0,7391.0,-2824.4,2.0,-3000.0,1.0,-201.0,0.0,0.0,0.0,0.0,-3000.0,-718.0,-742.0,-201.5
velocity_-3000,0.8408365000213962,29903.0,123.75,9479.42,19.38,-689.0,209.0,1.0,1.0,3.0,5632.0,-2888.5,2.0,-3000.0,1.0,-209.0,0.0,0.0,0.0,0.0,-3000.0,-687.0,-689.0,-209.6
velocity_-3000,0.850897000025725,29913.0,89.25,9444.92,19.38,-649.0,208.0,1.0,1.0,3.0,4062.0,-2964.0,2.0,-3000.0,1.0,-208.0,0.0,0.0,0.0,0.0,-3000.0,-650.0,-649.0,-208.5
velocity_-3000,0.8619472999998834,29924.0,57.22,9412.89,19.37,-633.0,219.0,1.0,1.0,3.0,2604.0,-2945.1,2.0,-3000.0,1.0,-219.0,0.0,0.0,0.0,0.0,-3000.0,-660.0,-633.0,-219.5
velocity_-3000,0.8715402000234462,29934.0,41.9,9397.57,19.36,-647.0,225.0,1.0,1.0,3.0,1907.0,-2897.8,2.0,-3000.0,1.0,-225.0,0.0,0.0,0.0,0.0,-3000.0,-684.0,-647.0,-225.1
velocity_-3000,0.8814837000099942,29944.0,6.44,9362.11,19.38,-687.0,219.0,1.0,1.0,3.0,293.0,-2857.3,2.0,-3000.0,1.0,-219.0,0.0,0.0,0.0,0.0,-3000.0,-706.0,-687.0,-219.2
velocity_-3000,0.8915903000161052,29954.0,333.7,9329.37,19.38,-711.0,202.0,1.0,1.0,3.0,15187.0,-2892.8,2.0,-3000.0,1.0,-202.0,0.0,0.0,0.0,0.0,-3000.0,-690.0,-711.0,-202.5
velocity_-3000,0.9011361000011675,29963.0,314.82,9310.49,19.38,-644.0,216.0,1.0,1.0,3.0,14328.0,-2950.7,2.0,-3000.0,1.0,-216.0,0.0,0.0,0.0,0.0,-3000.0,-661.0,-644.0,-216.6
velocity_-3000,0.9113940000243019,29973.0,272.77,9268.44,19.38,-573.0,221.0,1.0,1.0,3.0,12414.0,-3053.7,2.0,-3000.0,1.0,-221.0,0.0,0.0,0.0,0.0,-3000.0,-609.0,-573.0,-221.3
velocity_-3000,0.9214751000108663,29984.0,237.83,9233.5,19.35,-596.0,206.0,1.0,1.0,3.0,10824.0,-3073.1,2.0,-3000.0,1.0,-206.0,0.0,0.0,0.0,0.0,-3000.0,-599.0,-596.0,-206.8
velocity_-3000,0.9311466000217479,29993.0,222.5,9218.16,19.37,-626.0,210.0,1.0,1.0,3.0,10126.0,-3000.6,2.0,-3000.0,1.0,-210.0,0.0,0.0,0.0,0.0,-3000.0,-635.0,-626.0,-210.9
velocity_-3000,0.9411783000105061,30003.0,188.04,9183.71,19.38,-730.0,194.0,1.0,1.0,3.0,8558.0,-2893.7,2.0,-3000.0,1.0,-194.0,0.0,0.0,0.0,0.0,-3000.0,-689.0,-730.0,-194.3
velocity_-3000,0.9513032000104431,30013.0,156.86,9152.53,19.38,-725.0,204.0,1.0,1.0,3.0,7139.0,-2861.8,2.0,-3000.0,1.0,-204.0,0.0,0.0,0.0,0.0,-3000.0,-707.0,-725.0,-204.5
velocity_-3000,0.960831500007771,30023.0,138.6,9134.27,19.38,-656.0,222.0,1.0,1.0,3.0,6308.0,-2907.1,2.0,-3000.0,1.0,-222.0,0.0,0.0,0.0,0.0,-3000.0,-685.0,-656.0,-222.4
velocity_-3000,0.9708127000194509,30033.0,97.91,9093.58,19.38,-621.0,215.0,1.0,1.0,3.0,4456.0,-3000.8,2.0,-3000.0,1.0,-215.0,0.0,0.0,0.0,0.0,-3000.0,-638.0,-621.0,-215.1
velocity_-3000,0.9808628000027966,30043.0,64.73,9060.4,19.37,-625.0,212.0,1.0,1.0,3.0,2946.0,-3003.3,2.0,-3000.0,1.0,-212.0,0.0,0.0,0.0,0.0,-3000.0,-637.0,-625.0,-212.6
velocity_-3000,0.9918601000099443,30054.0,34.32,9029.99,19.37,-668.0,213.0,1.0,1.0,3.0,1562.0,-2924.9,2.0,-3000.0,1.0,-213.0,0.0,0.0,0.0,0.0,-3000.0,-677.0,-668.0,-213.9
velocity_-3000,1.0014943999995012,30064.0,18.65,9014.32,19.37,-709.0,205.0,1.0,1.0,3.0,849.0,-2893.5,2.0,-3000.0,1.0,-205.0,0.0,0.0,0.0,0.0,-3000.0,-693.0,-709.0,-205.1
velocity_-3000,1.0107403000001796,30073.0,341.56,8977.23,19.38,-664.0,224.0,1.0,1.0,3.0,15545.0,-2891.7,2.0,-3000.0,1.0,-224.0,0.0,0.0,0.0,0.0,-3000.0,-695.0,-664.0,-224.8
velocity_-3000,1.020788599998923,30083.0,309.46,8945.13,19.36,-653.0,210.0,1.0,1.0,3.0,14084.0,-2973.7,2.0,-3000.0,1.0,-210.0,0.0,0.0,0.0,0.0,-3000.0,-655.0,-653.0,-210.8
velocity_-3000,1.0317708000075072,30094.0,273.69,8909.36,19.42,-627.0,198.0,1.0,1.0,3.0,12456.0,-3068.5,2.0,-3000.0,1.0,-198.0,0.0,0.0,0.0,0.0,-3000.0,-607.0,-627.0,-198.3
velocity_-3000,1.0412956000072882,30103.0,255.5,8891.16,19.42,-588.0,212.0,1.0,1.0,3.0,11628.0,-3073.9,2.0,-3000.0,1.0,-212.0,0.0,0.0,0.0,0.0,-3000.0,-604.0,-588.0,-212.2
velocity_-3000,1.0512758000113536,30113.0,219.55,8855.22,19.38,-715.0,183.0,1.0,1.0,3.0,9992.0,-2974.9,2.0,-3000.0,1.0,-183.0,0.0,0.0,0.0,0.0,-3000.0,-653.0,-715.0,-183.7
velocity_-3000,1.0613567000254989,30123.0,190.17,8825.84,19.38,-700.0,215.0,1.0,1.0,3.0,8655.0,-2867.8,2.0,-3000.0,1.0,-215.0,0.0,0.0,0.0,0.0,-3000.0,-708.0,-700.0,-215.1
velocity_-3000,1.071088199998485,30133.0,174.13,8809.8,19.37,-695.0,220.0,1.0,1.0,3.0,7925.0,-2855.0,2.0,-3000.0,1.0,-220.0,0.0,0.0,0.0,0.0,-3000.0,-715.0,-695.0,-220.6
velocity_-3000,1.0810658000118565,30143.0,136.49,8772.16,19.38,-642.0,231.0,1.0,1.0,3.0,6212.0,-2902.6,2.0,-3000.0,1.0,-231.0,0.0,0.0,0.0,0.0,-3000.0,-693.0,-642.0,-231.4
velocity_-3000,1.0910725000139792,30153.0,101.1,8736.76,19.38,-651.0,205.0,1.0,1.0,3.0,4601.0,-3000.7,2.0,-3000.0,1.0,-205.0,0.0,0.0,0.0,0.0,-3000.0,-644.0,-651.0,-205.7
velocity_-3000,1.102081500022905,30164.0,67.81,8703.47,19.37,-619.0,217.0,1.0,1.0,3.0,3086.0,-3008.2,2.0,-3000.0,1.0,-217.0,0.0,0.0,0.0,0.0,-3000.0,-640.0,-619.0,-217.1
velocity_-3000,1.1108404000115115,30173.0,46.36,8682.03,19.37,-701.0,194.0,1.0,1.0,3.0,2110.0,-2963.9,2.0,-3000.0,1.0,-194.0,0.0,0.0,0.0,0.0,-3000.0,-663.0,-701.0,-194.1
velocity_-3000,1.1209127000183798,30183.0,15.31,8650.98,19.42,-692.0,213.0,1.0,1.0,3.0,697.0,-2897.0,2.0,-3000.0,1.0,-213.0,0.0,0.0,0.0,0.0,-3000.0,-697.0,-692.0,-213.4
velocity_-3000,1.131950400013011,30194.0,343.28,8618.94,19.37,-659.0,226.0,1.0,1.0,3.0,15623.0,-2903.6,2.0,-3000.0,1.0,-226.0,0.0,0.0,0.0,0.0,-3000.0,-695.0,-659.0,-226.5
velocity_-3000,1.1415742000099272,30204.0,325.35,8601.01,19.36,-653.0,220.0,1.0,1.0,3.0,14807.0,-2941.8,2.0,-3000.0,1.0,-220.0,0.0,0.0,0.0,0.0,-3000.0,-676.0,-653.0,-220.1
velocity_-3000,1.1516062000009697,30214.0,283.84,8559.51,19.38,-615.0,209.0,1.0,1.0,3.0,12918.0,-3052.5,2.0,-3000.0,1.0,-209.0,0.0,0.0,0.0,0.0,-3000.0,-621.0,-615.0,-209.6
velocity_-3000,1.1617242000065744,30224.0,248.66,8524.33,19.42,-637.0,191.0,1.0,1.0,3.0,11317.0,-3087.9,2.0,-3000.0,1.0,-191.0,0.0,0.0,0.0,0.0,-3000.0,-602.0,-637.0,-191.7
velocity_-3000,1.1712002000131179,30233.0,231.72,8507.39,19.42,-664.0,189.0,1.0,1.0,3.0,10546.0,-3051.0,2.0,-3000.0,1.0,-189.0,0.0,0.0,0.0,0.0,-3000.0,-620.0,-664.0,-189.1
velocity_-3000,1.18116600002395,30243.0,197.56,8473.22,19.35,-677.0,214.0,1.0,1.0,3.0,8991.0,-2925.2,2.0,-3000.0,1.0,-214.0,0.0,0.0,0.0,0.0,-3000.0,-684.0,-677.0,-214.2
velocity_-3000,1.1912593000160996,30253.0,167.1,8442.77,19.38,-672.0,228.0,1.0,1.0,3.0,7605.0,-2873.7,2.0,-3000.0,1.0,-228.0,0.0,0.0,0.0,0.0,-3000.0,-711.0,-672.0,-228.0
velocity_-3000,1.2009180000168271,30263.0,150.6,8426.27,19.35,-699.0,217.0,1.0,1.0,3.0,6854.0,-2874.7,2.0,-3000.0,1.0,-217.0,0.0,0.0,0.0,0.0,-3000.0,-711.0,-699.0,-217.8
velocity_-3000,1.2111361999996006,30273.0,109.97,8385.64,19.38,-662.0,210.0,1.0,1.0,3.0,5005.0,-2968.5,2.0,-3000.0,1.0,-210.0,0.0,0.0,0.0,0.0,-3000.0,-665.0,-662.0,-210.8
velocity_-3000,1.2212771000049543,30283.0,75.12,8350.79,19.38,-667.0,200.0,1.0,1.0,3.0,3419.0,-3003.5,2.0,-3000.0,1.0,-200.0,0.0,0.0,0.0,0.0,-3000.0,-647.0,-667.0,-200.9
velocity_-3000,1.2308229000191204,30293.0,57.88,8333.54,19.38,-663.0,205.0,1.0,1.0,3.0,2634.0,-2991.3,2.0,-3000.0,1.0,-205.0,0.0,0.0,0.0,0.0,-3000.0,-653.0,-663.0,-205.7
velocity_-3000,1.240791900025215,30303.0,22.37,8298.03,19.37,-653.0,225.0,1.0,1.0,3.0,1018.0,-2923.3,2.0,-3000.0,1.0,-225.0,0.0,0.0,0.0,0.0,-3000.0,-688.0,-653.0,-225.9
velocity_-3000,1.2508354000165127,30313.0,350.57,8266.24,19.42,-645.0,230.0,1.0,1.0,3.0,15955.0,-2916.4,2.0,-3000.0,1.0,-230.0,0.0,0.0,0.0,0.0,-3000.0,-693.0,-645.0,-230.7
velocity_-3000,1.2619092000240926,30324.0,315.94,8231.61,19.38,-658.0,208.0,1.0,1.0,3.0,14379.0,-2994.2,2.0,-3000.0,1.0,-208.0,0.0,0.0,0.0,0.0,-3000.0,-654.0,-658.0,-208.6
velocity_-3000,1.2718194000190124,30334.0,297.75,8213.42,19.35,-639.0,209.0,1.0,1.0,3.0,13551.0,-3026.1,2.0,-3000.0,1.0,-209.0,0.0,0.0,0.0,0.0,-3000.0,-638.0,-639.0,-209.5
velocity_-3000,1.2815663000219502,30344.0,255.98,8171.65,19.38,-652.0,187.0,1.0,1.0,3.0,11650.0,-3094.6,2.0,-3000.0,1.0,-187.0,0.0,0.0,0.0,0.0,-3000.0,-603.0,-652.0,-187.1
velocity_-3000,1.2920213000033982,30354.0,224.01,8139.68,19.37,-629.0,214.0,1.0,1.0,3.0,10195.0,-3011.8,2.0,-3000.0,1.0,-214.0,0.0,0.0,0.0,0.0,-3000.0,-644.0,-629.0,-215.0
velocity_-3000,1.3012051999976393,30363.0,207.82,8123.48,19.37,-632.0,224.0,1.0,1.0,3.0,9458.0,-2965.6,2.0,-3000.0,1.0,-224.0,0.0,0.0,0.0,0.0,-3000.0,-667.0,-632.0,-224.3
velocity_-3000,1.3118547000049148,30373.0,172.27,8087.93,19.35,-664.0,226.0,1.0,1.0,3.0,7840.0,-2903.5,2.0,-3000.0,1.0,-226.0,0.0,0.0,0.0,0.0,-3000.0,-699.0,-664.0,-226.8
velocity_-3000,1.3217721000255551,30384.0,139.06,8054.73,19.37,-675.0,215.0,1.0,1.0,3.0,6329.0,-2935.4,2.0,-3000.0,1.0,-215.0,0.0,0.0,0.0,0.0,-3000.0,-684.0,-675.0,-215.3
velocity_-3000,1.3312068000086583,30393.0,121.33,8037.0,19.37,-715.0,192.0,1.0,1.0,3.0,5522.0,-2965.5,2.0,-3000.0,1.0,-192.0,0.0,0.0,0.0,0.0,-3000.0,-669.0,-715.0,-192.7
velocity_-3000,1.341242599999532,30403.0,81.45,7997.12,19.37,-674.0,200.0,1.0,1.0,3.0,3707.0,-3003.7,2.0,-3000.0,1.0,-200.0,0.0,0.0,0.0,0.0,-3000.0,-650.0,-674.0,-200.1
velocity_-3000,1.351196900010109,30413.0,49.7,7965.37,19.38,-648.0,223.0,1.0,1.0,3.0,2262.0,-2949.7,2.0,-3000.0,1.0,-223.0,0.0,0.0,0.0,0.0,-3000.0,-677.0,-648.0,-223.0
velocity_-3000,1.3607415000151377,30423.0,33.4,7949.06,19.38,-677.0,218.0,1.0,1.0,3.0,1520.0,-2918.6,2.0,-3000.0,1.0,-218.0,0.0,0.0,0.0,0.0,-3000.0,-693.0,-677.0,-218.2
velocity_-3000,1.3716432000219356,30434.0,357.19,7912.85,19.4,-669.0,226.0,1.0,1.0,3.0,16256.0,-2897.4,2.0,-3000.0,1.0,-226.0,0.0,0.0,0.0,0.0,-3000.0,-705.0,-669.0,-226.9
velocity_-3000,1.3816250000090804,30444.0,324.05,7879.72,19.4,-654.0,221.0,1.0,1.0,3.0,14748.0,-2949.1,2.0,-3000.0,1.0,-221.0,0.0,0.0,0.0,0.0,-3000.0,-680.0,-654.0,-221.7
velocity_-3000,1.3916854000126477,30454.0,288.39,7844.06,19.37,-642.0,204.0,1.0,1.0,3.0,13125.0,-3045.1,2.0,-3000.0,1.0,-204.0,0.0,0.0,0.0,0.0,-3000.0,-632.0,-642.0,-204.8
velocity_-3000,1.401290700014215,30463.0,269.6,7825.27,19.4,-646.0,193.0,1.0,1.0,3.0,12270.0,-3084.9,2.0,-3000.0,1.0,-193.0,0.0,0.0,0.0,0.0,-3000.0,-612.0,-646.0,-193.5
velocity_-3000,1.4115577000193298,30474.0,231.02,7786.69,19.42,-644.0,202.0,1.0,1.0,3.0,10514.0,-3047.0,2.0,-3000.0,1.0,-202.0,0.0,0.0,0.0,0.0,-3000.0,-630.0,-644.0,-202.1
velocity_-3000,1.4216546000097878,30484.0,200.7,7756.36,19.37,-642.0,229.0,1.0,1.0,3.0,9134.0,-2932.8,2.0,-3000.0,1.0,-229.0,0.0,0.0,0.0,0.0,-3000.0,-687.0,-642.0,-229.5
velocity_-3000,1.431153900019126,30493.0,185.1,7740.76,19.37,-676.0,227.0,1.0,1.0,3.0,8424.0,-2883.6,2.0,-3000.0,1.0,-227.0,0.0,0.0,0.0,0.0,-3000.0,-713.0,-676.0,-227.1
velocity_-3000,1.4411859000101686,30503.0,147.94,7703.61,19.38,-682.0,223.0,1.0,1.0,3.0,6733.0,-2892.5,2.0,-3000.0,1.0,-223.0,0.0,0.0,0.0,0.0,-3000.0,-710.0,-682.0,-223.4
velocity_-3000,1.4512487000029068,30513.0,112.94,7668.6,19.38,-713.0,190.0,1.0,1.0,3.0,5140.0,-2983.4,2.0,-3000.0,1.0,-190.0,0.0,0.0,0.0,0.0,-3000.0,-665.0,-713.0,-190.9
velocity_-3000,1.4609051000152249,30523.0,94.28,7649.95,19.38,-663.0,200.0,1.0,1.0,3.0,4291.0,-3029.6,2.0,-3000.0,1.0,-200.0,0.0,0.0,0.0,0.0,-3000.0,-641.0,-663.0,-200.8
velocity_-3000,1.4708532000076957,30533.0,56.54,7612.2,19.38,-646.0,213.0,1.0,1.0,3.0,2573.0,-3001.9,2.0,-3000.0,1.0,-213.0,0.0,0.0,0.0,0.0,-3000.0,-655.0,-646.0,-213.8
velocity_-3000,1.4809832000173628,30543.0,25.55,7581.22,19.38,-678.0,215.0,1.0,1.0,3.0,1163.0,-2938.2,2.0,-3000.0,1.0,-215.0,0.0,0.0,0.0,0.0,-3000.0,-687.0,-678.0,-215.6
velocity_-3000,1.4920140000176616,30554.0,354.07,7549.73,19.38,-694.0,214.0,1.0,1.0,3.0,16114.0,-2916.4,2.0,-3000.0,1.0,-214.0,0.0,0.0,0.0,0.0,-3000.0,-699.0,-694.0,-214.8
velocity_-3000,1.501599700015504,30564.0,336.71,7532.37,19.38,-688.0,216.0,1.0,1.0,3.0,15324.0,-2923.7,2.0,-3000.0,1.0,-216.0,0.0,0.0,0.0,0.0,-3000.0,-696.0,-688.0,-216.1
velocity_-3000,1.5111885000078473,30573.0,294.59,7490.25,19.36,-715.0,186.0,1.0,1.0,3.0,13407.0,-3009.4,2.0,-3000.0,1.0,-186.0,0.0,0.0,0.0,0.0,-3000.0,-653.0,-715.0,-186.1
velocity_-3000,1.520836200012127,30583.0,274.97,7470.63,19.38,-666.0,191.0,1.0,1.0,3.0,12514.0,-3071.0,2.0,-3000.0,1.0,-191.0,0.0,0.0,0.0,0.0,-3000.0,-622.0,-666.0,-191.6
velocity_-3000,1.5308794000011403,30593.0,235.72,7431.39,19.38,-636.0,203.0,1.0,1.0,3.0,10728.0,-3064.3,2.0,-3000.0,1.0,-203.0,0.0,0.0,0.0,0.0,-3000.0,-625.0,-636.0,-203.7
velocity_-3000,1.540948700014269,30603.0,205.75,7401.42,19.35,-676.0,214.0,1.0,1.0,3.0,9364.0,-2945.6,2.0,-3000.0,1.0,-214.0,0.0,0.0,0.0,0.0,-3000.0,-684.0,-676.0,-215.0
velocity_-3000,1.5518420000153128,30614.0,175.85,7371.51,19.42,-710.0,217.0,1.0,1.0,3.0,8003.0,-2874.3,2.0,-3000.0,1.0,-217.0,0.0,0.0,0.0,0.0,-3000.0,-721.0,-710.0,-217.5
velocity_-3000,1.561403200001223,30623.0,159.59,7355.25,19.42,-739.0,210.0,1.0,1.0,3.0,7263.0,-2857.6,2.0,-3000.0,1.0,-210.0,0.0,0.0,0.0,0.0,-3000.0,-730.0,-739.0,-210.2
velocity_-3000,1.5713805000123102,30633.0,120.17,7315.83,19.7,-710.0,202.0,1.0,1.0,3.0,5469.0,-2932.3,2.0,-3000.0,1.0,-202.0,0.0,0.0,0.0,0.0,-3000.0,-694.0,-710.0,-202.8
velocity_-3000,1.5816256000252906,30643.0,85.32,7280.98,19.38,-668.0,208.0,1.0,1.0,3.0,3883.0,-2999.2,2.0,-3000.0,1.0,-208.0,0.0,0.0,0.0,0.0,-3000.0,-661.0,-668.0,-208.2
velocity_-3000,1.5910490000096615,30653.0,68.03,7263.69,19.38,-646.0,215.0,1.0,1.0,3.0,3096.0,-3004.3,2.0,-3000.0,1.0,-215.0,0.0,0.0,0.0,0.0,-3000.0,-658.0,-646.0,-215.6
velocity_-3000,1.6010383000248112,30663.0,32.34,7228.01,19.37,-677.0,218.0,1.0,1.0,3.0,1472.0,-2938.6,2.0,-3000.0,1.0,-218.0,0.0,0.0,0.0,0.0,-3000.0,-692.0,-677.0,-218.3
velocity_-3000,1.6115452000231016,30674.0,359.8,7195.47,19.38,-693.0,220.0,1.0,1.0,3.0,16375.0,-2905.0,2.0,-3000.0,1.0,-220.0,0.0,0.0,0.0,0.0,-3000.0,-710.0,-693.0,-220.4
velocity_-3000,1.621646800020244,30684.0,329.22,7164.88,19.38,-740.0,192.0,1.0,1.0,3.0,14983.0,-2945.2,2.0,-3000.0,1.0,-192.0,0.0,0.0,0.0,0.0,-3000.0,-690.0,-740.0,-193.0
velocity_-3000,1.6311697000055574,30693.0,310.34,7146.01,19.38,-722.0,189.0,1.0,1.0,3.0,14124.0,-2993.5,2.0,-3000.0,1.0,-189.0,0.0,0.0,0.0,0.0,-3000.0,-666.0,-722.0,-189.6
velocity_-3000,1.6411889000155497,30703.0,268.62,7104.28,19.4,-636.0,204.0,1.0,1.0,3.0,12225.0,-3077.1,2.0,-3000.0,1.0,-204.0,0.0,0.0,0.0,0.0,-3000.0,-624.0,-636.0,-204.5
velocity_-3000,1.6512939000094775,30713.0,234.84,7070.51,19.38,-634.0,207.0,1.0,1.0,3.0,10688.0,-3065.4,2.0,-3000.0,1.0,-207.0,0.0,0.0,0.0,0.0,-3000.0,-629.0,-634.0,-207.3
velocity_-3000,1.6608916000113823,30723.0,219.57,7055.24,19.38,-633.0,224.0,1.0,1.0,3.0,9993.0,-2990.7,2.0,-3000.0,1.0,-224.0,0.0,0.0,0.0,0.0,-3000.0,-666.0,-633.0,-224.3
velocity_-3000,1.6709831000189297,30733.0,185.01,7020.67,19.36,-758.0,196.0,1.0,1.0,3.0,8420.0,-2897.9,2.0,-3000.0,1.0,-196.0,0.0,0.0,0.0,0.0,-3000.0,-713.0,-758.0,-196.2
velocity_-3000,1.6810390000173356,30743.0,153.26,6988.92,19.38,-762.0,198.0,1.0,1.0,3.0,6975.0,-2883.6,2.0,-3000.0,1.0,-198.0,0.0,0.0,0.0,0.0,-3000.0,-722.0,-762.0,-198.7
velocity_-3000,1.6920645000063814,30754.0,118.59,6954.25,19.37,-720.0,198.0,1.0,1.0,3.0,5397.0,-2964.0,2.0,-3000.0,1.0,-198.0,0.0,0.0,0.0,0.0,-3000.0,-682.0,-720.0,-198.1
velocity_-3000,1.7016225999977905,30764.0,99.43,6935.09,19.37,-653.0,212.0,1.0,1.0,3.0,4525.0,-3019.6,2.0,-3000.0,1.0,-212.0,0.0,0.0,0.0,0.0,-3000.0,-654.0,-653.0,-212.4
velocity_-3000,1.7110632000258192,30773.0,59.92,6895.58,19.38,-653.0,212.0,1.0,1.0,3.0,2727.0,-3013.6,2.0,-3000.0,1.0,-212.0,0.0,0.0,0.0,0.0,-3000.0,-657.0,-653.0,-212.9
velocity_-3000,1.7220505000150297,30784.0,29.18,6864.84,19.38,-677.0,220.0,1.0,1.0,3.0,1328.0,-2938.1,2.0,-3000.0,1.0,-220.0,0.0,0.0,0.0,0.0,-3000.0,-695.0,-677.0,-220.5
velocity_-3000,1.7308054000022821,30793.0,13.58,6849.24,19.38,-707.0,217.0,1.0,1.0,3.0,618.0,-2898.7,2.0,-3000.0,1.0,-217.0,0.0,0.0,0.0,0.0,-3000.0,-716.0,-707.0,-217.9
velocity_-3000,1.7407271999982186,30803.0,338.75,6814.42,19.37,-715.0,212.0,1.0,1.0,3.0,15417.0,-2916.1,2.0,-3000.0,1.0,-212.0,0.0,0.0,0.0,0.0,-3000.0,-708.0,-715.0,-212.0
velocity_-3000,1.7508755000017118,30813.0,303.29,6778.95,19.38,-675.0,207.0,1.0,1.0,3.0,13803.0,-3004.7,2.0,-3000.0,1.0,-207.0,0.0,0.0,0.0,0.0,-3000.0,-664.0,-675.0,-207.8
velocity_-3000,1.7618342000059783,30824.0,266.57,6742.24,19.36,-608.0,210.0,1.0,1.0,3.0,12132.0,-3106.8,2.0,-3000.0,1.0,-210.0,0.0,0.0,0.0,0.0,-3000.0,-612.0,-608.0,-210.9
velocity_-3000,1.7714251000143122,30833.0,248.03,6723.69,19.36,-620.0,202.0,1.0,1.0,3.0,11288.0,-3118.4,2.0,-3000.0,1.0,-202.0,0.0,0.0,0.0,0.0,-3000.0,-605.0,-620.0,-202.6
velocity_-3000,1.7813678000238724,30843.0,212.01,6687.68,19.35,-643.0,217.0,1.0,1.0,3.0,9649.0,-3013.5,2.0,-3000.0,1.0,-217.0,0.0,0.0,0.0,0.0,-3000.0,-657.0,-643.0,-217.0
velocity_-3000,1.7913974999974016,30853.0,182.09,6657.75,19.38,-723.0,207.0,1.0,1.0,3.0,8287.0,-2915.4,2.0,-3000.0,1.0,-207.0,0.0,0.0,0.0,0.0,-3000.0,-707.0,-723.0,-207.0
velocity_-3000,1.8010754999995697,30863.0,165.72,6641.38,19.35,-742.0,202.0,1.0,1.0,3.0,7542.0,-2904.9,2.0,-3000.0,1.0,-202.0,0.0,0.0,0.0,0.0,-3000.0,-713.0,-742.0,-202.8
velocity_-3000,1.8112695000017993,30873.0,126.32,6601.99,19.44,-656.0,224.0,1.0,1.0,3.0,5749.0,-2962.6,2.0,-3000.0,1.0,-224.0,0.0,0.0,0.0,0.0,-3000.0,-685.0,-656.0,-224.1
velocity_-3000,1.8215635000087786,30883.0,90.2,6565.86,19.38,-641.0,212.0,1.0,1.0,3.0,4105.0,-3041.0,2.0,-3000.0,1.0,-212.0,0.0,0.0,0.0,0.0,-3000.0,-645.0,-641.0,-212.6
velocity_-3000,1.8309180000214837,30893.0,72.44,6548.11,19.38,-647.0,210.0,1.0,1.0,3.0,3297.0,-3039.5,2.0,-3000.0,1.0,-210.0,0.0,0.0,0.0,0.0,-3000.0,-646.0,-647.0,-210.3
velocity_-3000,1.8409185000055004,30903.0,36.08,6511.74,19.38,-680.0,212.0,1.0,1.0,3.0,1642.0,-2970.2,2.0,-3000.0,1.0,-212.0,0.0,0.0,0.0,0.0,-3000.0,-680.0,-680.0,-212.7
velocity_-3000,1.8513169000216294,30913.0,4.99,6480.65,19.38,-695.0,218.0,1.0,1.0,3.0,227.0,-2919.5,2.0,-3000.0,1.0,-218.0,0.0,0.0,0.0,0.0,-3000.0,-706.0,-695.0,-219.0
velocity_-3000,1.861916800000472,30924.0,332.2,6447.87,19.38,-730.0,199.0,1.0,1.0,3.0,15119.0,-2945.8,2.0,-3000.0,1.0,-199.0,0.0,0.0,0.0,0.0,-3000.0,-694.0,-730.0,-199.8
velocity_-3000,1.8716463000164367,30934.0,313.66,6429.32,19.37,-693.0,202.0,1.0,1.0,3.0,14275.0,-2997.5,2.0,-3000.0,1.0,-202.0,0.0,0.0,0.0,0.0,-3000.0,-668.0,-693.0,-203.0
velocity_-3000,1.8820091000234243,30944.0,271.89,6387.55,19.36,-616.0,212.0,1.0,1.0,3.0,12374.0,-3088.8,2.0,-3000.0,1.0,-212.0,0.0,0.0,0.0,0.0,-3000.0,-622.0,-616.0,-212.9
velocity_-3000,1.8918548000219744,30954.0,237.3,6352.97,19.4,-626.0,206.0,1.0,1.0,3.0,10800.0,-3091.7,2.0,-3000.0,1.0,-206.0,0.0,0.0,0.0,0.0,-3000.0,-619.0,-626.0,-206.4
velocity_-3000,1.9013926000043284,30963.0,221.53,6337.19,19.4,-640.0,217.0,1.0,1.0,3.0,10082.0,-3017.1,2.0,-3000.0,1.0,-217.0,0.0,0.0,0.0,0.0,-3000.0,-656.0,-640.0,-217.3
velocity_-3000,1.9114608000090811,30974.0,186.61,6302.28,19.38,-785.0,183.0,1.0,1.0,3.0,8493.0,-2914.1,2.0,-3000.0,1.0,-183.0,0.0,0.0,0.0,0.0,-3000.0,-709.0,-785.0,-183.3
velocity_-3000,1.9215728999988642,30984.0,154.91,6270.57,19.38,-738.0,209.0,1.0,1.0,3.0,7050.0,-2886.7,2.0,-3000.0,1.0,-209.0,0.0,0.0,0.0,0.0,-3000.0,-723.0,-738.0,-209.2
velocity_-3000,1.9311822000017855,30993.0,136.78,6252.44,19.38,-685.0,220.0,1.0,1.0,3.0,6225.0,-2933.7,2.0,-3000.0,1.0,-220.0,0.0,0.0,0.0,0.0,-3000.0,-700.0,-685.0,-220.6
velocity_-3000,1.9411844999995083,31003.0,96.0,6211.66,19.38,-632.0,220.0,1.0,1.0,3.0,4369.0,-3025.2,2.0,-3000.0,1.0,-220.0,0.0,0.0,0.0,0.0,-3000.0,-655.0,-632.0,-220.6
velocity_-3000,1.9514003000222147,31013.0,62.36,6178.02,19.38,-641.0,215.0,1.0,1.0,3.0,2838.0,-3027.0,2.0,-3000.0,1.0,-215.0,0.0,0.0,0.0,0.0,-3000.0,-653.0,-641.0,-216.0
velocity_-3000,1.960820700012846,31023.0,46.19,6161.85,19.38,-685.0,209.0,1.0,1.0,3.0,2102.0,-2979.2,2.0,-3000.0,1.0,-209.0,0.0,0.0,0.0,0.0,-3000.0,-678.0,-685.0,-209.4
velocity_-3000,1.9707842000061646,31033.0,10.13,6125.79,19.37,-729.0,206.0,1.0,1.0,3.0,461.0,-2920.3,2.0,-3000.0,1.0,-206.0,0.0,0.0,0.0,0.0,-3000.0,-708.0,-729.0,-206.1
velocity_-3000,1.9808557000069413,31043.0,337.19,6092.86,19.38,-690.0,217.0,1.0,1.0,3.0,15346.0,-2941.8,2.0,-3000.0,1.0,-217.0,0.0,0.0,0.0,0.0,-3000.0,-698.0,-690.0,-217.5
velocity_-3000,1.9918712000071537,31054.0,301.75,6057.42,19.32,-681.0,201.0,1.0,1.0,3.0,13733.0,-3029.8,2.0,-3000.0,1.0,-201.0,0.0,0.0,0.0,0.0,-3000.0,-654.0,-681.0,-201.9
velocity_-3000,2.0015264000103343,31064.0,282.13,6037.79,19.37,-614.0,212.0,1.0,1.0,3.0,12840.0,-3098.2,2.0,-3000.0,1.0,-212.0,0.0,0.0,0.0,0.0,-3000.0,-619.0,-614.0,-212.1
velocity_-3000,2.010988299996825,31073.0,240.1,5995.76,19.35,-629.0,198.0,1.0,1.0,3.0,10927.0,-3126.6,2.0,-3000.0,1.0,-198.0,0.0,0.0,0.0,0.0,-3000.0,-603.0,-629.0,-198.4
velocity_-3000,2.0210884000116494,31083.0,212.1,5967.77,19.37,-647.0,218.0,1.0,1.0,3.0,9653.0,-3003.4,2.0,-3000.0,1.0,-218.0,0.0,0.0,0.0,0.0,-3000.0,-664.0,-647.0,-218.5
velocity_-3000,2.032102199998917,31094.0,182.22,5937.88,19.38,-761.0,194.0,1.0,1.0,3.0,8293.0,-2909.3,2.0,-3000.0,1.0,-194.0,0.0,0.0,0.0,0.0,-3000.0,-712.0,-761.0,-194.6
velocity_-3000,2.0406734000134747,31103.0,165.54,5921.21,19.38,-726.0,211.0,1.0,1.0,3.0,7534.0,-2899.0,2.0,-3000.0,1.0,-211.0,0.0,0.0,0.0,0.0,-3000.0,-718.0,-726.0,-211.9
velocity_-3000,2.051921100006439,31114.0,129.29,5884.95,19.42,-688.0,214.0,1.0,1.0,3.0,5884.0,-2957.4,2.0,-3000.0,1.0,-214.0,0.0,0.0,0.0,0.0,-3000.0,-689.0,-688.0,-214.3
velocity_-3000,2.0614483000244945,31124.0,94.24,5849.91,19.38,-632.0,215.0,1.0,1.0,3.0,4289.0,-3049.0,2.0,-3000.0,1.0,-215.0,0.0,0.0,0.0,0.0,-3000.0,-643.0,-632.0,-215.7
velocity_-3000,2.0716530000208877,31134.0,60.91,5816.57,19.38,-640.0,213.0,1.0,1.0,3.0,2772.0,-3041.1,2.0,-3000.0,1.0,-213.0,0.0,0.0,0.0,0.0,-3000.0,-647.0,-640.0,-213.9
velocity_-3000,2.0811539000133052,31143.0,45.13,5800.8,19.37,-678.0,210.0,1.0,1.0,3.0,2054.0,-2990.4,2.0,-3000.0,1.0,-210.0,0.0,0.0,0.0,0.0,-3000.0,-672.0,-678.0,-210.3
velocity_-3000,2.0910717000078876,31153.0,9.32,5764.98,19.38,-704.0,214.0,1.0,1.0,3.0,424.0,-2928.8,2.0,-3000.0,1.0,-214.0,0.0,0.0,0.0,0.0,-3000.0,-704.0,-704.0,-214.3
velocity_-3000,2.1012426000088453,31163.0,336.09,5731.76,19.38,-716.0,205.0,1.0,1.0,3.0,15296.0,-2951.3,2.0,-3000.0,1.0,-205.0,0.0,0.0,0.0,0.0,-3000.0,-693.0,-716.0,-205.4
velocity_-3000,2.1111100999987684,31173.0,316.8,5712.47,19.38,-651.0,219.0,1.0,1.0,3.0,14418.0,-3005.9,2.0,-3000.0,1.0,-219.0,0.0,0.0,0.0,0.0,-3000.0,-666.0,-651.0,-219.1
velocity_-3000,2.121081100020092,31183.0,273.63,5669.29,19.38,-596.0,217.0,1.0,1.0,3.0,12453.0,-3106.6,2.0,-3000.0,1.0,-217.0,0.0,0.0,0.0,0.0,-3000.0,-614.0,-596.0,-217.3
velocity_-3000,2.131188800005475,31193.0,238.65,5634.31,19.37,-616.0,204.0,1.0,1.0,3.0,10861.0,-3122.5,2.0,-3000.0,1.0,-204.0,0.0,0.0,0.0,0.0,-3000.0,-605.0,-616.0,-204.5
velocity_-3000,2.140857899998082,31203.0,222.96,5618.62,19.36,-641.0,210.0,1.0,1.0,3.0,10147.0,-3050.2,2.0,-3000.0,1.0,-210.0,0.0,0.0,0.0,0.0,-3000.0,-641.0,-641.0,-210.6
velocity_-3000,2.150896900013322,31213.0,188.0,5583.66,19.35,-750.0,192.0,1.0,1.0,3.0,8556.0,-2940.9,2.0,-3000.0,1.0,-192.0,0.0,0.0,0.0,0.0,-3000.0,-696.0,-750.0,-192.5
velocity_-3000,2.160980400018161,31223.0,156.49,5552.15,19.38,-711.0,216.0,1.0,1.0,3.0,7122.0,-2905.6,2.0,-3000.0,1.0,-216.0,0.0,0.0,0.0,0.0,-3000.0,-714.0,-711.0,-216.3
velocity_-3000,2.17203650000738,31234.0,121.84,5517.5,19.4,-675.0,213.0,1.0,1.0,3.0,5545.0,-2982.2,2.0,-3000.0,1.0,-213.0,0.0,0.0,0.0,0.0,-3000.0,-677.0,-675.0,-213.3
velocity_-3000,2.181489700014936,31244.0,102.59,5498.25,19.4,-646.0,212.0,1.0,1.0,3.0,4669.0,-3036.6,2.0,-3000.0,1.0,-212.0,0.0,0.0,0.0,0.0,-3000.0,-649.0,-646.0,-212.3
velocity_-3000,2.191393800021615,31254.0,63.46,5459.12,19.37,-642.0,211.0,1.0,1.0,3.0,2888.0,-3045.8,2.0,-3000.0,1.0,-211.0,0.0,0.0,0.0,0.0,-3000.0,-644.0,-642.0,-211.2
velocity_-3000,2.2015184000192676,31264.0,32.76,5428.43,19.38,-665.0,219.0,1.0,1.0,3.0,1491.0,-2966.8,2.0,-3000.0,1.0,-219.0,0.0,0.0,0.0,0.0,-3000.0,-684.0,-665.0,-220.0
velocity_-3000,2.2113361000083387,31273.0,17.01,5412.67,19.38,-702.0,213.0,1.0,1.0,3.0,774.0,-2930.7,2.0,-3000.0,1.0,-213.0,0.0,0.0,0.0,0.0,-3000.0,-702.0,-702.0,-213.7
velocity_-3000,2.221303900005296,31283.0,338.55,5374.22,19.37,-697.0,214.0,1.0,1.0,3.0,15408.0,-2938.7,2.0,-3000.0,1.0,-214.0,0.0,0.0,0.0,0.0,-3000.0,-699.0,-697.0,-214.8
velocity_-3000,2.2314369000087027,31294.0,302.96,5338.62,19.38,-665.0,207.0,1.0,1.0,3.0,13788.0,-3024.7,2.0,-3000.0,1.0,-207.0,0.0,0.0,0.0,0.0,-3000.0,-656.0,-665.0,-207.9
velocity_-3000,2.241053900012048,31303.0,282.96,5318.63,19.38,-608.0,215.0,1.0,1.0,3.0,12878.0,-3091.8,2.0,-3000.0,1.0,-215.0,0.0,0.0,0.0,0.0,-3000.0,-622.0,-608.0,-215.1
velocity_-3000,2.2511249000090174,31313.0,241.9,5277.56,19.38,-594.0,211.0,1.0,1.0,3.0,11009.0,-3125.4,2.0,-3000.0,1.0,-211.0,0.0,0.0,0.0,0.0,-3000.0,-603.0,-594.0,-211.5
velocity_-3000,2.2610753000190016,31323.0,211.16,5246.82,19.38,-641.0,218.0,1.0,1.0,3.0,9610.0,-3009.1,2.0,-3000.0,1.0,-218.0,0.0,0.0,0.0,0.0,-3000.0,-661.0,-641.0,-218.6
velocity_-3000,2.270724700007122,31333.0,195.67,5231.33,19.38,-698.0,208.0,1.0,1.0,3.0,8905.0,-2952.4,2.0,-3000.0,1.0,-208.0,0.0,0.0,0.0,0.0,-3000.0,-690.0,-698.0,-209.0
velocity_-3000,2.2807297999970615,31343.0,159.79,5195.45,19.38,-735.0,205.0,1.0,1.0,3.0,7272.0,-2908.4,2.0,-3000.0,1.0,-205.0,0.0,0.0,0.0,0.0,-3000.0,-713.0,-735.0,-205.2
velocity_-3000,2.2907760000089183,31353.0,125.05,5160.71,19.38,-667.0,215.0,1.0,1.0,3.0,5691.0,-2983.4,2.0,-3000.0,1.0,-215.0,0.0,0.0,0.0,0.0,-3000.0,-676.0,-667.0,-216.0
velocity_-3000,2.3017703000223264,31364.0,89.54,5125.2,19.36,-635.0,211.0,1.0,1.0,3.0,4075.0,-3059.1,2.0,-3000.0,1.0,-211.0,0.0,0.0,0.0,0.0,-3000.0,-637.0,-635.0,-211.3
velocity_-3000,2.3106510000070557,31373.0,71.78,5107.45,19.36,-592.0,228.0,1.0,1.0,3.0,3267.0,-3056.4,2.0,-3000.0,1.0,-228.0,0.0,0.0,0.0,0.0,-3000.0,-638.0,-592.0,-228.9
velocity_-3000,2.3215794000134338,31384.0,37.24,5072.91,19.38,-666.0,215.0,1.0,1.0,3.0,1695.0,-2981.7,2.0,-3000.0,1.0,-215.0,0.0,0.0,0.0,0.0,-3000.0,-676.0,-666.0,-215.8
velocity_-3000,2.3313530000159517,31393.0,6.9,5042.56,19.38,-708.0,212.0,1.0,1.0,3.0,314.0,-2926.5,2.0,-3000.0,1.0,-212.0,0.0,0.0,0.0,0.0,-3000.0,-704.0,-708.0,-212.2
velocity_-3000,2.34141580000869,31404.0,334.07,5009.74,19.38,-703.0,209.0,1.0,1.0,3.0,15204.0,-2949.7,2.0,-3000.0,1.0,-209.0,0.0,0.0,0.0,0.0,-3000.0,-693.0,-703.0,-209.6
velocity_-3000,2.351083700021263,31413.0,315.35,4991.02,19.91,-668.0,205.0,1.0,1.0,3.0,14352.0,-3004.8,2.0,-3000.0,1.0,-205.0,0.0,0.0,0.0,0.0,-3000.0,-665.0,-668.0,-205.2
velocity_-3000,2.3610874000005424,31423.0,273.38,4949.05,19.38,-606.0,213.0,1.0,1.0,3.0,12442.0,-3102.2,2.0,-3000.0,1.0,-213.0,0.0,0.0,0.0,0.0,-3000.0,-616.0,-606.0,-213.5
velocity_-3000,2.371207600022899,31433.0,238.47,4914.13,19.37,-613.0,207.0,1.0,1.0,3.0,10853.0,-3111.6,2.0,-3000.0,1.0,-207.0,0.0,0.0,0.0,0.0,-3000.0,-610.0,-613.0,-207.5
velocity_-3000,2.380827600019984,31443.0,222.54,4898.2,19.37,-630.0,216.0,1.0,1.0,3.0,10128.0,-3037.2,2.0,-3000.0,1.0,-216.0,0.0,0.0,0.0,0.0,-3000.0,-647.0,-630.0,-217.0
velocity_-3000,2.3907995000190567,31453.0,187.62,4863.29,19.41,-750.0,194.0,1.0,1.0,3.0,8539.0,-2927.9,2.0,-3000.0,1.0,-194.0,0.0,0.0,0.0,0.0,-3000.0,-702.0,-750.0,-194.0
velocity_-3000,2.4008718999975827,31463.0,156.31,4831.98,19.38,-720.0,214.0,1.0,1.0,3.0,7114.0,-2896.6,2.0,-3000.0,1.0,-214.0,0.0,0.0,0.0,0.0,-3000.0,-719.0,-720.0,-214.2
velocity_-3000,2.41082760001882,31473.0,138.16,4813.83,19.38,-695.0,213.0,1.0,1.0,3.0,6288.0,-2942.6,2.0,-3000.0,1.0,-213.0,0.0,0.0,0.0,0.0,-3000.0,-696.0,-695.0,-213.9
velocity_-3000,2.420831299998099,31483.0,95.98,4771.64,19.38,-600.0,229.0,1.0,1.0,3.0,4368.0,-3039.4,2.0,-3000.0,1.0,-229.0,0.0,0.0,0.0,0.0,-3000.0,-647.0,-600.0,-229.5
velocity_-3000,2.430933099996764,31493.0,62.27,4737.94,19.38,-634.0,214.0,1.0,1.0,3.0,2834.0,-3042.7,2.0,-3000.0,1.0,-214.0,0.0,0.0,0.0,0.0,-3000.0,-645.0,-634.0,-214.7
velocity_-3000,2.441939700016519,31504.0,31.0,4706.67,19.38,-676.0,213.0,1.0,1.0,3.0,1411.0,-2975.5,2.0,-3000.0,1.0,-213.0,0.0,0.0,0.0,0.0,-3000.0,-679.0,-676.0,-213.2
velocity_-3000,2.4520315999980085,31514.0,14.83,4690.5,19.38,-668.0,225.0,1.0,1.0,3.0,675.0,-2938.0,2.0,-3000.0,1.0,-225.0,0.0,0.0,0.0,0.0,-3000.0,-698.0,-668.0,-225.1
velocity_-3000,2.4619278000027407,31524.0,336.77,4652.44,19.38,-706.0,207.0,1.0,1.0,3.0,15327.0,-2952.3,2.0,-3000.0,1.0,-207.0,0.0,0.0,0.0,0.0,-3000.0,-692.0,-706.0,-207.7
velocity_-3000,2.4722223000135273,31534.0,301.33,4617.0,19.38,-663.0,205.0,1.0,1.0,3.0,13714.0,-3038.9,2.0,-3000.0,1.0,-205.0,0.0,0.0,0.0,0.0,-3000.0,-648.0,-663.0,-205.1
velocity_-3000,2.4814509999996517,31543.0,281.78,4597.44,19.42,-627.0,203.0,1.0,1.0,3.0,12824.0,-3104.6,2.0,-3000.0,1.0,-203.0,0.0,0.0,0.0,0.0,-3000.0,-615.0,-627.0,-203.6
velocity_-3000,2.4920227999973577,31553.0,241.04,4556.7,19.38,-618.0,201.0,1.0,1.0,3.0,10970.0,-3126.4,2.0,-3000.0,1.0,-201.0,0.0,0.0,0.0,0.0,-3000.0,-602.0,-618.0,-201.2
velocity_-3000,2.5013572000025306,31563.0,210.56,4526.23,19.42,-644.0,219.0,1.0,1.0,3.0,9583.0,-2999.0,2.0,-3000.0,1.0,-219.0,0.0,0.0,0.0,0.0,-3000.0,-666.0,-644.0,-219.1
velocity_-3000,2.5112923000124283,31573.0,194.96,4510.63,19.42,-751.0,190.0,1.0,1.0,3.0,8873.0,-2937.0,2.0,-3000.0,1.0,-190.0,0.0,0.0,0.0,0.0,-3000.0,-697.0,-751.0,-190.3
velocity_-3000,2.5215419000014663,31583.0,158.2,4473.87,19.4,-773.0,194.0,1.0,1.0,3.0,7200.0,-2886.9,2.0,-3000.0,1.0,-194.0,0.0,0.0,0.0,0.0,-3000.0,-723.0,-773.0,-194.3
velocity_-3000,2.531864700024016,31593.0,124.1,4439.77,19.36,-713.0,204.0,1.0,1.0,3.0,5648.0,-2951.4,2.0,-3000.0,1.0,-204.0,0.0,0.0,0.0,0.0,-3000.0,-692.0,-713.0,-205.0
velocity_-3000,2.541114200023003,31603.0,105.58,4421.24,19.38,-648.0,219.0,1.0,1.0,3.0,4805.0,-2999.5,2.0,-3000.0,1.0,-219.0,0.0,0.0,0.0,0.0,-3000.0,-668.0,-648.0,-219.3
velocity_-3000,2.5509458000015,31613.0,66.64,4382.31,19.38,-662.0,209.0,1.0,1.0,3.0,3033.0,-3016.4,2.0,-3000.0,1.0,-209.0,0.0,0.0,0.0,0.0,-3000.0,-659.0,-662.0,-209.5
velocity_-3000,2.5614608000032604,31623.0,35.66,4351.33,19.4,-699.0,211.0,1.0,1.0,3.0,1623.0,-2942.1,2.0,-3000.0,1.0,-211.0,0.0,0.0,0.0,0.0,-3000.0,-697.0,-699.0,-211.8
velocity_-3000,2.571998400002485,31634.0,4.75,4320.41,19.38,-703.0,220.0,1.0,1.0,3.0,216.0,-2898.7,2.0,-3000.0,1.0,-220.0,0.0,0.0,0.0,0.0,-3000.0,-719.0,-703.0,-220.8
velocity_-3000,2.581516400008695,31644.0,347.52,4303.18,19.38,-733.0,206.0,1.0,1.0,3.0,15816.0,-2911.0,2.0,-3000.0,1.0,-206.0,0.0,0.0,0.0,0.0,-3000.0,-714.0,-733.0,-206.7
velocity_-3000,2.591444000019692,31654.0,307.35,4263.02,19.38,-686.0,207.0,1.0,1.0,3.0,13988.0,-2989.9,2.0,-3000.0,1.0,-207.0,0.0,0.0,0.0,0.0,-3000.0,-675.0,-686.0,-207.8
velocity_-3000,2.6015152000181843,31664.0,270.79,4226.46,19.38,-621.0,208.0,1.0,1.0,3.0,12324.0,-3097.2,2.0,-3000.0,1.0,-208.0,0.0,0.0,0.0,0.0,-3000.0,-620.0,-621.0,-208.6
velocity_-3000,2.6115990999969654,31674.0,252.58,4208.24,19.38,-584.0,219.0,1.0,1.0,3.0,11495.0,-3110.4,2.0,-3000.0,1.0,-219.0,0.0,0.0,0.0,0.0,-3000.0,-613.0,-584.0,-220.0
velocity_-3000,2.621738000016194,31684.0,215.24,4170.91,19.37,-679.0,203.0,1.0,1.0,3.0,9796.0,-3015.1,2.0,-3000.0,1.0,-203.0,0.0,0.0,0.0,0.0,-3000.0,-660.0,-679.0,-203.1
velocity_-3000,2.6320666000247,31694.0,185.3,4140.96,19.38,-723.0,209.0,1.0,1.0,3.0,8433.0,-2912.0,2.0,-3000.0,1.0,-209.0,0.0,0.0,0.0,0.0,-3000.0,-712.0,-723.0,-209.4
velocity_-3000,2.6411290999967605,31703.0,168.4,4124.06,19.38,-731.0,208.0,1.0,1.0,3.0,7664.0,-2905.0,2.0,-3000.0,1.0,-208.0,0.0,0.0,0.0,0.0,-3000.0,-716.0,-731.0,-208.3
velocity_-3000,2.651109099999303,31713.0,129.27,4084.93,19.38,-644.0,231.0,1.0,1.0,3.0,5883.0,-2961.6,2.0,-3000.0,1.0,-231.0,0.0,0.0,0.0,0.0,-3000.0,-689.0,-644.0,-231.1
velocity_-3000,2.6611453000223264,31723.0,93.41,4049.07,19.38,-624.0,216.0,1.0,1.0,3.0,4251.0,-3059.1,2.0,-3000.0,1.0,-216.0,0.0,0.0,0.0,0.0,-3000.0,-640.0,-624.0,-216.4
velocity_-3000,2.6707514000008814,31733.0,75.89,4031.56,19.38,-642.0,209.0,1.0,1.0,3.0,3454.0,-3058.2,2.0,-3000.0,1.0,-209.0,0.0,0.0,0.0,0.0,-3000.0,-640.0,-642.0,-209.2
velocity_-3000,2.6807476000103634,31743.0,39.16,3994.82,19.38,-693.0,202.0,1.0,1.0,3.0,1782.0,-2994.9,2.0,-3000.0,1.0,-202.0,0.0,0.0,0.0,0.0,-3000.0,-671.0,-693.0,-202.9
velocity_-3000,2.690813100023661,31753.0,7.69,3963.35,19.38,-707.0,211.0,1.0,1.0,3.0,350.0,-2939.0,2.0,-3000.0,1.0,-211.0,0.0,0.0,0.0,0.0,-3000.0,-700.0,-707.0,-211.1
velocity_-3000,2.7018577000126243,31764.0,334.62,3930.29,19.38,-718.0,202.0,1.0,1.0,3.0,15229.0,-2961.2,2.0,-3000.0,1.0,-202.0,0.0,0.0,0.0,0.0,-3000.0,-689.0,-718.0,-202.3
velocity_-3000,2.711762600025395,31774.0,315.53,3911.19,19.38,-678.0,205.0,1.0,1.0,3.0,14360.0,-3013.9,2.0,-3000.0,1.0,-205.0,0.0,0.0,0.0,0.0,-3000.0,-663.0,-678.0,-206.0
velocity_-3000,2.720805000019027,31783.0,272.2,3867.86,19.38,-612.0,210.0,1.0,1.0,3.0,12388.0,-3108.4,2.0,-3000.0,1.0,-210.0,0.0,0.0,0.0,0.0,-3000.0,-614.0,-612.0,-210.2
velocity_-3000,2.7317961000080686,31794.0,237.7,3833.36,19.42,-627.0,201.0,1.0,1.0,3.0,10818.0,-3112.3,2.0,-3000.0,1.0,-201.0,0.0,0.0,0.0,0.0,-3000.0,-611.0,-627.0,-201.9
velocity_-3000,2.74148779999814,31804.0,222.3,3817.96,19.37,-620.0,222.0,1.0,1.0,3.0,10117.0,-3035.0,2.0,-3000.0,1.0,-222.0,0.0,0.0,0.0,0.0,-3000.0,-650.0,-620.0,-222.3
velocity_-3000,2.7514432000170927,31814.0,187.58,3783.25,19.38,-761.0,191.0,1.0,1.0,3.0,8537.0,-2926.4,2.0,-3000.0,1.0,-191.0,0.0,0.0,0.0,0.0,-3000.0,-705.0,-761.0,-191.0
velocity_-3000,2.761557100020582,31824.0,156.07,3751.74,19.38,-726.0,212.0,1.0,1.0,3.0,7103.0,-2898.0,2.0,-3000.0,1.0,-212.0,0.0,0.0,0.0,0.0,-3000.0,-720.0,-726.0,-212.3
velocity_-3000,2.771103700011736,31833.0,137.53,3733.19,19.38,-678.0,221.0,1.0,1.0,3.0,6259.0,-2945.7,2.0,-3000.0,1.0,-221.0,0.0,0.0,0.0,0.0,-3000.0,-696.0,-678.0,-221.2
velocity_-3000,2.7810637000075076,31843.0,96.17,3691.84,19.38,-611.0,224.0,1.0,1.0,3.0,4377.0,-3044.9,2.0,-3000.0,1.0,-224.0,0.0,0.0,0.0,0.0,-3000.0,-646.0,-611.0,-224.9
velocity_-3000,2.7912635000247974,31853.0,62.36,3658.02,19.38,-637.0,212.0,1.0,1.0,3.0,2838.0,-3050.2,2.0,-3000.0,1.0,-212.0,0.0,0.0,0.0,0.0,-3000.0,-643.0,-637.0,-212.7
velocity_-3000,2.800763100007316,31863.0,46.34,3642.0,19.42,-666.0,211.0,1.0,1.0,3.0,2109.0,-3003.0,2.0,-3000.0,1.0,-211.0,0.0,0.0,0.0,0.0,-3000.0,-667.0,-666.0,-211.6
velocity_-3000,2.811927900009323,31874.0,4.64,3600.3,19.38,-681.0,218.0,1.0,1.0,3.0,211.0,-2949.0,2.0,-3000.0,1.0,-218.0,0.0,0.0,0.0,0.0,-3000.0,-694.0,-681.0,-218.8
velocity_-3000,2.8218857000174467,31884.0,333.94,3569.6,19.38,-707.0,204.0,1.0,1.0,3.0,15198.0,-2969.6,2.0,-3000.0,1.0,-204.0,0.0,0.0,0.0,0.0,-3000.0,-684.0,-707.0,-204.6
velocity_-3000,2.8314149000216275,31894.0,314.74,3550.4,19.38,-681.0,202.0,1.0,1.0,3.0,14324.0,-3023.3,2.0,-3000.0,1.0,-202.0,0.0,0.0,0.0,0.0,-3000.0,-657.0,-681.0,-202.8
velocity_-3000,2.8413878999999724,31903.0,272.46,3508.13,19.38,-591.0,216.0,1.0,1.0,3.0,12400.0,-3119.1,2.0,-3000.0,1.0,-216.0,0.0,0.0,0.0,0.0,-3000.0,-608.0,-591.0,-216.4
velocity_-3000,2.8514165000233334,31914.0,237.83,3473.5,19.36,-606.0,207.0,1.0,1.0,3.0,10824.0,-3127.1,2.0,-3000.0,1.0,-207.0,0.0,0.0,0.0,0.0,-3000.0,-603.0,-606.0,-207.5
velocity_-3000,2.861076300003333,31923.0,222.41,3458.07,19.36,-605.0,224.0,1.0,1.0,3.0,10122.0,-3049.5,2.0,-3000.0,1.0,-224.0,0.0,0.0,0.0,0.0,-3000.0,-642.0,-605.0,-224.7
velocity_-3000,2.8710620000201743,31933.0,187.56,3423.22,19.4,-758.0,187.0,1.0,1.0,3.0,8536.0,-2942.0,2.0,-3000.0,1.0,-187.0,0.0,0.0,0.0,0.0,-3000.0,-696.0,-758.0,-187.9
velocity_-3000,2.8812674000218976,31943.0,155.87,3391.54,19.4,-743.0,201.0,1.0,1.0,3.0,7094.0,-2911.3,2.0,-3000.0,1.0,-201.0,0.0,0.0,0.0,0.0,-3000.0,-712.0,-743.0,-201.8
velocity_-3000,2.8908692999975756,31953.0,137.26,3372.93,19.4,-669.0,221.0,1.0,1.0,3.0,6247.0,-2956.3,2.0,-3000.0,1.0,-221.0,0.0,0.0,0.0,0.0,-3000.0,-690.0,-669.0,-221.6
velocity_-3000,2.90063290001126,31963.0,96.13,3331.79,19.4,-632.0,215.0,1.0,1.0,3.0,4375.0,-3045.7,2.0,-3000.0,1.0,-215.0,0.0,0.0,0.0,0.0,-3000.0,-645.0,-632.0,-215.4
velocity_-3000,2.9119293999974616,31974.0,59.66,3295.32,19.4,-632.0,217.0,1.0,1.0,3.0,2715.0,-3035.7,2.0,-3000.0,1.0,-217.0,0.0,0.0,0.0,0.0,-3000.0,-649.0,-632.0,-217.2
velocity_-3000,2.9206395000219345,31983.0,43.53,3279.19,19.37,-665.0,216.0,1.0,1.0,3.0,1981.0,-2983.8,2.0,-3000.0,1.0,-216.0,0.0,0.0,0.0,0.0,-3000.0,-675.0,-665.0,-216.3
velocity_-3000,2.9315557000227273,31994.0,10.15,3245.82,19.38,-701.0,215.0,1.0,1.0,3.0,462.0,-2926.7,2.0,-3000.0,1.0,-215.0,0.0,0.0,0.0,0.0,-3000.0,-704.0,-701.0,-215.2
velocity_-3000,2.941568600013852,32004.0,337.65,3213.32,19.42,-712.0,206.0,1.0,1.0,3.0,15367.0,-2946.9,2.0,-3000.0,1.0,-206.0,0.0,0.0,0.0,0.0,-3000.0,-695.0,-712.0,-206.3
velocity_-3000,2.9516361000132747,32014.0,302.04,3177.7,19.38,-683.0,199.0,1.0,1.0,3.0,13746.0,-3029.0,2.0,-3000.0,1.0,-199.0,0.0,0.0,0.0,0.0,-3000.0,-654.0,-683.0,-200.0
velocity_-3000,2.9613288000109605,32023.0,282.06,3157.73,19.38,-610.0,213.0,1.0,1.0,3.0,12837.0,-3094.3,2.0,-3000.0,1.0,-213.0,0.0,0.0,0.0,0.0,-3000.0,-621.0,-610.0,-213.8
velocity_-3000,2.9711176000128035,32033.0,241.35,3117.01,19.38,-624.0,200.0,1.0,1.0,3.0,10984.0,-3121.4,2.0,-3000.0,1.0,-200.0,0.0,0.0,0.0,0.0,-3000.0,-606.0,-624.0,-200.5
velocity_-3000,2.981657600001199,32043.0,210.87,3086.54,19.38,-647.0,218.0,1.0,1.0,3.0,9597.0,-3000.8,2.0,-3000.0,1.0,-218.0,0.0,0.0,0.0,0.0,-3000.0,-665.0,-647.0,-218.3
velocity_-3000,2.990865500003565,32053.0,195.47,3071.13,19.36,-702.0,210.0,1.0,1.0,3.0,8896.0,-2942.8,2.0,-3000.0,1.0,-210.0,0.0,0.0,0.0,0.0,-3000.0,-695.0,-702.0,-210.1
velocity_-3000,3.000868500006618,32063.0,159.68,3035.34,19.38,-744.0,204.0,1.0,1.0,3.0,7267.0,-2898.5,2.0,-3000.0,1.0,-204.0,0.0,0.0,0.0,0.0,-3000.0,-718.0,-744.0,-204.1
velocity_-3000,3.0121300000173505,32074.0,121.64,2997.31,19.37,-688.0,209.0,1.0,1.0,3.0,5536.0,-2977.1,2.0,-3000.0,1.0,-209.0,0.0,0.0,0.0,0.0,-3000.0,-679.0,-688.0,-209.2
velocity_-3000,3.0207718000165187,32083.0,104.85,2980.52,19.37,-621.0,222.0,1.0,1.0,3.0,4772.0,-3033.6,2.0,-3000.0,1.0,-222.0,0.0,0.0,0.0,0.0,-3000.0,-651.0,-621.0,-222.8
velocity_-3000,3.030711600003997,32093.0,65.19,2940.86,19.4,-642.0,208.0,1.0,1.0,3.0,2967.0,-3053.3,2.0,-3000.0,1.0,-208.0,0.0,0.0,0.0,0.0,-3000.0,-640.0,-642.0,-208.8
velocity_-3000,3.0407600000035018,32103.0,34.21,2909.88,19.38,-684.0,210.0,1.0,1.0,3.0,1557.0,-2973.9,2.0,-3000.0,1.0,-210.0,0.0,0.0,0.0,0.0,-3000.0,-680.0,-684.0,-210.1
velocity_-3000,3.0517139000003226,32114.0,3.14,2878.81,19.36,-673.0,226.0,1.0,1.0,3.0,143.0,-2926.1,2.0,-3000.0,1.0,-226.0,0.0,0.0,0.0,0.0,-3000.0,-705.0,-673.0,-226.5
velocity_-3000,3.061418400000548,32124.0,346.16,2861.82,19.37,-722.0,204.0,1.0,1.0,3.0,15754.0,-2936.4,2.0,-3000.0,1.0,-204.0,0.0,0.0,0.0,0.0,-3000.0,-700.0,-722.0,-204.9
velocity_-3000,3.0714130999986082,32134.0,305.57,2821.24,19.38,-669.0,208.0,1.0,1.0,3.0,13907.0,-3014.6,2.0,-3000.0,1.0,-208.0,0.0,0.0,0.0,0.0,-3000.0,-661.0,-669.0,-208.0
velocity_-3000,3.081526299996767,32144.0,268.53,2784.19,19.38,-600.0,211.0,1.0,1.0,3.0,12221.0,-3117.3,2.0,-3000.0,1.0,-211.0,0.0,0.0,0.0,0.0,-3000.0,-609.0,-600.0,-211.5
velocity_-3000,3.091087900014827,32153.0,249.81,2765.47,19.38,-616.0,201.0,1.0,1.0,3.0,11369.0,-3129.0,2.0,-3000.0,1.0,-201.0,0.0,0.0,0.0,0.0,-3000.0,-602.0,-616.0,-201.6
velocity_-3000,3.1010665000067092,32163.0,213.46,2729.13,19.4,-637.0,215.0,1.0,1.0,3.0,9715.0,-3027.2,2.0,-3000.0,1.0,-215.0,0.0,0.0,0.0,0.0,-3000.0,-652.0,-637.0,-216.0
velocity_-3000,3.110501800023485,32173.0,197.78,2713.44,19.38,-695.0,205.0,1.0,1.0,3.0,9001.0,-2971.5,2.0,-3000.0,1.0,-205.0,0.0,0.0,0.0,0.0,-3000.0,-680.0,-695.0,-205.8
velocity_-3000,3.1214220999972895,32184.0,159.9,2675.56,19.38,-718.0,209.0,1.0,1.0,3.0,7277.0,-2916.3,2.0,-3000.0,1.0,-209.0,0.0,0.0,0.0,0.0,-3000.0,-709.0,-718.0,-209.8
velocity_-3000,3.1313954000070225,32194.0,125.79,2641.46,19.37,-668.0,215.0,1.0,1.0,3.0,5725.0,-2984.7,2.0,-3000.0,1.0,-215.0,0.0,0.0,0.0,0.0,-3000.0,-675.0,-668.0,-215.0
velocity_-3000,3.141506500018295,32204.0,90.07,2605.73,19.38,-622.0,215.0,1.0,1.0,3.0,4099.0,-3059.9,2.0,-3000.0,1.0,-215.0,0.0,0.0,0.0,0.0,-3000.0,-637.0,-622.0,-215.9
velocity_-3000,3.1510780000244267,32213.0,72.29,2587.95,19.38,-630.0,213.0,1.0,1.0,3.0,3290.0,-3055.0,2.0,-3000.0,1.0,-213.0,0.0,0.0,0.0,0.0,-3000.0,-639.0,-630.0,-213.1
velocity_-3000,3.1610587000031956,32223.0,35.86,2551.52,19.38,-661.0,216.0,1.0,1.0,3.0,1632.0,-2984.6,2.0,-3000.0,1.0,-216.0,0.0,0.0,0.0,0.0,-3000.0,-674.0,-661.0,-216.7
velocity_-3000,3.171095500001684,32233.0,4.55,2520.21,19.38,-688.0,217.0,1.0,1.0,3.0,207.0,-2934.0,2.0,-3000.0,1.0,-217.0,0.0,0.0,0.0,0.0,-3000.0,-700.0,-688.0,-217.9
velocity_-3000,3.180745800025761,32243.0,347.5,2503.16,19.32,-705.0,210.0,1.0,1.0,3.0,15815.0,-2943.5,2.0,-3000.0,1.0,-210.0,0.0,0.0,0.0,0.0,-3000.0,-695.0,-705.0,-210.5
velocity_-3000,3.1907513000187464,32253.0,307.16,2462.82,19.38,-664.0,209.0,1.0,1.0,3.0,13979.0,-3017.1,2.0,-3000.0,1.0,-209.0,0.0,0.0,0.0,0.0,-3000.0,-659.0,-664.0,-209.3
velocity_-3000,3.2009080999996513,32263.0,270.04,2425.71,19.38,-623.0,202.0,1.0,1.0,3.0,12290.0,-3117.0,2.0,-3000.0,1.0,-202.0,0.0,0.0,0.0,0.0,-3000.0,-608.0,-623.0,-202.4
velocity_-3000,3.2121997000067495,32274.0,235.5,2391.17,19.38,-634.0,198.0,1.0,1.0,3.0,10718.0,-3106.9,2.0,-3000.0,1.0,-198.0,0.0,0.0,0.0,0.0,-3000.0,-611.0,-634.0,-198.9
velocity_-3000,3.220878599997377,32283.0,221.77,2377.43,19.38,-609.0,226.0,1.0,1.0,3.0,10093.0,-3029.4,2.0,-3000.0,1.0,-226.0,0.0,0.0,0.0,0.0,-3000.0,-650.0,-609.0,-226.1
velocity_-3000,3.230863300006604,32293.0,186.83,2342.5,19.42,-743.0,196.0,1.0,1.0,3.0,8503.0,-2923.9,2.0,-3000.0,1.0,-196.0,0.0,0.0,0.0,0.0,-3000.0,-703.0,-743.0,-196.6
velocity_-3000,3.2409348000073805,32303.0,155.28,2310.95,19.42,-701.0,219.0,1.0,1.0,3.0,7067.0,-2900.0,2.0,-3000.0,1.0,-219.0,0.0,0.0,0.0,0.0,-3000.0,-716.0,-701.0,-219.7
velocity_-3000,3.2519936000171583,32314.0,120.48,2276.14,19.38,-677.0,211.0,1.0,1.0,3.0,5483.0,-2984.4,2.0,-3000.0,1.0,-211.0,0.0,0.0,0.0,0.0,-3000.0,-675.0,-677.0,-211.1
velocity_-3000,3.260730500012869,32323.0,101.38,2257.05,19.4,-632.0,215.0,1.0,1.0,3.0,4614.0,-3042.7,2.0,-3000.0,1.0,-215.0,0.0,0.0,0.0,0.0,-3000.0,-645.0,-632.0,-215.1
velocity_-3000,3.270694100006949,32333.0,65.04,2220.7,19.38,-623.0,216.0,1.0,1.0,3.0,2960.0,-3051.8,2.0,-3000.0,1.0,-216.0,0.0,0.0,0.0,0.0,-3000.0,-640.0,-623.0,-216.3
velocity_-3000,3.2807693000067957,32343.0,33.9,2189.57,19.37,-675.0,213.0,1.0,1.0,3.0,1543.0,-2973.5,2.0,-3000.0,1.0,-213.0,0.0,0.0,0.0,0.0,-3000.0,-679.0,-675.0,-213.2
velocity_-3000,3.2917465000064112,32354.0,2.7,2158.37,19.42,-686.0,219.0,1.0,1.0,3.0,123.0,-2928.0,2.0,-3000.0,1.0,-219.0,0.0,0.0,0.0,0.0,-3000.0,-703.0,-686.0,-219.2
velocity_-3000,3.3013137000089046,32363.0,345.41,2141.07,19.42,-719.0,204.0,1.0,1.0,3.0,15720.0,-2936.7,2.0,-3000.0,1.0,-204.0,0.0,0.0,0.0,0.0,-3000.0,-699.0,-719.0,-204.8
velocity_-3000,3.3107739000115544,32373.0,322.08,2117.74,19.38,-679.0,212.0,1.0,1.0,3.0,14658.0,-2975.8,2.0,-3000.0,1.0,-212.0,0.0,0.0,0.0,0.0,-3000.0,-679.0,-679.0,-212.6
velocity_-3000,3.3215172000054736,32384.0,274.24,2069.91,19.4,-587.0,223.0,1.0,1.0,3.0,12481.0,-3088.2,2.0,-3000.0,1.0,-223.0,0.0,0.0,0.0,0.0,-3000.0,-623.0,-587.0,-223.1
velocity_-3000,3.3318072000110988,32394.0,239.63,2035.3,19.38,-598.0,210.0,1.0,1.0,3.0,10906.0,-3117.7,2.0,-3000.0,1.0,-210.0,0.0,0.0,0.0,0.0,-3000.0,-607.0,-598.0,-210.8
velocity_-3000,3.341997400013497,32404.0,208.78,2004.45,19.38,-616.0,228.0,1.0,1.0,3.0,9502.0,-3008.5,2.0,-3000.0,1.0,-228.0,0.0,0.0,0.0,0.0,-3000.0,-661.0,-616.0,-228.1
velocity_-3000,3.351091100019403,32413.0,192.92,1988.58,19.38,-733.0,193.0,1.0,1.0,3.0,8780.0,-2953.3,2.0,-3000.0,1.0,-193.0,0.0,0.0,0.0,0.0,-3000.0,-689.0,-733.0,-193.8
velocity_-3000,3.361413500009803,32423.0,156.42,1952.09,19.38,-760.0,192.0,1.0,1.0,3.0,7119.0,-2916.5,2.0,-3000.0,1.0,-192.0,0.0,0.0,0.0,0.0,-3000.0,-708.0,-760.0,-192.3
velocity_-3000,3.3715834000031464,32433.0,121.86,1917.52,19.38,-674.0,211.0,1.0,1.0,3.0,5546.0,-2986.2,2.0,-3000.0,1.0,-211.0,0.0,0.0,0.0,0.0,-3000.0,-673.0,-674.0,-211.6
velocity_-3000,3.3808526000066195,32443.0,103.03,1898.69,19.35,-647.0,210.0,1.0,1.0,3.0,4689.0,-3036.8,2.0,-3000.0,1.0,-210.0,0.0,0.0,0.0,0.0,-3000.0,-648.0,-647.0,-210.9
velocity_-3000,3.3908296000154223,32453.0,64.12,1859.78,19.4,-642.0,211.0,1.0,1.0,3.0,2918.0,-3039.1,2.0,-3000.0,1.0,-211.0,0.0,0.0,0.0,0.0,-3000.0,-646.0,-642.0,-211.2
velocity_-3000,3.400957300007576,32463.0,33.24,1828.91,19.38,-656.0,224.0,1.0,1.0,3.0,1513.0,-2957.0,2.0,-3000.0,1.0,-224.0,0.0,0.0,0.0,0.0,-3000.0,-688.0,-656.0,-224.3
velocity_-3000,3.4121275000215974,32474.0,1.89,1797.55,19.42,-667.0,229.0,1.0,1.0,3.0,86.0,-2917.1,2.0,-3000.0,1.0,-229.0,0.0,0.0,0.0,0.0,-3000.0,-709.0,-667.0,-229.3
velocity_-3000,3.4207235000212677,32483.0,346.88,1782.55,19.42,-709.0,210.0,1.0,1.0,3.0,15787.0,-2926.9,2.0,-3000.0,1.0,-210.0,0.0,0.0,0.0,0.0,-3000.0,-704.0,-709.0,-211.0
velocity_-3000,3.4307574999984354,32493.0,306.21,1741.88,19.4,-672.0,207.0,1.0,1.0,3.0,13936.0,-3008.3,2.0,-3000.0,1.0,-207.0,0.0,0.0,0.0,0.0,-3000.0,-663.0,-672.0,-207.6
velocity_-3000,3.4408282000222243,32503.0,269.25,1704.92,19.38,-621.0,203.0,1.0,1.0,3.0,12254.0,-3116.1,2.0,-3000.0,1.0,-203.0,0.0,0.0,0.0,0.0,-3000.0,-609.0,-621.0,-203.1
velocity_-3000,3.4518893000204116,32514.0,235.11,1670.77,19.38,-594.0,214.0,1.0,1.0,3.0,10700.0,-3107.6,2.0,-3000.0,1.0,-214.0,0.0,0.0,0.0,0.0,-3000.0,-611.0,-594.0,-214.7
velocity_-3000,3.461480700003449,32524.0,219.7,1655.37,19.37,-615.0,223.0,1.0,1.0,3.0,9999.0,-3030.2,2.0,-3000.0,1.0,-223.0,0.0,0.0,0.0,0.0,-3000.0,-650.0,-615.0,-223.4
velocity_-3000,3.4717998999985866,32534.0,184.97,1620.63,19.42,-755.0,189.0,1.0,1.0,3.0,8418.0,-2930.0,2.0,-3000.0,1.0,-189.0,0.0,0.0,0.0,0.0,-3000.0,-701.0,-755.0,-190.0
velocity_-3000,3.481636600015918,32544.0,153.15,1588.81,19.55,-732.0,203.0,1.0,1.0,3.0,6970.0,-2908.8,2.0,-3000.0,1.0,-203.0,0.0,0.0,0.0,0.0,-3000.0,-712.0,-732.0,-203.4
velocity_-3000,3.4913082999992184,32553.0,134.58,1570.25,19.55,-696.0,208.0,1.0,1.0,3.0,6125.0,-2954.2,2.0,-3000.0,1.0,-208.0,0.0,0.0,0.0,0.0,-3000.0,-690.0,-696.0,-208.2
velocity_-3000,3.501052300009178,32563.0,93.71,1529.38,19.38,-631.0,217.0,1.0,1.0,3.0,4265.0,-3034.5,2.0,-3000.0,1.0,-217.0,0.0,0.0,0.0,0.0,-3000.0,-649.0,-631.0,-217.4
velocity_-3000,3.5107828000036534,32573.0,76.38,1512.04,19.38,-632.0,217.0,1.0,1.0,3.0,3476.0,-3029.6,2.0,-3000.0,1.0,-217.0,0.0,0.0,0.0,0.0,-3000.0,-652.0,-632.0,-217.7
velocity_-3000,3.5220092000090517,32584.0,37.66,1473.33,19.37,-678.0,213.0,1.0,1.0,3.0,1714.0,-2970.5,2.0,-3000.0,1.0,-213.0,0.0,0.0,0.0,0.0,-3000.0,-681.0,-678.0,-213.2
velocity_-3000,3.53135140001541,32594.0,6.83,1442.5,19.42,-698.0,215.0,1.0,1.0,3.0,311.0,-2923.2,2.0,-3000.0,1.0,-215.0,0.0,0.0,0.0,0.0,-3000.0,-706.0,-698.0,-215.8
velocity_-3000,3.541765400004806,32604.0,333.61,1409.28,19.37,-727.0,199.0,1.0,1.0,3.0,15183.0,-2951.2,2.0,-3000.0,1.0,-199.0,0.0,0.0,0.0,0.0,-3000.0,-692.0,-727.0,-199.2
velocity_-3000,3.5510391000134405,32613.0,314.47,1390.14,19.37,-688.0,202.0,1.0,1.0,3.0,14312.0,-3006.5,2.0,-3000.0,1.0,-202.0,0.0,0.0,0.0,0.0,-3000.0,-665.0,-688.0,-202.8
velocity_-3000,3.561375200020848,32623.0,272.26,1347.93,19.38,-593.0,218.0,1.0,1.0,3.0,12391.0,-3102.2,2.0,-3000.0,1.0,-218.0,0.0,0.0,0.0,0.0,-3000.0,-616.0,-593.0,-218.3
velocity_-3000,3.571237399999518,32633.0,237.46,1313.12,19.35,-635.0,198.0,1.0,1.0,3.0,10807.0,-3111.5,2.0,-3000.0,1.0,-198.0,0.0,0.0,0.0,0.0,-3000.0,-610.0,-635.0,-198.3
velocity_-3000,3.580776600021636,32643.0,221.92,1297.59,19.38,-622.0,220.0,1.0,1.0,3.0,10100.0,-3036.5,2.0,-3000.0,1.0,-220.0,0.0,0.0,0.0,0.0,-3000.0,-647.0,-622.0,-220.1
velocity_-3000,3.5910356000240427,32653.0,187.05,1262.72,19.36,-758.0,189.0,1.0,1.0,3.0,8513.0,-2933.0,2.0,-3000.0,1.0,-189.0,0.0,0.0,0.0,0.0,-3000.0,-699.0,-758.0,-189.5
velocity_-3000,3.6009650000196416,32663.0,155.26,1230.92,19.42,-728.0,207.0,1.0,1.0,3.0,7066.0,-2906.5,2.0,-3000.0,1.0,-207.0,0.0,0.0,0.0,0.0,-3000.0,-714.0,-728.0,-207.7
velocity_-3000,3.612790800019866,32674.0,120.21,1195.88,19.38,-707.0,199.0,1.0,1.0,3.0,5471.0,-2985.2,2.0,-3000.0,1.0,-199.0,0.0,0.0,0.0,0.0,-3000.0,-675.0,-707.0,-199.2
velocity_-3000,3.6208240000123624,32683.0,103.4,1179.07,19.38,-638.0,213.0,1.0,1.0,3.0,4706.0,-3041.2,2.0,-3000.0,1.0,-213.0,0.0,0.0,0.0,0.0,-3000.0,-646.0,-638.0,-214.0
velocity_-3000,3.63076720002573,32693.0,64.03,1139.69,19.38,-651.0,206.0,1.0,1.0,3.0,2914.0,-3049.3,2.0,-3000.0,1.0,-206.0,0.0,0.0,0.0,0.0,-3000.0,-642.0,-651.0,-206.1
velocity_-3000,3.6408640000154264,32703.0,33.18,1108.84,19.38,-684.0,211.0,1.0,1.0,3.0,1510.0,-2967.7,2.0,-3000.0,1.0,-211.0,0.0,0.0,0.0,0.0,-3000.0,-683.0,-684.0,-211.5
velocity_-3000,3.652304700022796,32714.0,2.15,1077.82,19.37,-661.0,231.0,1.0,1.0,3.0,98.0,-2923.0,2.0,-3000.0,1.0,-231.0,0.0,0.0,0.0,0.0,-3000.0,-706.0,-661.0,-231.8
velocity_-3000,3.661664000013843,32724.0,345.23,1060.9,19.36,-726.0,204.0,1.0,1.0,3.0,15712.0,-2932.3,2.0,-3000.0,1.0,-204.0,0.0,0.0,0.0,0.0,-3000.0,-702.0,-726.0,-204.1
velocity_-3000,3.6717669000208843,32734.0,304.54,1020.21,19.38,-690.0,199.0,1.0,1.0,3.0,13860.0,-3013.8,2.0,-3000.0,1.0,-199.0,0.0,0.0,0.0,0.0,-3000.0,-661.0,-690.0,-199.9
velocity_-3000,3.6817305000149645,32744.0,267.45,983.12,19.4,-605.0,209.0,1.0,1.0,3.0,12172.0,-3117.2,2.0,-3000.0,1.0,-209.0,0.0,0.0,0.0,0.0,-3000.0,-608.0,-605.0,-209.7
velocity_-3000,3.6911143000179436,32753.0,248.77,964.44,19.4,-628.0,197.0,1.0,1.0,3.0,11322.0,-3127.2,2.0,-3000.0,1.0,-197.0,0.0,0.0,0.0,0.0,-3000.0,-602.0,-628.0,-197.1
velocity_-3000,3.7015039999969304,32763.0,212.67,928.34,19.35,-640.0,216.0,1.0,1.0,3.0,9679.0,-3020.6,2.0,-3000.0,1.0,-216.0,0.0,0.0,0.0,0.0,-3000.0,-655.0,-640.0,-216.6
velocity_-3000,3.7107704000081867,32773.0,197.14,912.8,19.38,-674.0,216.0,1.0,1.0,3.0,8972.0,-2962.1,2.0,-3000.0,1.0,-216.0,0.0,0.0,0.0,0.0,-3000.0,-684.0,-674.0,-216.4
velocity_-3000,3.721885700011626,32784.0,159.24,874.9,19.38,-739.0,201.0,1.0,1.0,3.0,7247.0,-2916.2,2.0,-3000.0,1.0,-201.0,0.0,0.0,0.0,0.0,-3000.0,-708.0,-739.0,-201.7
velocity_-3000,3.7314279999991413,32794.0,124.91,840.58,19.38,-653.0,219.0,1.0,1.0,3.0,5685.0,-2992.6,2.0,-3000.0,1.0,-219.0,0.0,0.0,0.0,0.0,-3000.0,-671.0,-653.0,-219.4
velocity_-3000,3.7418491000134964,32804.0,89.03,804.7,19.38,-650.0,202.0,1.0,1.0,3.0,4052.0,-3069.1,2.0,-3000.0,1.0,-202.0,0.0,0.0,0.0,0.0,-3000.0,-632.0,-650.0,-202.5
velocity_-3000,3.7514328000252135,32813.0,71.21,786.88,19.38,-634.0,209.0,1.0,1.0,3.0,3241.0,-3066.2,2.0,-3000.0,1.0,-209.0,0.0,0.0,0.0,0.0,-3000.0,-633.0,-634.0,-209.1
velocity_-3000,3.761005300009856,32823.0,34.83,750.49,19.4,-652.0,218.0,1.0,1.0,3.0,1585.0,-2990.5,2.0,-3000.0,1.0,-218.0,0.0,0.0,0.0,0.0,-3000.0,-670.0,-652.0,-218.8
velocity_-3000,3.771027900016634,32833.0,3.43,719.09,19.38,-684.0,218.0,1.0,1.0,3.0,156.0,-2941.4,2.0,-3000.0,1.0,-218.0,0.0,0.0,0.0,0.0,-3000.0,-696.0,-684.0,-218.0
velocity_-3000,3.780679900024552,32843.0,346.46,702.13,19.37,-701.0,210.0,1.0,1.0,3.0,15768.0,-2948.4,2.0,-3000.0,1.0,-210.0,0.0,0.0,0.0,0.0,-3000.0,-692.0,-701.0,-210.4
velocity_-3000,3.791198400023859,32853.0,306.1,661.77,19.38,-660.0,209.0,1.0,1.0,3.0,13931.0,-3023.7,2.0,-3000.0,1.0,-209.0,0.0,0.0,0.0,0.0,-3000.0,-655.0,-660.0,-209.7
velocity_-3000,3.801303700020071,32863.0,269.01,624.68,19.38,-612.0,204.0,1.0,1.0,3.0,12243.0,-3125.4,2.0,-3000.0,1.0,-204.0,0.0,0.0,0.0,0.0,-3000.0,-603.0,-612.0,-204.7
velocity_-3000,3.81213679999928,32874.0,234.49,590.16,19.42,-591.0,214.0,1.0,1.0,3.0,10672.0,-3113.6,2.0,-3000.0,1.0,-214.0,0.0,0.0,0.0,0.0,-3000.0,-607.0,-591.0,-214.2
velocity_-3000,3.8207554000255186,32883.0,220.89,576.56,19.42,-621.0,219.0,1.0,1.0,3.0,10053.0,-3034.2,2.0,-3000.0,1.0,-219.0,0.0,0.0,0.0,0.0,-3000.0,-647.0,-621.0,-219.6
velocity_-3000,3.83178430001135,32894.0,185.82,541.49,19.4,-722.0,202.0,1.0,1.0,3.0,8457.0,-2933.9,2.0,-3000.0,1.0,-202.0,0.0,0.0,0.0,0.0,-3000.0,-697.0,-722.0,-202.8
velocity_-3000,3.8415859000233468,32904.0,154.86,510.53,19.38,-742.0,201.0,1.0,1.0,3.0,7048.0,-2908.1,2.0,-3000.0,1.0,-201.0,0.0,0.0,0.0,0.0,-3000.0,-711.0,-742.0,-201.8
velocity_-3000,3.8517515000130516,32914.0,120.34,476.01,19.38,-697.0,203.0,1.0,1.0,3.0,5477.0,-2981.1,2.0,-3000.0,1.0,-203.0,0.0,0.0,0.0,0.0,-3000.0,-675.0,-697.0,-203.6
velocity_-3000,3.8610846000083257,32923.0,101.56,457.22,19.37,-647.0,211.0,1.0,1.0,3.0,4622.0,-3034.5,2.0,-3000.0,1.0,-211.0,0.0,0.0,0.0,0.0,-3000.0,-648.0,-647.0,-211.3
velocity_-3000,3.8713263000245206,32933.0,63.0,418.66,19.38,-638.0,214.0,1.0,1.0,3.0,2867.0,-3033.1,2.0,-3000.0,1.0,-214.0,0.0,0.0,0.0,0.0,-3000.0,-648.0,-638.0,-214.4
velocity_-3000,3.8819150000053924,32943.0,32.04,387.7,19.36,-650.0,227.0,1.0,1.0,3.0,1458.0,-2955.6,2.0,-3000.0,1.0,-227.0,0.0,0.0,0.0,0.0,-3000.0,-687.0,-650.0,-227.4
velocity_-3000,3.8906400999985635,32953.0,15.89,371.55,19.36,-712.0,210.0,1.0,1.0,3.0,723.0,-2920.0,2.0,-3000.0,1.0,-210.0,0.0,0.0,0.0,0.0,-3000.0,-706.0,-712.0,-210.9
velocity_-3000,3.9005774999968708,32963.0,338.09,333.76,19.4,-723.0,204.0,1.0,1.0,3.0,15387.0,-2932.8,2.0,-3000.0,1.0,-204.0,0.0,0.0,0.0,0.0,-3000.0,-700.0,-723.0,-204.2
velocity_-3000,3.9118963000073563,32974.0,299.49,295.15,19.38,-723.0,184.0,1.0,1.0,3.0,13630.0,-3018.6,2.0,-3000.0,1.0,-184.0,0.0,0.0,0.0,0.0,-3000.0,-657.0,-723.0,-184.5
velocity_-3000,3.9215342000243254,32984.0,279.43,275.09,19.4,-644.0,200.0,1.0,1.0,3.0,12717.0,-3088.8,2.0,-3000.0,1.0,-200.0,0.0,0.0,0.0,0.0,-3000.0,-622.0,-644.0,-200.2
velocity_-3000,3.931482000014512,32994.0,239.3,234.97,19.38,-599.0,213.0,1.0,1.0,3.0,10891.0,-3104.2,2.0,-3000.0,1.0,-213.0,0.0,0.0,0.0,0.0,-3000.0,-613.0,-599.0,-213.7
velocity_-3000,3.9415521000046283,33004.0,208.98,204.65,19.38,-658.0,216.0,1.0,1.0,3.0,9511.0,-2985.7,2.0,-3000.0,1.0,-216.0,0.0,0.0,0.0,0.0,-3000.0,-672.0,-658.0,-216.5
velocity_-3000,3.951047500013374,33013.0,193.34,189.0,19.38,-751.0,192.0,1.0,1.0,3.0,8799.0,-2928.5,2.0,-3000.0,1.0,-192.0,0.0,0.0,0.0,0.0,-3000.0,-701.0,-751.0,-192.6
velocity_-3000,3.9610317000187933,33023.0,157.5,153.16,19.42,-761.0,198.0,1.0,1.0,3.0,7168.0,-2888.4,2.0,-3000.0,1.0,-198.0,0.0,0.0,0.0,0.0,-3000.0,-722.0,-761.0,-198.3
velocity_-3000,3.9710702000011224,33033.0,123.22,118.89,19.38,-679.0,215.0,1.0,1.0,3.0,5608.0,-2960.3,2.0,-3000.0,1.0,-215.0,0.0,0.0,0.0,0.0,-3000.0,-687.0,-679.0,-215.8
velocity_-3000,3.980712000018684,33043.0,104.61,100.28,19.38,-644.0,218.0,1.0,1.0,3.0,4761.0,-3010.6,2.0,-3000.0,1.0,-218.0,0.0,0.0,0.0,0.0,-3000.0,-662.0,-644.0,-218.0
velocity_-3000,3.990669400023762,33053.0,65.57,61.23,19.37,-627.0,220.0,1.0,1.0,3.0,2984.0,-3026.9,2.0,-3000.0,1.0,-220.0,0.0,0.0,0.0,0.0,-3000.0,-653.0,-627.0,-220.8
velocity_-3000,4.0007353000110015,33063.0,34.45,30.12,19.4,-685.0,213.0,1.0,1.0,3.0,1568.0,-2956.0,2.0,-3000.0,1.0,-213.0,0.0,0.0,0.0,0.0,-3000.0,-689.0,-685.0,-213.2
